[RockPrecisionFixDiag] Record 4 on Kerbin: scatter on. Heights are distances from the centre of Kerbin, in metres
[RockPrecisionFixDiag]   quad 'Kerbin Zn1232222230': height 600176.922409 m, matrix 600176.922409 m, up 0.000 mm, across 0.000 mm
[RockPrecisionFixDiag]     holder 'Grass00': built, height 600176.922409 m, matrix 600176.922409 m, up 0.000 mm, across 0.000 mm
[RockPrecisionFixDiag]     holder 'Tree00': built, height 600176.922409 m, matrix 600176.922409 m, up 0.000 mm, across 0.000 mm
[RockPrecisionFixDiag]   quad 'Kerbin Zn1232222231': height 600177.362851 m, matrix 600177.362851 m, up 0.000 mm, across 0.000 mm
[RockPrecisionFixDiag]     holder 'Grass00': built, height 600177.362851 m, matrix 600177.337382 m, up -25.469 mm, across 18.108 mm
[RockPrecisionFixDiag]     holder 'Tree00': built, height 600177.362851 m, matrix 600177.337382 m, up -25.469 mm, across 18.108 mm
[RockPrecisionFixDiag]   quad 'Kerbin Zn1232222232': height 600186.626230 m, matrix 600186.626230 m, up 0.000 mm, across 0.000 mm
[RockPrecisionFixDiag]     holder 'Grass00': built, height 600186.626230 m, matrix 600186.626230 m, up 0.000 mm, across 0.000 mm
[RockPrecisionFixDiag]     holder 'Tree00': built, height 600186.626230 m, matrix 600186.626230 m, up 0.000 mm, across 0.000 mm
[RockPrecisionFixDiag]   quad 'Kerbin Zn1232222233': height 600173.714738 m, matrix 600173.714738 m, up 0.000 mm, across 0.000 mm
[RockPrecisionFixDiag]     holder 'Grass00': built, height 600173.714738 m, matrix 600173.758315 m, up +43.577 mm, across 7.361 mm
[RockPrecisionFixDiag]     holder 'Tree00': built, height 600173.714738 m, matrix 600173.758315 m, up +43.577 mm, across 7.361 mm
[RockPrecisionFixDiag]   quad 'Kerbin Zn1232222300': height 600211.066699 m, matrix 600211.066699 m, up 0.000 mm, across 0.000 mm
[RockPrecisionFixDiag]     holder 'Grass00': built, height 600211.066699 m, matrix 600211.066699 m, up 0.000 mm, across 0.000 mm
[RockPrecisionFixDiag]     holder 'Tree00': built, height 600211.066699 m, matrix 600211.066699 m, up 0.000 mm, across 0.000 mm
[RockPrecisionFixDiag]   quad 'Kerbin Zn1232222302': height 600210.845107 m, matrix 600210.845107 m, up 0.000 mm, across 0.000 mm
[RockPrecisionFixDiag]     holder 'Grass00': built, height 600210.845107 m, matrix 600210.819606 m, up -25.502 mm, across 18.062 mm
[RockPrecisionFixDiag]     holder 'Tree00': built, height 600210.845107 m, matrix 600210.819606 m, up -25.502 mm, across 18.062 mm
[RockPrecisionFixDiag]   quad 'Kerbin Zn1232222320': height 600203.302010 m, matrix 600203.302010 m, up 0.000 mm, across 0.000 mm
[RockPrecisionFixDiag]     holder 'Grass00': built, height 600203.302010 m, matrix 600203.294569 m, up -7.441 mm, across 43.563 mm
[RockPrecisionFixDiag]     holder 'Tree00': built, height 600203.302010 m, matrix 600203.294569 m, up -7.441 mm, across 43.563 mm
[RockPrecisionFixDiag]   quad 'Kerbin Zn1232222322': height 600241.058483 m, matrix 600241.058483 m, up 0.000 mm, across 0.000 mm
[RockPrecisionFixDiag]     holder 'Grass00': built, height 600241.058483 m, matrix 600241.076544 m, up +18.061 mm, across 25.502 mm
[RockPrecisionFixDiag]     holder 'Tree00': built, height 600241.058483 m, matrix 600241.076544 m, up +18.061 mm, across 25.502 mm
[RockPrecisionFixDiag]   quad 'Kerbin Zn3010000000': height 600249.664546 m, matrix 600249.664546 m, up 0.000 mm, across 0.000 mm
[RockPrecisionFixDiag]     holder 'Grass00': built, height 600249.664546 m, matrix 600249.664546 m, up 0.000 mm, across 0.000 mm
[RockPrecisionFixDiag]     holder 'Tree00': built, height 600249.664546 m, matrix 600249.664546 m, up 0.000 mm, across 0.000 mm
[RockPrecisionFixDiag]   quad 'Kerbin Zn3010000001': height 600248.265887 m, matrix 600248.265887 m, up 0.000 mm, across 0.000 mm
[RockPrecisionFixDiag]     holder 'Grass00': built, height 600248.265887 m, matrix 600248.247686 m, up -18.201 mm, across 25.402 mm
[RockPrecisionFixDiag]     holder 'Tree00': built, height 600248.265887 m, matrix 600248.247686 m, up -18.201 mm, across 25.402 mm
[RockPrecisionFixDiag]   quad 'Kerbin Zn3010000002': height 600219.512331 m, matrix 600219.512331 m, up 0.000 mm, across 0.000 mm
[RockPrecisionFixDiag]     holder 'Grass00': built, height 600219.512331 m, matrix 600219.512331 m, up 0.000 mm, across 0.000 mm
[RockPrecisionFixDiag]     holder 'Tree00': built, height 600219.512331 m, matrix 600219.512331 m, up 0.000 mm, across 0.000 mm
[RockPrecisionFixDiag]   quad 'Kerbin Zn3010000003': height 600238.502531 m, matrix 600238.502531 m, up 0.000 mm, across 0.000 mm
[RockPrecisionFixDiag]     holder 'Grass00': built, height 600238.502531 m, matrix 600238.484330 m, up -18.201 mm, across 25.402 mm
[RockPrecisionFixDiag]     holder 'Tree00': built, height 600238.502531 m, matrix 600238.484330 m, up -18.201 mm, across 25.402 mm
[RockPrecisionFixDiag]   quad 'Kerbin Zn3010000010': height 600189.652306 m, matrix 600189.652306 m, up 0.000 mm, across 0.000 mm
[RockPrecisionFixDiag]     holder 'Grass00': built, height 600189.652306 m, matrix 600189.670461 m, up +18.155 mm, across 25.436 mm
[RockPrecisionFixDiag]     holder 'Tree00': built, height 600189.652306 m, matrix 600189.670461 m, up +18.155 mm, across 25.436 mm
[RockPrecisionFixDiag]   quad 'Kerbin Zn3010000011': height 600220.755227 m, matrix 600220.755227 m, up 0.000 mm, across 0.000 mm
[RockPrecisionFixDiag]     holder 'Grass00': built, height 600220.755227 m, matrix 600220.737119 m, up -18.108 mm, across 25.469 mm
[RockPrecisionFixDiag]     holder 'Tree00': built, height 600220.755227 m, matrix 600220.737119 m, up -18.108 mm, across 25.469 mm
[RockPrecisionFixDiag]   quad 'Kerbin Zn3010000012': height 600273.375664 m, matrix 600273.375664 m, up 0.000 mm, across 0.000 mm
[RockPrecisionFixDiag]     holder 'Grass00': built, height 600273.375664 m, matrix 600273.411973 m, up +36.309 mm, across 50.871 mm
[RockPrecisionFixDiag]     holder 'Tree00': built, height 600273.375664 m, matrix 600273.411973 m, up +36.309 mm, across 50.871 mm
[RockPrecisionFixDiag]   quad 'Kerbin Zn3010000013': height 600242.647262 m, matrix 600242.647262 m, up 0.000 mm, across 0.000 mm
[RockPrecisionFixDiag]     holder 'Grass00': built, height 600242.647262 m, matrix 600242.647262 m, up 0.000 mm, across 0.000 mm
[RockPrecisionFixDiag]     holder 'Tree00': built, height 600242.647262 m, matrix 600242.647262 m, up 0.000 mm, across 0.000 mm
[RockPrecisionFixDiag]   quad 'Kerbin Zn3010000020': height 600242.336617 m, matrix 600242.336617 m, up 0.000 mm, across 0.000 mm
[RockPrecisionFixDiag]     holder 'Grass00': built, height 600242.336617 m, matrix 600242.336617 m, up 0.000 mm, across 0.000 mm
[RockPrecisionFixDiag]     holder 'Tree00': built, height 600242.336617 m, matrix 600242.336617 m, up 0.000 mm, across 0.000 mm
[RockPrecisionFixDiag]   quad 'Kerbin Zn3010000021': height 600225.903194 m, matrix 600225.903194 m, up 0.000 mm, across 0.000 mm
[RockPrecisionFixDiag]     holder 'Grass00': built, height 600225.903194 m, matrix 600225.903194 m, up 0.000 mm, across 0.000 mm
[RockPrecisionFixDiag]     holder 'Tree00': built, height 600225.903194 m, matrix 600225.903194 m, up 0.000 mm, across 0.000 mm
[RockPrecisionFixDiag]   quad 'Kerbin Zn3010000022': height 600288.807122 m, matrix 600288.807122 m, up 0.000 mm, across 0.000 mm
[RockPrecisionFixDiag]     holder 'Grass00': built, height 600288.807122 m, matrix 600288.807122 m, up 0.000 mm, across 0.000 mm
[RockPrecisionFixDiag]     holder 'Tree00': built, height 600288.807122 m, matrix 600288.807122 m, up 0.000 mm, across 0.000 mm
[RockPrecisionFixDiag]   quad 'Kerbin Zn3010000023': height 600244.699738 m, matrix 600244.699738 m, up 0.000 mm, across 0.000 mm
[RockPrecisionFixDiag]     holder 'Grass00': built, height 600244.699738 m, matrix 600244.699738 m, up 0.000 mm, across 0.000 mm
[RockPrecisionFixDiag]     holder 'Tree00': built, height 600244.699738 m, matrix 600244.699738 m, up 0.000 mm, across 0.000 mm
[RockPrecisionFixDiag]   quad 'Kerbin Zn3010000030': height 600256.881925 m, matrix 600256.881925 m, up 0.000 mm, across 0.000 mm
[RockPrecisionFixDiag]     holder 'Grass00': built, height 600256.881925 m, matrix 600256.943670 m, up +61.744 mm, across 32.718 mm
[RockPrecisionFixDiag]     holder 'Tree00': built, height 600256.881925 m, matrix 600256.943670 m, up +61.744 mm, across 32.718 mm
[RockPrecisionFixDiag]   quad 'Kerbin Zn3010000031': height 600280.067087 m, matrix 600280.067087 m, up 0.000 mm, across 0.000 mm
[RockPrecisionFixDiag]     holder 'Grass00': built, height 600280.067087 m, matrix 600280.041619 m, up -25.469 mm, across 18.108 mm
[RockPrecisionFixDiag]     holder 'Tree00': built, height 600280.067087 m, matrix 600280.041619 m, up -25.469 mm, across 18.108 mm
[RockPrecisionFixDiag]   quad 'Kerbin Zn3010000032': height 600248.677299 m, matrix 600248.677299 m, up 0.000 mm, across 0.000 mm
[RockPrecisionFixDiag]     holder 'Grass00': built, height 600248.677299 m, matrix 600248.677299 m, up 0.000 mm, across 0.000 mm
[RockPrecisionFixDiag]     holder 'Tree00': built, height 600248.677299 m, matrix 600248.677299 m, up 0.000 mm, across 0.000 mm
[RockPrecisionFixDiag]   quad 'Kerbin Zn3010000033': height 600313.757592 m, matrix 600313.757592 m, up 0.000 mm, across 0.000 mm
[RockPrecisionFixDiag]     holder 'Grass00': built, height 600313.757592 m, matrix 600313.783060 m, up +25.468 mm, across 18.109 mm
[RockPrecisionFixDiag]     holder 'Tree00': built, height 600313.757592 m, matrix 600313.783060 m, up +25.468 mm, across 18.109 mm
[RockPrecisionFixDiag]   quad 'Kerbin Zn3010000100': height 600253.787619 m, matrix 600253.787619 m, up 0.000 mm, across 0.000 mm
[RockPrecisionFixDiag]     holder 'Grass00': built, height 600253.787619 m, matrix 600253.787619 m, up 0.000 mm, across 0.000 mm
[RockPrecisionFixDiag]     holder 'Tree00': built, height 600253.787619 m, matrix 600253.787619 m, up 0.000 mm, across 0.000 mm
[RockPrecisionFixDiag]   quad 'Kerbin Zn3010000101': height 600259.994104 m, matrix 600259.994104 m, up 0.000 mm, across 0.000 mm
[RockPrecisionFixDiag]     holder 'Grass00': built, height 600259.994104 m, matrix 600259.994104 m, up 0.000 mm, across 0.000 mm
[RockPrecisionFixDiag]     holder 'Tree00': built, height 600259.994104 m, matrix 600259.994104 m, up 0.000 mm, across 0.000 mm
[RockPrecisionFixDiag]   quad 'Kerbin Zn3010000102': height 600230.762194 m, matrix 600230.762194 m, up 0.000 mm, across 0.000 mm
[RockPrecisionFixDiag]     holder 'Grass00': built, height 600230.762194 m, matrix 600230.762194 m, up 0.000 mm, across 0.000 mm
[RockPrecisionFixDiag]     holder 'Tree00': built, height 600230.762194 m, matrix 600230.762194 m, up 0.000 mm, across 0.000 mm
[RockPrecisionFixDiag]   quad 'Kerbin Zn3010000103': height 600230.075033 m, matrix 600230.075033 m, up 0.000 mm, across 0.000 mm
[RockPrecisionFixDiag]     holder 'Grass00': built, height 600230.075033 m, matrix 600230.093048 m, up +18.015 mm, across 25.535 mm
[RockPrecisionFixDiag]     holder 'Tree00': built, height 600230.075033 m, matrix 600230.093048 m, up +18.015 mm, across 25.535 mm
[RockPrecisionFixDiag]   quad 'Kerbin Zn3010000112': height 600227.200548 m, matrix 600227.200548 m, up 0.000 mm, across 0.000 mm
[RockPrecisionFixDiag]     holder 'Grass00': built, height 600227.200548 m, matrix 600227.244084 m, up +43.536 mm, across 7.601 mm
[RockPrecisionFixDiag]     holder 'Tree00': built, height 600227.200548 m, matrix 600227.244084 m, up +43.536 mm, across 7.601 mm
[RockPrecisionFixDiag]   quad 'Kerbin Zn3010000120': height 600226.600503 m, matrix 600226.600503 m, up 0.000 mm, across 0.000 mm
[RockPrecisionFixDiag]     holder 'Grass00': built, height 600226.600503 m, matrix 600226.582442 m, up -18.061 mm, across 25.502 mm
[RockPrecisionFixDiag]     holder 'Tree00': built, height 600226.600503 m, matrix 600226.582442 m, up -18.061 mm, across 25.502 mm
[RockPrecisionFixDiag]   quad 'Kerbin Zn3010000121': height 600217.255905 m, matrix 600217.255905 m, up 0.000 mm, across 0.000 mm
[RockPrecisionFixDiag]     holder 'Grass00': built, height 600217.255905 m, matrix 600217.273919 m, up +18.014 mm, across 25.535 mm
[RockPrecisionFixDiag]     holder 'Tree00': built, height 600217.255905 m, matrix 600217.273919 m, up +18.014 mm, across 25.535 mm
[RockPrecisionFixDiag]   quad 'Kerbin Zn3010000122': height 600239.541055 m, matrix 600239.541055 m, up 0.000 mm, across 0.000 mm
[RockPrecisionFixDiag]     holder 'Grass00': built, height 600239.541055 m, matrix 600239.541055 m, up 0.000 mm, across 0.000 mm
[RockPrecisionFixDiag]     holder 'Tree00': built, height 600239.541055 m, matrix 600239.541055 m, up 0.000 mm, across 0.000 mm
[RockPrecisionFixDiag]   quad 'Kerbin Zn3010000123': height 600203.339336 m, matrix 600203.339336 m, up 0.000 mm, across 0.000 mm
[RockPrecisionFixDiag]     holder 'Grass00': built, height 600203.339336 m, matrix 600203.339336 m, up 0.000 mm, across 0.000 mm
[RockPrecisionFixDiag]     holder 'Tree00': built, height 600203.339336 m, matrix 600203.339336 m, up 0.000 mm, across 0.000 mm
[RockPrecisionFixDiag]   quad 'Kerbin Zn3010000130': height 600190.701363 m, matrix 600190.701363 m, up 0.000 mm, across 0.000 mm
[RockPrecisionFixDiag]     holder 'Grass00': built, height 600190.701363 m, matrix 600190.657828 m, up -43.535 mm, across 7.603 mm
[RockPrecisionFixDiag]     holder 'Tree00': built, height 600190.701363 m, matrix 600190.657828 m, up -43.535 mm, across 7.603 mm
[RockPrecisionFixDiag]   quad 'Kerbin Zn3010000131': height 600164.339721 m, matrix 600164.339721 m, up 0.000 mm, across 0.000 mm
[RockPrecisionFixDiag]     holder 'Grass00': built, height 600164.339721 m, matrix 600164.357642 m, up +17.921 mm, across 25.601 mm
[RockPrecisionFixDiag]     holder 'Tree00': built, height 600164.339721 m, matrix 600164.357642 m, up +17.921 mm, across 25.601 mm
[RockPrecisionFixDiag]   quad 'Kerbin Zn3010000132': height 600212.420865 m, matrix 600212.420865 m, up 0.000 mm, across 0.000 mm
[RockPrecisionFixDiag]     holder 'Grass00': built, height 600212.420865 m, matrix 600212.402898 m, up -17.967 mm, across 25.568 mm
[RockPrecisionFixDiag]     holder 'Tree00': built, height 600212.420865 m, matrix 600212.402898 m, up -17.967 mm, across 25.568 mm
[RockPrecisionFixDiag]   quad 'Kerbin Zn3010000133': height 600126.846526 m, matrix 600126.846526 m, up 0.000 mm, across 0.000 mm
[RockPrecisionFixDiag]     holder 'Grass00': built, height 600126.846526 m, matrix 600126.864447 m, up +17.921 mm, across 25.601 mm
[RockPrecisionFixDiag]     holder 'Tree00': built, height 600126.846526 m, matrix 600126.864447 m, up +17.921 mm, across 25.601 mm
[RockPrecisionFixDiag]   quad 'Kerbin Zn3010000200': height 600249.037134 m, matrix 600249.037134 m, up 0.000 mm, across 0.000 mm
[RockPrecisionFixDiag]     holder 'Grass00': built, height 600249.037134 m, matrix 600249.037134 m, up 0.000 mm, across 0.000 mm
[RockPrecisionFixDiag]     holder 'Tree00': built, height 600249.037134 m, matrix 600249.037134 m, up 0.000 mm, across 0.000 mm
[RockPrecisionFixDiag]   quad 'Kerbin Zn3010000201': height 600253.932478 m, matrix 600253.932478 m, up 0.000 mm, across 0.000 mm
[RockPrecisionFixDiag]     holder 'Grass00': built, height 600253.932478 m, matrix 600253.932478 m, up 0.000 mm, across 0.000 mm
[RockPrecisionFixDiag]     holder 'Tree00': built, height 600253.932478 m, matrix 600253.932478 m, up 0.000 mm, across 0.000 mm
[RockPrecisionFixDiag]   quad 'Kerbin Zn3010000202': height 600240.726454 m, matrix 600240.726454 m, up 0.000 mm, across 0.000 mm
[RockPrecisionFixDiag]     holder 'Grass00': built, height 600240.726454 m, matrix 600240.708207 m, up -18.247 mm, across 25.370 mm
[RockPrecisionFixDiag]     holder 'Tree00': built, height 600240.726454 m, matrix 600240.708207 m, up -18.247 mm, across 25.370 mm
[RockPrecisionFixDiag]   quad 'Kerbin Zn3010000203': height 600237.259780 m, matrix 600237.259780 m, up 0.000 mm, across 0.000 mm
[RockPrecisionFixDiag]     holder 'Grass00': built, height 600237.259780 m, matrix 600237.277980 m, up +18.200 mm, across 25.403 mm
[RockPrecisionFixDiag]     holder 'Tree00': built, height 600237.259780 m, matrix 600237.277980 m, up +18.200 mm, across 25.403 mm
[RockPrecisionFixDiag]   quad 'Kerbin Zn3010000210': height 600271.343673 m, matrix 600271.343673 m, up 0.000 mm, across 0.000 mm
[RockPrecisionFixDiag]     holder 'Grass00': built, height 600271.343673 m, matrix 600271.343673 m, up 0.000 mm, across 0.000 mm
[RockPrecisionFixDiag]     holder 'Tree00': built, height 600271.343673 m, matrix 600271.343673 m, up 0.000 mm, across 0.000 mm
[RockPrecisionFixDiag]   quad 'Kerbin Zn3010000211': height 600331.741368 m, matrix 600331.741368 m, up 0.000 mm, across 0.000 mm
[RockPrecisionFixDiag]     holder 'Grass00': built, height 600331.741368 m, matrix 600331.741368 m, up 0.000 mm, across 0.000 mm
[RockPrecisionFixDiag]     holder 'Tree00': built, height 600331.741368 m, matrix 600331.741368 m, up 0.000 mm, across 0.000 mm
[RockPrecisionFixDiag]   quad 'Kerbin Zn3010000212': height 600278.918465 m, matrix 600278.918465 m, up 0.000 mm, across 0.000 mm
[RockPrecisionFixDiag]     holder 'Grass00': built, height 600278.918465 m, matrix 600278.936619 m, up +18.154 mm, across 25.436 mm
[RockPrecisionFixDiag]     holder 'Tree00': built, height 600278.918465 m, matrix 600278.936619 m, up +18.154 mm, across 25.436 mm
[RockPrecisionFixDiag]   quad 'Kerbin Zn3010000213': height 600292.300438 m, matrix 600292.300438 m, up 0.000 mm, across 0.000 mm
[RockPrecisionFixDiag]     holder 'Grass00': built, height 600292.300438 m, matrix 600292.264224 m, up -36.214 mm, across 50.939 mm
[RockPrecisionFixDiag]     holder 'Tree00': built, height 600292.300438 m, matrix 600292.264224 m, up -36.214 mm, across 50.939 mm
[RockPrecisionFixDiag]   quad 'Kerbin Zn3010000230': height 600239.611683 m, matrix 600239.611683 m, up 0.000 mm, across 0.000 mm
[RockPrecisionFixDiag]     holder 'Grass00': built, height 600239.611683 m, matrix 600239.647989 m, up +36.306 mm, across 50.873 mm
[RockPrecisionFixDiag]     holder 'Tree00': built, height 600239.611683 m, matrix 600239.647989 m, up +36.306 mm, across 50.873 mm
[RockPrecisionFixDiag]   quad 'Kerbin Zn3010000231': height 600273.777294 m, matrix 600273.777294 m, up 0.000 mm, across 0.000 mm
[RockPrecisionFixDiag]     holder 'Grass00': built, height 600273.777294 m, matrix 600273.777294 m, up 0.000 mm, across 0.000 mm
[RockPrecisionFixDiag]     holder 'Tree00': built, height 600273.777294 m, matrix 600273.777294 m, up 0.000 mm, across 0.000 mm
[RockPrecisionFixDiag]   quad 'Kerbin Zn3010000232': height 600245.867456 m, matrix 600245.867456 m, up 0.000 mm, across 0.000 mm
[RockPrecisionFixDiag]     holder 'Grass00': built, height 600245.867456 m, matrix 600245.831150 m, up -36.306 mm, across 50.874 mm
[RockPrecisionFixDiag]     holder 'Tree00': built, height 600245.867456 m, matrix 600245.831150 m, up -36.306 mm, across 50.874 mm
[RockPrecisionFixDiag]   quad 'Kerbin Zn3010000233': height 600281.458502 m, matrix 600281.458502 m, up 0.000 mm, across 0.000 mm
[RockPrecisionFixDiag]     holder 'Grass00': built, height 600281.458502 m, matrix 600281.433036 m, up -25.466 mm, across 18.112 mm
[RockPrecisionFixDiag]     holder 'Tree00': built, height 600281.458502 m, matrix 600281.433036 m, up -25.466 mm, across 18.112 mm
[RockPrecisionFixDiag]   quad 'Kerbin Zn3010000300': height 600251.499376 m, matrix 600251.499376 m, up 0.000 mm, across 0.000 mm
[RockPrecisionFixDiag]     holder 'Grass00': built, height 600251.499376 m, matrix 600251.463255 m, up -36.121 mm, across 51.005 mm
[RockPrecisionFixDiag]     holder 'Tree00': built, height 600251.499376 m, matrix 600251.463255 m, up -36.121 mm, across 51.005 mm
[RockPrecisionFixDiag]   quad 'Kerbin Zn3010000301': height 600205.237125 m, matrix 600205.237125 m, up 0.000 mm, across 0.000 mm
[RockPrecisionFixDiag]     holder 'Grass00': built, height 600205.237125 m, matrix 600205.255139 m, up +18.014 mm, across 25.535 mm
[RockPrecisionFixDiag]     holder 'Tree00': built, height 600205.237125 m, matrix 600205.255139 m, up +18.014 mm, across 25.535 mm
[RockPrecisionFixDiag]   quad 'Kerbin Zn3010000302': height 600253.001245 m, matrix 600253.001245 m, up 0.000 mm, across 0.000 mm
[RockPrecisionFixDiag]     holder 'Grass00': built, height 600253.001245 m, matrix 600252.975745 m, up -25.501 mm, across 18.063 mm
[RockPrecisionFixDiag]     holder 'Tree00': built, height 600253.001245 m, matrix 600252.975745 m, up -25.501 mm, across 18.063 mm
[RockPrecisionFixDiag]   quad 'Kerbin Zn3010000303': height 600185.539808 m, matrix 600185.539808 m, up 0.000 mm, across 0.000 mm
[RockPrecisionFixDiag]     holder 'Grass00': built, height 600185.539808 m, matrix 600185.503781 m, up -36.027 mm, across 51.071 mm
[RockPrecisionFixDiag]     holder 'Tree00': built, height 600185.539808 m, matrix 600185.503781 m, up -36.027 mm, across 51.071 mm
[RockPrecisionFixDiag]   quad 'Kerbin Zn3010000310': height 600205.605991 m, matrix 600205.605991 m, up 0.000 mm, across 0.000 mm
[RockPrecisionFixDiag]     holder 'Grass00': built, height 600205.605991 m, matrix 600205.623958 m, up +17.967 mm, across 25.568 mm
[RockPrecisionFixDiag]     holder 'Tree00': built, height 600205.605991 m, matrix 600205.623958 m, up +17.967 mm, across 25.568 mm
[RockPrecisionFixDiag]   quad 'Kerbin Zn3010000311': height 600080.134494 m, matrix 600080.134494 m, up 0.000 mm, across 0.000 mm
[RockPrecisionFixDiag]     holder 'Grass00': built, height 600080.134494 m, matrix 600080.152414 m, up +17.921 mm, across 25.601 mm
[RockPrecisionFixDiag]   quad 'Kerbin Zn3010000312': height 600141.473182 m, matrix 600141.473182 m, up 0.000 mm, across 0.000 mm
[RockPrecisionFixDiag]     holder 'Grass00': built, height 600141.473182 m, matrix 600141.455215 m, up -17.967 mm, across 25.569 mm
[RockPrecisionFixDiag]   quad 'Kerbin Zn3010000320': height 600226.032361 m, matrix 600226.032361 m, up 0.000 mm, across 0.000 mm
[RockPrecisionFixDiag]     holder 'Grass00': built, height 600226.032361 m, matrix 600226.014301 m, up -18.060 mm, across 25.503 mm
[RockPrecisionFixDiag]   quad 'Kerbin Zn3010000321': height 600207.469396 m, matrix 600207.469396 m, up 0.000 mm, across 0.000 mm
[RockPrecisionFixDiag]     holder 'Grass00': built, height 600207.469396 m, matrix 600207.469396 m, up 0.000 mm, across 0.000 mm
[RockPrecisionFixDiag]   quad 'Kerbin Zn3010000323': height 600194.847446 m, matrix 600194.847446 m, up 0.000 mm, across 0.000 mm
[RockPrecisionFixDiag]     holder 'Grass00': built, height 600194.847446 m, matrix 600194.821914 m, up -25.532 mm, across 18.018 mm
[RockPrecisionFixDiag]   quad 'Kerbin Zn3010000322': height 600203.859286 m, matrix 600203.859286 m, up 0.000 mm, across 0.000 mm
[RockPrecisionFixDiag]     holder 'Grass00': built, height 600203.859286 m, matrix 600203.841227 m, up -18.059 mm, across 25.503 mm
[RockPrecisionFixDiag]   quad 'Kerbin Zn3010000313': height 600041.750328 m, matrix 600041.750328 m, up 0.000 mm, across 0.000 mm
[RockPrecisionFixDiag]     holder 'boulder': built, height 600041.750328 m, matrix 600041.775927 m, up +25.599 mm, across 17.923 mm
[RockPrecisionFixDiag]   quad 'Kerbin Zn3010000330': height 599959.200830 m, matrix 599959.200830 m, up 0.000 mm, across 0.000 mm
[RockPrecisionFixDiag]     holder 'boulder': built, height 599959.200830 m, matrix 599959.200830 m, up 0.000 mm, across 0.000 mm
[RockPrecisionFixDiag]   quad 'Kerbin Zn3010001022': height 599978.084811 m, matrix 599978.084811 m, up 0.000 mm, across 0.000 mm
[RockPrecisionFixDiag]     holder 'boulder': built, height 599978.084811 m, matrix 599978.077053 m, up -7.759 mm, across 43.508 mm
[RockPrecisionFixDiag]   quad 'Kerbin Zn3010001200': height 599940.025912 m, matrix 599940.025912 m, up 0.000 mm, across 0.000 mm
[RockPrecisionFixDiag]     holder 'boulder': built, height 599940.025912 m, matrix 599939.990165 m, up -35.748 mm, across 51.268 mm
[RockPrecisionFixDiag]   rock 'Kerbin Zn3010000130' 'Grass00' #0 vertex 0: ground 600188.773517 m, vertex 600188.278356 m, -495.161 mm above the ground
[RockPrecisionFixDiag]   rock 'Kerbin Zn3010000130' 'Grass00' #0 vertex 1: ground 600188.663233 m, vertex 600188.278886 m, -384.347 mm above the ground
[RockPrecisionFixDiag]   rock 'Kerbin Zn3010000130' 'Grass00' #0 vertex 2: ground 600188.773563 m, vertex 600189.644579 m, +871.016 mm above the ground
[RockPrecisionFixDiag]   rock 'Kerbin Zn3010000130' 'Grass00' #0 vertex 3: ground 600188.663302 m, vertex 600189.645096 m, +981.794 mm above the ground
[RockPrecisionFixDiag]   rock 'Kerbin Zn3010000130' 'Grass00' #0 vertex 4: ground 600188.773517 m, vertex 600188.278356 m, -495.161 mm above the ground
[RockPrecisionFixDiag]   rock 'Kerbin Zn3010000130' 'Grass00' #0 vertex 5: ground 600188.663233 m, vertex 600188.278886 m, -384.347 mm above the ground
[RockPrecisionFixDiag]   rock 'Kerbin Zn3010000130' 'Grass00' #0 vertex 6: ground 600188.773563 m, vertex 600189.644579 m, +871.016 mm above the ground
[RockPrecisionFixDiag]   rock 'Kerbin Zn3010000130' 'Grass00' #0 vertex 7: ground 600188.663302 m, vertex 600189.645096 m, +981.794 mm above the ground
[RockPrecisionFixDiag]   rock 'Kerbin Zn3010000130' 'Grass00' #1 vertex 0: ground 600199.939012 m, vertex 600199.645023 m, -293.989 mm above the ground
[RockPrecisionFixDiag]   rock 'Kerbin Zn3010000130' 'Grass00' #1 vertex 1: ground 600199.818979 m, vertex 600199.645175 m, -173.803 mm above the ground
[RockPrecisionFixDiag]   rock 'Kerbin Zn3010000130' 'Grass00' #1 vertex 2: ground 600199.939015 m, vertex 600201.233609 m, +1294.594 mm above the ground
[RockPrecisionFixDiag]   rock 'Kerbin Zn3010000130' 'Grass00' #1 vertex 3: ground 600199.818970 m, vertex 600201.233767 m, +1414.797 mm above the ground
[RockPrecisionFixDiag]   rock 'Kerbin Zn3010000130' 'Grass00' #1 vertex 4: ground 600199.939012 m, vertex 600199.645023 m, -293.989 mm above the ground
[RockPrecisionFixDiag]   rock 'Kerbin Zn3010000130' 'Grass00' #1 vertex 5: ground 600199.818979 m, vertex 600199.645175 m, -173.803 mm above the ground
[RockPrecisionFixDiag]   rock 'Kerbin Zn3010000130' 'Grass00' #1 vertex 6: ground 600199.939015 m, vertex 600201.233609 m, +1294.594 mm above the ground
[RockPrecisionFixDiag]   rock 'Kerbin Zn3010000130' 'Grass00' #1 vertex 7: ground 600199.818970 m, vertex 600201.233767 m, +1414.797 mm above the ground
[RockPrecisionFixDiag]   rock 'Kerbin Zn3010000130' 'Grass00' #2 vertex 0: ground 600187.204945 m, vertex 600186.911386 m, -293.560 mm above the ground
[RockPrecisionFixDiag]   rock 'Kerbin Zn3010000130' 'Grass00' #2 vertex 1: ground 600187.185511 m, vertex 600186.912067 m, -273.444 mm above the ground
[RockPrecisionFixDiag]   rock 'Kerbin Zn3010000130' 'Grass00' #2 vertex 2: ground 600187.204976 m, vertex 600187.959332 m, +754.356 mm above the ground
[RockPrecisionFixDiag]   rock 'Kerbin Zn3010000130' 'Grass00' #2 vertex 3: ground 600187.185512 m, vertex 600187.960013 m, +774.502 mm above the ground
[RockPrecisionFixDiag]   rock 'Kerbin Zn3010000130' 'Grass00' #2 vertex 4: ground 600187.204945 m, vertex 600186.911386 m, -293.560 mm above the ground
[RockPrecisionFixDiag]   rock 'Kerbin Zn3010000130' 'Grass00' #2 vertex 5: ground 600187.185511 m, vertex 600186.912067 m, -273.444 mm above the ground
[RockPrecisionFixDiag]   rock 'Kerbin Zn3010000130' 'Grass00' #2 vertex 6: ground 600187.204976 m, vertex 600187.959332 m, +754.356 mm above the ground
[RockPrecisionFixDiag]   rock 'Kerbin Zn3010000130' 'Grass00' #2 vertex 7: ground 600187.185512 m, vertex 600187.960013 m, +774.502 mm above the ground
[RockPrecisionFixDiag]   rock 'Kerbin Zn3010000130' 'Grass00' #3 vertex 0: ground 600199.220877 m, vertex 600198.926977 m, -293.899 mm above the ground
[RockPrecisionFixDiag]   rock 'Kerbin Zn3010000130' 'Grass00' #3 vertex 1: ground 600199.177300 m, vertex 600198.928050 m, -249.250 mm above the ground
[RockPrecisionFixDiag]   rock 'Kerbin Zn3010000130' 'Grass00' #3 vertex 2: ground 600199.220915 m, vertex 600200.544185 m, +1323.270 mm above the ground
[RockPrecisionFixDiag]   rock 'Kerbin Zn3010000130' 'Grass00' #3 vertex 3: ground 600199.177355 m, vertex 600200.545270 m, +1367.915 mm above the ground
[RockPrecisionFixDiag]   rock 'Kerbin Zn3010000130' 'Grass00' #3 vertex 4: ground 600199.220877 m, vertex 600198.926977 m, -293.899 mm above the ground
[RockPrecisionFixDiag]   rock 'Kerbin Zn3010000130' 'Grass00' #3 vertex 5: ground 600199.177300 m, vertex 600198.928050 m, -249.250 mm above the ground
[RockPrecisionFixDiag]   rock 'Kerbin Zn3010000130' 'Grass00' #3 vertex 6: ground 600199.220915 m, vertex 600200.544185 m, +1323.270 mm above the ground
[RockPrecisionFixDiag]   rock 'Kerbin Zn3010000130' 'Grass00' #3 vertex 7: ground 600199.177355 m, vertex 600200.545270 m, +1367.915 mm above the ground
[RockPrecisionFixDiag]   rock 'Kerbin Zn3010000130' 'Grass00' #4 vertex 0: ground 600203.948851 m, vertex 600203.699841 m, -249.010 mm above the ground
[RockPrecisionFixDiag]   rock 'Kerbin Zn3010000130' 'Grass00' #4 vertex 1: ground 600203.936344 m, vertex 600203.699395 m, -236.949 mm above the ground
[RockPrecisionFixDiag]   rock 'Kerbin Zn3010000130' 'Grass00' #4 vertex 2: ground 600203.948863 m, vertex 600204.881424 m, +932.561 mm above the ground
[RockPrecisionFixDiag]   rock 'Kerbin Zn3010000130' 'Grass00' #4 vertex 3: ground 600203.936382 m, vertex 600204.880971 m, +944.589 mm above the ground
[RockPrecisionFixDiag]   rock 'Kerbin Zn3010000130' 'Grass00' #4 vertex 4: ground 600203.948851 m, vertex 600203.699841 m, -249.010 mm above the ground
[RockPrecisionFixDiag]   rock 'Kerbin Zn3010000130' 'Grass00' #4 vertex 5: ground 600203.936344 m, vertex 600203.699395 m, -236.949 mm above the ground
[RockPrecisionFixDiag]   rock 'Kerbin Zn3010000130' 'Grass00' #4 vertex 6: ground 600203.948863 m, vertex 600204.881424 m, +932.561 mm above the ground
[RockPrecisionFixDiag]   rock 'Kerbin Zn3010000130' 'Grass00' #4 vertex 7: ground 600203.936382 m, vertex 600204.880971 m, +944.589 mm above the ground
[RockPrecisionFixDiag]   rock 'Kerbin Zn3010000130' 'Grass00' #5 vertex 0: ground 600188.423657 m, vertex 600187.980299 m, -443.357 mm above the ground
[RockPrecisionFixDiag]   rock 'Kerbin Zn3010000130' 'Grass00' #5 vertex 1: ground 600188.424808 m, vertex 600187.980349 m, -444.459 mm above the ground
[RockPrecisionFixDiag]   rock 'Kerbin Zn3010000130' 'Grass00' #5 vertex 2: ground 600188.423639 m, vertex 600189.862508 m, +1438.869 mm above the ground
[RockPrecisionFixDiag]   rock 'Kerbin Zn3010000130' 'Grass00' #5 vertex 3: ground 600188.424793 m, vertex 600189.862560 m, +1437.767 mm above the ground
[RockPrecisionFixDiag]   rock 'Kerbin Zn3010000130' 'Grass00' #5 vertex 4: ground 600188.423657 m, vertex 600187.980299 m, -443.357 mm above the ground
[RockPrecisionFixDiag]   rock 'Kerbin Zn3010000130' 'Grass00' #5 vertex 5: ground 600188.424808 m, vertex 600187.980349 m, -444.459 mm above the ground
[RockPrecisionFixDiag]   rock 'Kerbin Zn3010000130' 'Grass00' #5 vertex 6: ground 600188.423639 m, vertex 600189.862508 m, +1438.869 mm above the ground
[RockPrecisionFixDiag]   rock 'Kerbin Zn3010000130' 'Grass00' #5 vertex 7: ground 600188.424793 m, vertex 600189.862560 m, +1437.767 mm above the ground
[RockPrecisionFixDiag]   rock 'Kerbin Zn3010000130' 'Grass00' #6 vertex 0: ground 600195.721187 m, vertex 600195.427468 m, -293.719 mm above the ground
[RockPrecisionFixDiag]   rock 'Kerbin Zn3010000130' 'Grass00' #6 vertex 1: ground 600195.692340 m, vertex 600195.428947 m, -263.393 mm above the ground
[RockPrecisionFixDiag]   rock 'Kerbin Zn3010000130' 'Grass00' #6 vertex 2: ground 600195.721239 m, vertex 600197.188744 m, +1467.505 mm above the ground
[RockPrecisionFixDiag]   rock 'Kerbin Zn3010000130' 'Grass00' #6 vertex 3: ground 600195.692399 m, vertex 600197.190206 m, +1497.806 mm above the ground
[RockPrecisionFixDiag]   rock 'Kerbin Zn3010000130' 'Grass00' #6 vertex 4: ground 600195.721187 m, vertex 600195.427468 m, -293.719 mm above the ground
[RockPrecisionFixDiag]   rock 'Kerbin Zn3010000130' 'Grass00' #6 vertex 5: ground 600195.692340 m, vertex 600195.428947 m, -263.393 mm above the ground
[RockPrecisionFixDiag]   rock 'Kerbin Zn3010000130' 'Grass00' #6 vertex 6: ground 600195.721239 m, vertex 600197.188744 m, +1467.505 mm above the ground
[RockPrecisionFixDiag]   rock 'Kerbin Zn3010000130' 'Grass00' #6 vertex 7: ground 600195.692399 m, vertex 600197.190206 m, +1497.806 mm above the ground
[RockPrecisionFixDiag]   rock 'Kerbin Zn3010000130' 'Grass00' #7 vertex 0: ground 600190.701707 m, vertex 600189.559585 m, -1142.122 mm above the ground
[RockPrecisionFixDiag]   rock 'Kerbin Zn3010000130' 'Grass00' #7 vertex 1: ground 600190.693637 m, vertex 600189.559931 m, -1133.706 mm above the ground
[RockPrecisionFixDiag]   rock 'Kerbin Zn3010000130' 'Grass00' #7 vertex 2: ground 600190.701724 m, vertex 600190.576202 m, -125.521 mm above the ground
[RockPrecisionFixDiag]   rock 'Kerbin Zn3010000130' 'Grass00' #7 vertex 3: ground 600190.693638 m, vertex 600190.576544 m, -117.093 mm above the ground
[RockPrecisionFixDiag]   rock 'Kerbin Zn3010000130' 'Grass00' #7 vertex 4: ground 600190.701707 m, vertex 600189.559585 m, -1142.122 mm above the ground
[RockPrecisionFixDiag]   rock 'Kerbin Zn3010000130' 'Grass00' #7 vertex 5: ground 600190.693637 m, vertex 600189.559931 m, -1133.706 mm above the ground
[RockPrecisionFixDiag]   rock 'Kerbin Zn3010000130' 'Grass00' #7 vertex 6: ground 600190.701724 m, vertex 600190.576202 m, -125.521 mm above the ground
[RockPrecisionFixDiag]   rock 'Kerbin Zn3010000130' 'Grass00' #7 vertex 7: ground 600190.693638 m, vertex 600190.576544 m, -117.093 mm above the ground
[RockPrecisionFixDiag]   rock 'Kerbin Zn3010000130' 'Grass00' #8 vertex 0: ground 600196.476564 m, vertex 600196.183018 m, -293.546 mm above the ground
[RockPrecisionFixDiag]   rock 'Kerbin Zn3010000130' 'Grass00' #8 vertex 1: ground 600196.402242 m, vertex 600196.182776 m, -219.466 mm above the ground
[RockPrecisionFixDiag]   rock 'Kerbin Zn3010000130' 'Grass00' #8 vertex 2: ground 600196.476508 m, vertex 600197.612952 m, +1136.443 mm above the ground
[RockPrecisionFixDiag]   rock 'Kerbin Zn3010000130' 'Grass00' #8 vertex 3: ground 600196.402184 m, vertex 600197.612710 m, +1210.526 mm above the ground
[RockPrecisionFixDiag]   rock 'Kerbin Zn3010000130' 'Grass00' #8 vertex 4: ground 600196.476564 m, vertex 600196.183018 m, -293.546 mm above the ground
[RockPrecisionFixDiag]   rock 'Kerbin Zn3010000130' 'Grass00' #8 vertex 5: ground 600196.402242 m, vertex 600196.182776 m, -219.466 mm above the ground
[RockPrecisionFixDiag]   rock 'Kerbin Zn3010000130' 'Grass00' #8 vertex 6: ground 600196.476508 m, vertex 600197.612952 m, +1136.443 mm above the ground
[RockPrecisionFixDiag]   rock 'Kerbin Zn3010000130' 'Grass00' #8 vertex 7: ground 600196.402184 m, vertex 600197.612710 m, +1210.526 mm above the ground
[RockPrecisionFixDiag]   rock 'Kerbin Zn3010000130' 'Grass00' #9 vertex 0: ground 600202.484199 m, vertex 600202.190382 m, -293.817 mm above the ground
[RockPrecisionFixDiag]   rock 'Kerbin Zn3010000130' 'Grass00' #9 vertex 1: ground 600202.387158 m, vertex 600202.189656 m, -197.502 mm above the ground
[RockPrecisionFixDiag]   rock 'Kerbin Zn3010000130' 'Grass00' #9 vertex 2: ground 600202.484162 m, vertex 600204.054004 m, +1569.842 mm above the ground
[RockPrecisionFixDiag]   rock 'Kerbin Zn3010000130' 'Grass00' #9 vertex 3: ground 600202.387131 m, vertex 600204.053265 m, +1666.134 mm above the ground
[RockPrecisionFixDiag]   rock 'Kerbin Zn3010000130' 'Grass00' #9 vertex 4: ground 600202.484199 m, vertex 600202.190382 m, -293.817 mm above the ground
[RockPrecisionFixDiag]   rock 'Kerbin Zn3010000130' 'Grass00' #9 vertex 5: ground 600202.387158 m, vertex 600202.189656 m, -197.502 mm above the ground
[RockPrecisionFixDiag]   rock 'Kerbin Zn3010000130' 'Grass00' #9 vertex 6: ground 600202.484162 m, vertex 600204.054004 m, +1569.842 mm above the ground
[RockPrecisionFixDiag]   rock 'Kerbin Zn3010000130' 'Grass00' #9 vertex 7: ground 600202.387131 m, vertex 600204.053265 m, +1666.134 mm above the ground
[RockPrecisionFixDiag]   rock 'Kerbin Zn3010000130' 'Grass00' #10 vertex 0: ground 600187.255782 m, vertex 600187.255877 m, +0.095 mm above the ground
[RockPrecisionFixDiag]   rock 'Kerbin Zn3010000130' 'Grass00' #10 vertex 1: ground 600187.221341 m, vertex 600187.255735 m, +34.395 mm above the ground
[RockPrecisionFixDiag]   rock 'Kerbin Zn3010000130' 'Grass00' #10 vertex 2: ground 600187.255771 m, vertex 600188.859208 m, +1603.437 mm above the ground
[RockPrecisionFixDiag]   rock 'Kerbin Zn3010000130' 'Grass00' #10 vertex 3: ground 600187.221325 m, vertex 600188.859068 m, +1637.743 mm above the ground
[RockPrecisionFixDiag]   rock 'Kerbin Zn3010000130' 'Grass00' #10 vertex 4: ground 600187.255782 m, vertex 600187.255877 m, +0.095 mm above the ground
[RockPrecisionFixDiag]   rock 'Kerbin Zn3010000130' 'Grass00' #10 vertex 5: ground 600187.221341 m, vertex 600187.255735 m, +34.395 mm above the ground
[RockPrecisionFixDiag]   rock 'Kerbin Zn3010000130' 'Grass00' #10 vertex 6: ground 600187.255771 m, vertex 600188.859208 m, +1603.437 mm above the ground
[RockPrecisionFixDiag]   rock 'Kerbin Zn3010000130' 'Grass00' #10 vertex 7: ground 600187.221325 m, vertex 600188.859068 m, +1637.743 mm above the ground
[RockPrecisionFixDiag]   rock 'Kerbin Zn3010000130' 'Grass00' #11 vertex 0: ground 600191.929255 m, vertex 600191.635568 m, -293.687 mm above the ground
[RockPrecisionFixDiag]   rock 'Kerbin Zn3010000130' 'Grass00' #11 vertex 1: ground 600191.845442 m, vertex 600191.636076 m, -209.365 mm above the ground
[RockPrecisionFixDiag]   rock 'Kerbin Zn3010000130' 'Grass00' #11 vertex 2: ground 600191.929274 m, vertex 600192.740531 m, +811.257 mm above the ground
[RockPrecisionFixDiag]   rock 'Kerbin Zn3010000130' 'Grass00' #11 vertex 3: ground 600191.845477 m, vertex 600192.741038 m, +895.561 mm above the ground
[RockPrecisionFixDiag]   rock 'Kerbin Zn3010000130' 'Grass00' #11 vertex 4: ground 600191.929255 m, vertex 600191.635568 m, -293.687 mm above the ground
[RockPrecisionFixDiag]   rock 'Kerbin Zn3010000130' 'Grass00' #11 vertex 5: ground 600191.845442 m, vertex 600191.636076 m, -209.365 mm above the ground
[RockPrecisionFixDiag]   rock 'Kerbin Zn3010000130' 'Grass00' #11 vertex 6: ground 600191.929274 m, vertex 600192.740531 m, +811.257 mm above the ground
[RockPrecisionFixDiag]   rock 'Kerbin Zn3010000130' 'Grass00' #11 vertex 7: ground 600191.845477 m, vertex 600192.741038 m, +895.561 mm above the ground
[RockPrecisionFixDiag]   rock 'Kerbin Zn3010000130' 'Grass00' #12 vertex 0: ground 600186.719383 m, vertex 600186.425882 m, -293.501 mm above the ground
[RockPrecisionFixDiag]   rock 'Kerbin Zn3010000130' 'Grass00' #12 vertex 1: ground 600186.767791 m, vertex 600186.426868 m, -340.924 mm above the ground
[RockPrecisionFixDiag]   rock 'Kerbin Zn3010000130' 'Grass00' #12 vertex 2: ground 600186.719376 m, vertex 600188.276315 m, +1556.939 mm above the ground
[RockPrecisionFixDiag]   rock 'Kerbin Zn3010000130' 'Grass00' #12 vertex 3: ground 600186.767767 m, vertex 600188.277289 m, +1509.522 mm above the ground
[RockPrecisionFixDiag]   rock 'Kerbin Zn3010000130' 'Grass00' #12 vertex 4: ground 600186.719383 m, vertex 600186.425882 m, -293.501 mm above the ground
[RockPrecisionFixDiag]   rock 'Kerbin Zn3010000130' 'Grass00' #12 vertex 5: ground 600186.767791 m, vertex 600186.426868 m, -340.924 mm above the ground
[RockPrecisionFixDiag]   rock 'Kerbin Zn3010000130' 'Grass00' #12 vertex 6: ground 600186.719376 m, vertex 600188.276315 m, +1556.939 mm above the ground
[RockPrecisionFixDiag]   rock 'Kerbin Zn3010000130' 'Grass00' #12 vertex 7: ground 600186.767767 m, vertex 600188.277289 m, +1509.522 mm above the ground
[RockPrecisionFixDiag]   rock 'Kerbin Zn3010000130' 'Grass00' #13 vertex 0: ground 600187.169726 m, vertex 600186.876467 m, -293.259 mm above the ground
[RockPrecisionFixDiag]   rock 'Kerbin Zn3010000130' 'Grass00' #13 vertex 1: ground 600187.131042 m, vertex 600186.876328 m, -254.713 mm above the ground
[RockPrecisionFixDiag]   rock 'Kerbin Zn3010000130' 'Grass00' #13 vertex 2: ground 600187.169734 m, vertex 600188.486776 m, +1317.043 mm above the ground
[RockPrecisionFixDiag]   rock 'Kerbin Zn3010000130' 'Grass00' #13 vertex 3: ground 600187.131052 m, vertex 600188.486640 m, +1355.589 mm above the ground
[RockPrecisionFixDiag]   rock 'Kerbin Zn3010000130' 'Grass00' #13 vertex 4: ground 600187.169726 m, vertex 600186.876467 m, -293.259 mm above the ground
[RockPrecisionFixDiag]   rock 'Kerbin Zn3010000130' 'Grass00' #13 vertex 5: ground 600187.131042 m, vertex 600186.876328 m, -254.713 mm above the ground
[RockPrecisionFixDiag]   rock 'Kerbin Zn3010000130' 'Grass00' #13 vertex 6: ground 600187.169734 m, vertex 600188.486776 m, +1317.043 mm above the ground
[RockPrecisionFixDiag]   rock 'Kerbin Zn3010000130' 'Grass00' #13 vertex 7: ground 600187.131052 m, vertex 600188.486640 m, +1355.589 mm above the ground
[RockPrecisionFixDiag]   rock 'Kerbin Zn3010000130' 'Grass00' #14 vertex 0: ground 600193.630962 m, vertex 600193.112747 m, -518.215 mm above the ground
[RockPrecisionFixDiag]   rock 'Kerbin Zn3010000130' 'Grass00' #14 vertex 1: ground 600193.720419 m, vertex 600193.112741 m, -607.679 mm above the ground
[RockPrecisionFixDiag]   rock 'Kerbin Zn3010000130' 'Grass00' #14 vertex 2: ground 600193.630921 m, vertex 600194.714233 m, +1083.312 mm above the ground
[RockPrecisionFixDiag]   rock 'Kerbin Zn3010000130' 'Grass00' #14 vertex 3: ground 600193.720380 m, vertex 600194.714226 m, +993.847 mm above the ground
[RockPrecisionFixDiag]   rock 'Kerbin Zn3010000130' 'Grass00' #14 vertex 4: ground 600193.630962 m, vertex 600193.112747 m, -518.215 mm above the ground
[RockPrecisionFixDiag]   rock 'Kerbin Zn3010000130' 'Grass00' #14 vertex 5: ground 600193.720419 m, vertex 600193.112741 m, -607.679 mm above the ground
[RockPrecisionFixDiag]   rock 'Kerbin Zn3010000130' 'Grass00' #14 vertex 6: ground 600193.630921 m, vertex 600194.714233 m, +1083.312 mm above the ground
[RockPrecisionFixDiag]   rock 'Kerbin Zn3010000130' 'Grass00' #14 vertex 7: ground 600193.720380 m, vertex 600194.714226 m, +993.847 mm above the ground
[RockPrecisionFixDiag]   rock 'Kerbin Zn3010000130' 'Grass00' #15 vertex 0: ground 600195.845772 m, vertex 600195.552441 m, -293.331 mm above the ground
[RockPrecisionFixDiag]   rock 'Kerbin Zn3010000130' 'Grass00' #15 vertex 1: ground 600195.889182 m, vertex 600195.551091 m, -338.092 mm above the ground
[RockPrecisionFixDiag]   rock 'Kerbin Zn3010000130' 'Grass00' #15 vertex 2: ground 600195.845799 m, vertex 600197.289305 m, +1443.506 mm above the ground
[RockPrecisionFixDiag]   rock 'Kerbin Zn3010000130' 'Grass00' #15 vertex 3: ground 600195.889234 m, vertex 600197.287955 m, +1398.721 mm above the ground
[RockPrecisionFixDiag]   rock 'Kerbin Zn3010000130' 'Grass00' #15 vertex 4: ground 600195.845772 m, vertex 600195.552441 m, -293.331 mm above the ground
[RockPrecisionFixDiag]   rock 'Kerbin Zn3010000130' 'Grass00' #15 vertex 5: ground 600195.889182 m, vertex 600195.551091 m, -338.092 mm above the ground
[RockPrecisionFixDiag]   rock 'Kerbin Zn3010000130' 'Grass00' #15 vertex 6: ground 600195.845799 m, vertex 600197.289305 m, +1443.506 mm above the ground
[RockPrecisionFixDiag]   rock 'Kerbin Zn3010000130' 'Grass00' #15 vertex 7: ground 600195.889234 m, vertex 600197.287955 m, +1398.721 mm above the ground
[RockPrecisionFixDiag]   rock 'Kerbin Zn3010000130' 'Grass00' #16 vertex 0: ground 600204.278867 m, vertex 600203.985467 m, -293.400 mm above the ground
[RockPrecisionFixDiag]   rock 'Kerbin Zn3010000130' 'Grass00' #16 vertex 1: ground 600204.306895 m, vertex 600203.984974 m, -321.921 mm above the ground
[RockPrecisionFixDiag]   rock 'Kerbin Zn3010000130' 'Grass00' #16 vertex 2: ground 600204.278882 m, vertex 600205.438221 m, +1159.339 mm above the ground
[RockPrecisionFixDiag]   rock 'Kerbin Zn3010000130' 'Grass00' #16 vertex 3: ground 600204.306902 m, vertex 600205.437728 m, +1130.826 mm above the ground
[RockPrecisionFixDiag]   rock 'Kerbin Zn3010000130' 'Grass00' #16 vertex 4: ground 600204.278867 m, vertex 600203.985467 m, -293.400 mm above the ground
[RockPrecisionFixDiag]   rock 'Kerbin Zn3010000130' 'Grass00' #16 vertex 5: ground 600204.306895 m, vertex 600203.984974 m, -321.921 mm above the ground
[RockPrecisionFixDiag]   rock 'Kerbin Zn3010000130' 'Grass00' #16 vertex 6: ground 600204.278882 m, vertex 600205.438221 m, +1159.339 mm above the ground
[RockPrecisionFixDiag]   rock 'Kerbin Zn3010000130' 'Grass00' #16 vertex 7: ground 600204.306902 m, vertex 600205.437728 m, +1130.826 mm above the ground
[RockPrecisionFixDiag]   rock 'Kerbin Zn3010000130' 'Grass00' #17 vertex 0: ground 600197.630339 m, vertex 600197.336985 m, -293.354 mm above the ground
[RockPrecisionFixDiag]   rock 'Kerbin Zn3010000130' 'Grass00' #17 vertex 1: ground 600197.627369 m, vertex 600197.335412 m, -291.956 mm above the ground
[RockPrecisionFixDiag]   rock 'Kerbin Zn3010000130' 'Grass00' #17 vertex 2: ground 600197.630356 m, vertex 600199.037298 m, +1406.942 mm above the ground
[RockPrecisionFixDiag]   rock 'Kerbin Zn3010000130' 'Grass00' #17 vertex 3: ground 600197.627351 m, vertex 600199.035683 m, +1408.332 mm above the ground
[RockPrecisionFixDiag]   rock 'Kerbin Zn3010000130' 'Grass00' #17 vertex 4: ground 600197.630339 m, vertex 600197.336985 m, -293.354 mm above the ground
[RockPrecisionFixDiag]   rock 'Kerbin Zn3010000130' 'Grass00' #17 vertex 5: ground 600197.627369 m, vertex 600197.335412 m, -291.956 mm above the ground
[RockPrecisionFixDiag]   rock 'Kerbin Zn3010000130' 'Grass00' #17 vertex 6: ground 600197.630356 m, vertex 600199.037298 m, +1406.942 mm above the ground
[RockPrecisionFixDiag]   rock 'Kerbin Zn3010000130' 'Grass00' #17 vertex 7: ground 600197.627351 m, vertex 600199.035683 m, +1408.332 mm above the ground
[RockPrecisionFixDiag]   rock 'Kerbin Zn3010000130' 'Grass00' #18 vertex 0: ground 600192.476415 m, vertex 600193.172135 m, +695.720 mm above the ground
[RockPrecisionFixDiag]   rock 'Kerbin Zn3010000130' 'Grass00' #18 vertex 1: ground 600192.417979 m, vertex 600193.172585 m, +754.606 mm above the ground
[RockPrecisionFixDiag]   rock 'Kerbin Zn3010000130' 'Grass00' #18 vertex 2: ground 600192.476500 m, vertex 600194.662842 m, +2186.342 mm above the ground
[RockPrecisionFixDiag]   rock 'Kerbin Zn3010000130' 'Grass00' #18 vertex 3: ground 600192.418055 m, vertex 600194.663301 m, +2245.246 mm above the ground
[RockPrecisionFixDiag]   rock 'Kerbin Zn3010000130' 'Grass00' #18 vertex 4: ground 600192.476415 m, vertex 600193.172135 m, +695.720 mm above the ground
[RockPrecisionFixDiag]   rock 'Kerbin Zn3010000130' 'Grass00' #18 vertex 5: ground 600192.417979 m, vertex 600193.172585 m, +754.606 mm above the ground
[RockPrecisionFixDiag]   rock 'Kerbin Zn3010000130' 'Grass00' #18 vertex 6: ground 600192.476500 m, vertex 600194.662842 m, +2186.342 mm above the ground
[RockPrecisionFixDiag]   rock 'Kerbin Zn3010000130' 'Grass00' #18 vertex 7: ground 600192.418055 m, vertex 600194.663301 m, +2245.246 mm above the ground
[RockPrecisionFixDiag]   rock 'Kerbin Zn3010000130' 'Grass00' #19 vertex 0: ground 600205.298078 m, vertex 600204.742132 m, -555.947 mm above the ground
[RockPrecisionFixDiag]   rock 'Kerbin Zn3010000130' 'Grass00' #19 vertex 1: ground 600205.209869 m, vertex 600204.742605 m, -467.264 mm above the ground
[RockPrecisionFixDiag]   rock 'Kerbin Zn3010000130' 'Grass00' #19 vertex 2: ground 600205.298156 m, vertex 600206.054273 m, +756.116 mm above the ground
[RockPrecisionFixDiag]   rock 'Kerbin Zn3010000130' 'Grass00' #19 vertex 3: ground 600205.209947 m, vertex 600206.054746 m, +844.799 mm above the ground
[RockPrecisionFixDiag]   rock 'Kerbin Zn3010000130' 'Grass00' #19 vertex 4: ground 600205.298078 m, vertex 600204.742132 m, -555.947 mm above the ground
[RockPrecisionFixDiag]   rock 'Kerbin Zn3010000130' 'Grass00' #19 vertex 5: ground 600205.209869 m, vertex 600204.742605 m, -467.264 mm above the ground
[RockPrecisionFixDiag]   rock 'Kerbin Zn3010000130' 'Grass00' #19 vertex 6: ground 600205.298156 m, vertex 600206.054273 m, +756.116 mm above the ground
[RockPrecisionFixDiag]   rock 'Kerbin Zn3010000130' 'Grass00' #19 vertex 7: ground 600205.209947 m, vertex 600206.054746 m, +844.799 mm above the ground
[RockPrecisionFixDiag]   rock 'Kerbin Zn3010000130' 'Grass00' #20 vertex 0: ground 600201.976082 m, vertex 600201.682750 m, -293.332 mm above the ground
[RockPrecisionFixDiag]   rock 'Kerbin Zn3010000130' 'Grass00' #20 vertex 1: ground 600201.993538 m, vertex 600201.683620 m, -309.917 mm above the ground
[RockPrecisionFixDiag]   rock 'Kerbin Zn3010000130' 'Grass00' #20 vertex 2: ground 600201.976105 m, vertex 600202.772533 m, +796.428 mm above the ground
[RockPrecisionFixDiag]   rock 'Kerbin Zn3010000130' 'Grass00' #20 vertex 3: ground 600201.993528 m, vertex 600202.773386 m, +779.857 mm above the ground
[RockPrecisionFixDiag]   rock 'Kerbin Zn3010000130' 'Grass00' #20 vertex 4: ground 600201.976082 m, vertex 600201.682750 m, -293.332 mm above the ground
[RockPrecisionFixDiag]   rock 'Kerbin Zn3010000130' 'Grass00' #20 vertex 5: ground 600201.993538 m, vertex 600201.683620 m, -309.917 mm above the ground
[RockPrecisionFixDiag]   rock 'Kerbin Zn3010000130' 'Grass00' #20 vertex 6: ground 600201.976105 m, vertex 600202.772533 m, +796.428 mm above the ground
[RockPrecisionFixDiag]   rock 'Kerbin Zn3010000130' 'Grass00' #20 vertex 7: ground 600201.993528 m, vertex 600202.773386 m, +779.857 mm above the ground
[RockPrecisionFixDiag]   rock 'Kerbin Zn3010000130' 'Grass00' #21 vertex 0: ground 600192.830479 m, vertex 600193.323297 m, +492.818 mm above the ground
[RockPrecisionFixDiag]   rock 'Kerbin Zn3010000130' 'Grass00' #21 vertex 1: ground 600192.821009 m, vertex 600193.323573 m, +502.564 mm above the ground
[RockPrecisionFixDiag]   rock 'Kerbin Zn3010000130' 'Grass00' #21 vertex 2: ground 600192.830503 m, vertex 600194.772209 m, +1941.705 mm above the ground
[RockPrecisionFixDiag]   rock 'Kerbin Zn3010000130' 'Grass00' #21 vertex 3: ground 600192.821049 m, vertex 600194.772485 m, +1951.436 mm above the ground
[RockPrecisionFixDiag]   rock 'Kerbin Zn3010000130' 'Grass00' #21 vertex 4: ground 600192.830479 m, vertex 600193.323297 m, +492.818 mm above the ground
[RockPrecisionFixDiag]   rock 'Kerbin Zn3010000130' 'Grass00' #21 vertex 5: ground 600192.821009 m, vertex 600193.323573 m, +502.564 mm above the ground
[RockPrecisionFixDiag]   rock 'Kerbin Zn3010000130' 'Grass00' #21 vertex 6: ground 600192.830503 m, vertex 600194.772209 m, +1941.705 mm above the ground
[RockPrecisionFixDiag]   rock 'Kerbin Zn3010000130' 'Grass00' #21 vertex 7: ground 600192.821049 m, vertex 600194.772485 m, +1951.436 mm above the ground
[RockPrecisionFixDiag]   rock 'Kerbin Zn3010000130' 'Grass00' #22 vertex 0: ground 600191.719264 m, vertex 600191.425965 m, -293.298 mm above the ground
[RockPrecisionFixDiag]   rock 'Kerbin Zn3010000130' 'Grass00' #22 vertex 1: ground 600191.766923 m, vertex 600191.425269 m, -341.654 mm above the ground
[RockPrecisionFixDiag]   rock 'Kerbin Zn3010000130' 'Grass00' #22 vertex 2: ground 600191.719303 m, vertex 600192.834368 m, +1115.065 mm above the ground
[RockPrecisionFixDiag]   rock 'Kerbin Zn3010000130' 'Grass00' #22 vertex 3: ground 600191.766957 m, vertex 600192.833671 m, +1066.715 mm above the ground
[RockPrecisionFixDiag]   rock 'Kerbin Zn3010000130' 'Grass00' #22 vertex 4: ground 600191.719264 m, vertex 600191.425965 m, -293.298 mm above the ground
[RockPrecisionFixDiag]   rock 'Kerbin Zn3010000130' 'Grass00' #22 vertex 5: ground 600191.766923 m, vertex 600191.425269 m, -341.654 mm above the ground
[RockPrecisionFixDiag]   rock 'Kerbin Zn3010000130' 'Grass00' #22 vertex 6: ground 600191.719303 m, vertex 600192.834368 m, +1115.065 mm above the ground
[RockPrecisionFixDiag]   rock 'Kerbin Zn3010000130' 'Grass00' #22 vertex 7: ground 600191.766957 m, vertex 600192.833671 m, +1066.715 mm above the ground
[RockPrecisionFixDiag]   rock 'Kerbin Zn3010000130' 'Grass00' #23 vertex 0: ground 600188.566615 m, vertex 600189.834966 m, +1268.350 mm above the ground
[RockPrecisionFixDiag]   rock 'Kerbin Zn3010000130' 'Grass00' #23 vertex 1: ground 600188.527465 m, vertex 600189.834469 m, +1307.004 mm above the ground
[RockPrecisionFixDiag]   rock 'Kerbin Zn3010000130' 'Grass00' #23 vertex 2: ground 600188.566588 m, vertex 600190.941997 m, +2375.410 mm above the ground
[RockPrecisionFixDiag]   rock 'Kerbin Zn3010000130' 'Grass00' #23 vertex 3: ground 600188.527428 m, vertex 600190.941495 m, +2414.066 mm above the ground
[RockPrecisionFixDiag]   rock 'Kerbin Zn3010000130' 'Grass00' #23 vertex 4: ground 600188.566615 m, vertex 600189.834966 m, +1268.350 mm above the ground
[RockPrecisionFixDiag]   rock 'Kerbin Zn3010000130' 'Grass00' #23 vertex 5: ground 600188.527465 m, vertex 600189.834469 m, +1307.004 mm above the ground
[RockPrecisionFixDiag]   rock 'Kerbin Zn3010000130' 'Grass00' #23 vertex 6: ground 600188.566588 m, vertex 600190.941997 m, +2375.410 mm above the ground
[RockPrecisionFixDiag]   rock 'Kerbin Zn3010000130' 'Grass00' #23 vertex 7: ground 600188.527428 m, vertex 600190.941495 m, +2414.066 mm above the ground
[RockPrecisionFixDiag]   rock 'Kerbin Zn3010000130' 'Grass00' #24 vertex 0: ground 600198.848488 m, vertex 600198.331034 m, -517.454 mm above the ground
[RockPrecisionFixDiag]   rock 'Kerbin Zn3010000130' 'Grass00' #24 vertex 1: ground 600198.867540 m, vertex 600198.330887 m, -536.654 mm above the ground
[RockPrecisionFixDiag]   rock 'Kerbin Zn3010000130' 'Grass00' #24 vertex 2: ground 600198.848495 m, vertex 600199.501814 m, +653.319 mm above the ground
[RockPrecisionFixDiag]   rock 'Kerbin Zn3010000130' 'Grass00' #24 vertex 3: ground 600198.867516 m, vertex 600199.501667 m, +634.151 mm above the ground
[RockPrecisionFixDiag]   rock 'Kerbin Zn3010000130' 'Grass00' #24 vertex 4: ground 600198.848488 m, vertex 600198.331034 m, -517.454 mm above the ground
[RockPrecisionFixDiag]   rock 'Kerbin Zn3010000130' 'Grass00' #24 vertex 5: ground 600198.867540 m, vertex 600198.330887 m, -536.654 mm above the ground
[RockPrecisionFixDiag]   rock 'Kerbin Zn3010000130' 'Grass00' #24 vertex 6: ground 600198.848495 m, vertex 600199.501814 m, +653.319 mm above the ground
[RockPrecisionFixDiag]   rock 'Kerbin Zn3010000130' 'Grass00' #24 vertex 7: ground 600198.867516 m, vertex 600199.501667 m, +634.151 mm above the ground
[RockPrecisionFixDiag]   rock 'Kerbin Zn3010000130' 'Grass00' #25 vertex 0: ground 600199.682869 m, vertex 600199.389162 m, -293.707 mm above the ground
[RockPrecisionFixDiag]   rock 'Kerbin Zn3010000130' 'Grass00' #25 vertex 1: ground 600199.693694 m, vertex 600199.388339 m, -305.355 mm above the ground
[RockPrecisionFixDiag]   rock 'Kerbin Zn3010000130' 'Grass00' #25 vertex 2: ground 600199.682838 m, vertex 600200.550614 m, +867.777 mm above the ground
[RockPrecisionFixDiag]   rock 'Kerbin Zn3010000130' 'Grass00' #25 vertex 3: ground 600199.693710 m, vertex 600200.549799 m, +856.089 mm above the ground
[RockPrecisionFixDiag]   rock 'Kerbin Zn3010000130' 'Grass00' #25 vertex 4: ground 600199.682869 m, vertex 600199.389162 m, -293.707 mm above the ground
[RockPrecisionFixDiag]   rock 'Kerbin Zn3010000130' 'Grass00' #25 vertex 5: ground 600199.693694 m, vertex 600199.388339 m, -305.355 mm above the ground
[RockPrecisionFixDiag]   rock 'Kerbin Zn3010000130' 'Grass00' #25 vertex 6: ground 600199.682838 m, vertex 600200.550614 m, +867.777 mm above the ground
[RockPrecisionFixDiag]   rock 'Kerbin Zn3010000130' 'Grass00' #25 vertex 7: ground 600199.693710 m, vertex 600200.549799 m, +856.089 mm above the ground
[RockPrecisionFixDiag]   rock 'Kerbin Zn3010000130' 'Grass00' #26 vertex 0: ground 600189.717647 m, vertex 600189.423939 m, -293.708 mm above the ground
[RockPrecisionFixDiag]   rock 'Kerbin Zn3010000130' 'Grass00' #26 vertex 1: ground 600189.730954 m, vertex 600189.424295 m, -306.659 mm above the ground
[RockPrecisionFixDiag]   rock 'Kerbin Zn3010000130' 'Grass00' #26 vertex 2: ground 600189.717644 m, vertex 600191.311747 m, +1594.103 mm above the ground
[RockPrecisionFixDiag]   rock 'Kerbin Zn3010000130' 'Grass00' #26 vertex 3: ground 600189.730946 m, vertex 600191.312103 m, +1581.157 mm above the ground
[RockPrecisionFixDiag]   rock 'Kerbin Zn3010000130' 'Grass00' #26 vertex 4: ground 600189.717647 m, vertex 600189.423939 m, -293.708 mm above the ground
[RockPrecisionFixDiag]   rock 'Kerbin Zn3010000130' 'Grass00' #26 vertex 5: ground 600189.730954 m, vertex 600189.424295 m, -306.659 mm above the ground
[RockPrecisionFixDiag]   rock 'Kerbin Zn3010000130' 'Grass00' #26 vertex 6: ground 600189.717644 m, vertex 600191.311747 m, +1594.103 mm above the ground
[RockPrecisionFixDiag]   rock 'Kerbin Zn3010000130' 'Grass00' #26 vertex 7: ground 600189.730946 m, vertex 600191.312103 m, +1581.157 mm above the ground
[RockPrecisionFixDiag]   rock 'Kerbin Zn3010000130' 'Grass00' #27 vertex 0: ground 600199.787642 m, vertex 600199.494543 m, -293.099 mm above the ground
[RockPrecisionFixDiag]   rock 'Kerbin Zn3010000130' 'Grass00' #27 vertex 1: ground 600199.871688 m, vertex 600199.493854 m, -377.835 mm above the ground
[RockPrecisionFixDiag]   rock 'Kerbin Zn3010000130' 'Grass00' #27 vertex 2: ground 600199.787706 m, vertex 600201.307679 m, +1519.974 mm above the ground
[RockPrecisionFixDiag]   rock 'Kerbin Zn3010000130' 'Grass00' #27 vertex 3: ground 600199.871727 m, vertex 600201.306986 m, +1435.259 mm above the ground
[RockPrecisionFixDiag]   rock 'Kerbin Zn3010000130' 'Grass00' #27 vertex 4: ground 600199.787642 m, vertex 600199.494543 m, -293.099 mm above the ground
[RockPrecisionFixDiag]   rock 'Kerbin Zn3010000130' 'Grass00' #27 vertex 5: ground 600199.871688 m, vertex 600199.493854 m, -377.835 mm above the ground
[RockPrecisionFixDiag]   rock 'Kerbin Zn3010000130' 'Grass00' #27 vertex 6: ground 600199.787706 m, vertex 600201.307679 m, +1519.974 mm above the ground
[RockPrecisionFixDiag]   rock 'Kerbin Zn3010000130' 'Grass00' #27 vertex 7: ground 600199.871727 m, vertex 600201.306986 m, +1435.259 mm above the ground
[RockPrecisionFixDiag]   rock 'Kerbin Zn3010000130' 'Grass00' #28 vertex 0: ground 600199.404852 m, vertex 600199.111156 m, -293.696 mm above the ground
[RockPrecisionFixDiag]   rock 'Kerbin Zn3010000130' 'Grass00' #28 vertex 1: ground 600199.453920 m, vertex 600199.111268 m, -342.652 mm above the ground
[RockPrecisionFixDiag]   rock 'Kerbin Zn3010000130' 'Grass00' #28 vertex 2: ground 600199.404904 m, vertex 600201.002448 m, +1597.544 mm above the ground
[RockPrecisionFixDiag]   rock 'Kerbin Zn3010000130' 'Grass00' #28 vertex 3: ground 600199.453980 m, vertex 600201.002556 m, +1548.576 mm above the ground
[RockPrecisionFixDiag]   rock 'Kerbin Zn3010000130' 'Grass00' #28 vertex 4: ground 600199.404852 m, vertex 600199.111156 m, -293.696 mm above the ground
[RockPrecisionFixDiag]   rock 'Kerbin Zn3010000130' 'Grass00' #28 vertex 5: ground 600199.453920 m, vertex 600199.111268 m, -342.652 mm above the ground
[RockPrecisionFixDiag]   rock 'Kerbin Zn3010000130' 'Grass00' #28 vertex 6: ground 600199.404904 m, vertex 600201.002448 m, +1597.544 mm above the ground
[RockPrecisionFixDiag]   rock 'Kerbin Zn3010000130' 'Grass00' #28 vertex 7: ground 600199.453980 m, vertex 600201.002556 m, +1548.576 mm above the ground
[RockPrecisionFixDiag]   rock 'Kerbin Zn3010000130' 'Grass00' #29 vertex 0: ground 600192.427700 m, vertex 600192.133987 m, -293.713 mm above the ground
[RockPrecisionFixDiag]   rock 'Kerbin Zn3010000130' 'Grass00' #29 vertex 1: ground 600192.387084 m, vertex 600192.134261 m, -252.823 mm above the ground
[RockPrecisionFixDiag]   rock 'Kerbin Zn3010000130' 'Grass00' #29 vertex 2: ground 600192.427740 m, vertex 600193.655291 m, +1227.551 mm above the ground
[RockPrecisionFixDiag]   rock 'Kerbin Zn3010000130' 'Grass00' #29 vertex 3: ground 600192.387097 m, vertex 600193.655565 m, +1268.468 mm above the ground
[RockPrecisionFixDiag]   rock 'Kerbin Zn3010000130' 'Grass00' #29 vertex 4: ground 600192.427700 m, vertex 600192.133987 m, -293.713 mm above the ground
[RockPrecisionFixDiag]   rock 'Kerbin Zn3010000130' 'Grass00' #29 vertex 5: ground 600192.387084 m, vertex 600192.134261 m, -252.823 mm above the ground
[RockPrecisionFixDiag]   rock 'Kerbin Zn3010000130' 'Grass00' #29 vertex 6: ground 600192.427740 m, vertex 600193.655291 m, +1227.551 mm above the ground
[RockPrecisionFixDiag]   rock 'Kerbin Zn3010000130' 'Grass00' #29 vertex 7: ground 600192.387097 m, vertex 600193.655565 m, +1268.468 mm above the ground
[RockPrecisionFixDiag]   rock 'Kerbin Zn3010000130' 'Grass00' #30 vertex 0: ground 600191.333896 m, vertex 600191.040668 m, -293.228 mm above the ground
[RockPrecisionFixDiag]   rock 'Kerbin Zn3010000130' 'Grass00' #30 vertex 1: ground 600191.299179 m, vertex 600191.041000 m, -258.179 mm above the ground
[RockPrecisionFixDiag]   rock 'Kerbin Zn3010000130' 'Grass00' #30 vertex 2: ground 600191.333939 m, vertex 600192.269793 m, +935.854 mm above the ground
[RockPrecisionFixDiag]   rock 'Kerbin Zn3010000130' 'Grass00' #30 vertex 3: ground 600191.299220 m, vertex 600192.270131 m, +970.911 mm above the ground
[RockPrecisionFixDiag]   rock 'Kerbin Zn3010000130' 'Grass00' #30 vertex 4: ground 600191.333896 m, vertex 600191.040668 m, -293.228 mm above the ground
[RockPrecisionFixDiag]   rock 'Kerbin Zn3010000130' 'Grass00' #30 vertex 5: ground 600191.299179 m, vertex 600191.041000 m, -258.179 mm above the ground
[RockPrecisionFixDiag]   rock 'Kerbin Zn3010000130' 'Grass00' #30 vertex 6: ground 600191.333939 m, vertex 600192.269793 m, +935.854 mm above the ground
[RockPrecisionFixDiag]   rock 'Kerbin Zn3010000130' 'Grass00' #30 vertex 7: ground 600191.299220 m, vertex 600192.270131 m, +970.911 mm above the ground
[RockPrecisionFixDiag]   rock 'Kerbin Zn3010000130' 'Grass00' #31 vertex 0: ground 600200.999492 m, vertex 600200.706357 m, -293.135 mm above the ground
[RockPrecisionFixDiag]   rock 'Kerbin Zn3010000130' 'Grass00' #31 vertex 1: ground 600201.074549 m, vertex 600200.705578 m, -368.971 mm above the ground
[RockPrecisionFixDiag]   rock 'Kerbin Zn3010000130' 'Grass00' #31 vertex 2: ground 600200.999551 m, vertex 600202.462563 m, +1463.012 mm above the ground
[RockPrecisionFixDiag]   rock 'Kerbin Zn3010000130' 'Grass00' #31 vertex 3: ground 600201.074611 m, vertex 600202.461789 m, +1387.178 mm above the ground
[RockPrecisionFixDiag]   rock 'Kerbin Zn3010000130' 'Grass00' #31 vertex 4: ground 600200.999492 m, vertex 600200.706357 m, -293.135 mm above the ground
[RockPrecisionFixDiag]   rock 'Kerbin Zn3010000130' 'Grass00' #31 vertex 5: ground 600201.074549 m, vertex 600200.705578 m, -368.971 mm above the ground
[RockPrecisionFixDiag]   rock 'Kerbin Zn3010000130' 'Grass00' #31 vertex 6: ground 600200.999551 m, vertex 600202.462563 m, +1463.012 mm above the ground
[RockPrecisionFixDiag]   rock 'Kerbin Zn3010000130' 'Grass00' #31 vertex 7: ground 600201.074611 m, vertex 600202.461789 m, +1387.178 mm above the ground
[RockPrecisionFixDiag]   rock 'Kerbin Zn3010000130' 'Grass00' #32 vertex 0: ground 600193.704804 m, vertex 600193.411815 m, -292.989 mm above the ground
[RockPrecisionFixDiag]   rock 'Kerbin Zn3010000130' 'Grass00' #32 vertex 1: ground 600193.748801 m, vertex 600193.410544 m, -338.257 mm above the ground
[RockPrecisionFixDiag]   rock 'Kerbin Zn3010000130' 'Grass00' #32 vertex 2: ground 600193.704902 m, vertex 600195.078005 m, +1373.102 mm above the ground
[RockPrecisionFixDiag]   rock 'Kerbin Zn3010000130' 'Grass00' #32 vertex 3: ground 600193.748900 m, vertex 600195.076747 m, +1327.847 mm above the ground
[RockPrecisionFixDiag]   rock 'Kerbin Zn3010000130' 'Grass00' #32 vertex 4: ground 600193.704804 m, vertex 600193.411815 m, -292.989 mm above the ground
[RockPrecisionFixDiag]   rock 'Kerbin Zn3010000130' 'Grass00' #32 vertex 5: ground 600193.748801 m, vertex 600193.410544 m, -338.257 mm above the ground
[RockPrecisionFixDiag]   rock 'Kerbin Zn3010000130' 'Grass00' #32 vertex 6: ground 600193.704902 m, vertex 600195.078005 m, +1373.102 mm above the ground
[RockPrecisionFixDiag]   rock 'Kerbin Zn3010000130' 'Grass00' #32 vertex 7: ground 600193.748900 m, vertex 600195.076747 m, +1327.847 mm above the ground
[RockPrecisionFixDiag]   rock 'Kerbin Zn3010000130' 'Grass00' #33 vertex 0: ground 600195.720805 m, vertex 600195.427498 m, -293.307 mm above the ground
[RockPrecisionFixDiag]   rock 'Kerbin Zn3010000130' 'Grass00' #33 vertex 1: ground 600195.702158 m, vertex 600195.425942 m, -276.216 mm above the ground
[RockPrecisionFixDiag]   rock 'Kerbin Zn3010000130' 'Grass00' #33 vertex 2: ground 600195.720776 m, vertex 600197.377957 m, +1657.181 mm above the ground
[RockPrecisionFixDiag]   rock 'Kerbin Zn3010000130' 'Grass00' #33 vertex 3: ground 600195.702097 m, vertex 600197.376401 m, +1674.304 mm above the ground
[RockPrecisionFixDiag]   rock 'Kerbin Zn3010000130' 'Grass00' #33 vertex 4: ground 600195.720805 m, vertex 600195.427498 m, -293.307 mm above the ground
[RockPrecisionFixDiag]   rock 'Kerbin Zn3010000130' 'Grass00' #33 vertex 5: ground 600195.702158 m, vertex 600195.425942 m, -276.216 mm above the ground
[RockPrecisionFixDiag]   rock 'Kerbin Zn3010000130' 'Grass00' #33 vertex 6: ground 600195.720776 m, vertex 600197.377957 m, +1657.181 mm above the ground
[RockPrecisionFixDiag]   rock 'Kerbin Zn3010000130' 'Grass00' #33 vertex 7: ground 600195.702097 m, vertex 600197.376401 m, +1674.304 mm above the ground
[RockPrecisionFixDiag]   rock 'Kerbin Zn3010000130' 'Grass00' #34 vertex 0: ground 600192.264008 m, vertex 600192.406471 m, +142.462 mm above the ground
[RockPrecisionFixDiag]   rock 'Kerbin Zn3010000130' 'Grass00' #34 vertex 1: ground 600192.335379 m, vertex 600192.406950 m, +71.571 mm above the ground
[RockPrecisionFixDiag]   rock 'Kerbin Zn3010000130' 'Grass00' #34 vertex 2: ground 600192.264005 m, vertex 600193.574118 m, +1310.113 mm above the ground
[RockPrecisionFixDiag]   rock 'Kerbin Zn3010000130' 'Grass00' #34 vertex 3: ground 600192.335370 m, vertex 600193.574595 m, +1239.224 mm above the ground
[RockPrecisionFixDiag]   rock 'Kerbin Zn3010000130' 'Grass00' #34 vertex 4: ground 600192.264008 m, vertex 600192.406471 m, +142.462 mm above the ground
[RockPrecisionFixDiag]   rock 'Kerbin Zn3010000130' 'Grass00' #34 vertex 5: ground 600192.335379 m, vertex 600192.406950 m, +71.571 mm above the ground
[RockPrecisionFixDiag]   rock 'Kerbin Zn3010000130' 'Grass00' #34 vertex 6: ground 600192.264005 m, vertex 600193.574118 m, +1310.113 mm above the ground
[RockPrecisionFixDiag]   rock 'Kerbin Zn3010000130' 'Grass00' #34 vertex 7: ground 600192.335370 m, vertex 600193.574595 m, +1239.224 mm above the ground
[RockPrecisionFixDiag]   rock 'Kerbin Zn3010000130' 'Grass00' #35 vertex 0: ground 600191.719749 m, vertex 600191.426596 m, -293.153 mm above the ground
[RockPrecisionFixDiag]   rock 'Kerbin Zn3010000130' 'Grass00' #35 vertex 1: ground 600191.648085 m, vertex 600191.427185 m, -220.900 mm above the ground
[RockPrecisionFixDiag]   rock 'Kerbin Zn3010000130' 'Grass00' #35 vertex 2: ground 600191.719779 m, vertex 600193.014055 m, +1294.276 mm above the ground
[RockPrecisionFixDiag]   rock 'Kerbin Zn3010000130' 'Grass00' #35 vertex 3: ground 600191.648136 m, vertex 600193.014644 m, +1366.508 mm above the ground
[RockPrecisionFixDiag]   rock 'Kerbin Zn3010000130' 'Grass00' #35 vertex 4: ground 600191.719749 m, vertex 600191.426596 m, -293.153 mm above the ground
[RockPrecisionFixDiag]   rock 'Kerbin Zn3010000130' 'Grass00' #35 vertex 5: ground 600191.648085 m, vertex 600191.427185 m, -220.900 mm above the ground
[RockPrecisionFixDiag]   rock 'Kerbin Zn3010000130' 'Grass00' #35 vertex 6: ground 600191.719779 m, vertex 600193.014055 m, +1294.276 mm above the ground
[RockPrecisionFixDiag]   rock 'Kerbin Zn3010000130' 'Grass00' #35 vertex 7: ground 600191.648136 m, vertex 600193.014644 m, +1366.508 mm above the ground
[RockPrecisionFixDiag]   rock 'Kerbin Zn3010000130' 'Grass00' #36 vertex 0: ground 600189.502891 m, vertex 600189.209506 m, -293.385 mm above the ground
[RockPrecisionFixDiag]   rock 'Kerbin Zn3010000130' 'Grass00' #36 vertex 1: ground 600189.547124 m, vertex 600189.209763 m, -337.361 mm above the ground
[RockPrecisionFixDiag]   rock 'Kerbin Zn3010000130' 'Grass00' #36 vertex 2: ground 600189.502898 m, vertex 600190.576904 m, +1074.006 mm above the ground
[RockPrecisionFixDiag]   rock 'Kerbin Zn3010000130' 'Grass00' #36 vertex 3: ground 600189.547128 m, vertex 600190.577163 m, +1030.034 mm above the ground
[RockPrecisionFixDiag]   rock 'Kerbin Zn3010000130' 'Grass00' #36 vertex 4: ground 600189.502891 m, vertex 600189.209506 m, -293.385 mm above the ground
[RockPrecisionFixDiag]   rock 'Kerbin Zn3010000130' 'Grass00' #36 vertex 5: ground 600189.547124 m, vertex 600189.209763 m, -337.361 mm above the ground
[RockPrecisionFixDiag]   rock 'Kerbin Zn3010000130' 'Grass00' #36 vertex 6: ground 600189.502898 m, vertex 600190.576904 m, +1074.006 mm above the ground
[RockPrecisionFixDiag]   rock 'Kerbin Zn3010000130' 'Grass00' #36 vertex 7: ground 600189.547128 m, vertex 600190.577163 m, +1030.034 mm above the ground
[RockPrecisionFixDiag]   rock 'Kerbin Zn3010000130' 'Grass00' #37 vertex 0: ground 600187.672047 m, vertex 600187.378210 m, -293.838 mm above the ground
[RockPrecisionFixDiag]   rock 'Kerbin Zn3010000130' 'Grass00' #37 vertex 1: ground 600187.729779 m, vertex 600187.378272 m, -351.507 mm above the ground
[RockPrecisionFixDiag]   rock 'Kerbin Zn3010000130' 'Grass00' #37 vertex 2: ground 600187.672038 m, vertex 600189.342898 m, +1670.861 mm above the ground
[RockPrecisionFixDiag]   rock 'Kerbin Zn3010000130' 'Grass00' #37 vertex 3: ground 600187.729770 m, vertex 600189.342961 m, +1613.191 mm above the ground
[RockPrecisionFixDiag]   rock 'Kerbin Zn3010000130' 'Grass00' #37 vertex 4: ground 600187.672047 m, vertex 600187.378210 m, -293.838 mm above the ground
[RockPrecisionFixDiag]   rock 'Kerbin Zn3010000130' 'Grass00' #37 vertex 5: ground 600187.729779 m, vertex 600187.378272 m, -351.507 mm above the ground
[RockPrecisionFixDiag]   rock 'Kerbin Zn3010000130' 'Grass00' #37 vertex 6: ground 600187.672038 m, vertex 600189.342898 m, +1670.861 mm above the ground
[RockPrecisionFixDiag]   rock 'Kerbin Zn3010000130' 'Grass00' #37 vertex 7: ground 600187.729770 m, vertex 600189.342961 m, +1613.191 mm above the ground
[RockPrecisionFixDiag]   rock 'Kerbin Zn3010000130' 'Grass00' #38 vertex 0: ground 600203.495588 m, vertex 600203.201802 m, -293.786 mm above the ground
[RockPrecisionFixDiag]   rock 'Kerbin Zn3010000130' 'Grass00' #38 vertex 1: ground 600203.440249 m, vertex 600203.200534 m, -239.715 mm above the ground
[RockPrecisionFixDiag]   rock 'Kerbin Zn3010000130' 'Grass00' #38 vertex 2: ground 600203.495512 m, vertex 600205.084164 m, +1588.653 mm above the ground
[RockPrecisionFixDiag]   rock 'Kerbin Zn3010000130' 'Grass00' #38 vertex 3: ground 600203.440158 m, vertex 600205.082878 m, +1642.720 mm above the ground
[RockPrecisionFixDiag]   rock 'Kerbin Zn3010000130' 'Grass00' #38 vertex 4: ground 600203.495588 m, vertex 600203.201802 m, -293.786 mm above the ground
[RockPrecisionFixDiag]   rock 'Kerbin Zn3010000130' 'Grass00' #38 vertex 5: ground 600203.440249 m, vertex 600203.200534 m, -239.715 mm above the ground
[RockPrecisionFixDiag]   rock 'Kerbin Zn3010000130' 'Grass00' #38 vertex 6: ground 600203.495512 m, vertex 600205.084164 m, +1588.653 mm above the ground
[RockPrecisionFixDiag]   rock 'Kerbin Zn3010000130' 'Grass00' #38 vertex 7: ground 600203.440158 m, vertex 600205.082878 m, +1642.720 mm above the ground
[RockPrecisionFixDiag]   rock 'Kerbin Zn3010000130' 'Grass00' #39 vertex 0: ground 600197.300612 m, vertex 600196.527249 m, -773.363 mm above the ground
[RockPrecisionFixDiag]   rock 'Kerbin Zn3010000130' 'Grass00' #39 vertex 1: ground 600197.193100 m, vertex 600196.527355 m, -665.744 mm above the ground
[RockPrecisionFixDiag]   rock 'Kerbin Zn3010000130' 'Grass00' #39 vertex 2: ground 600197.300667 m, vertex 600198.295462 m, +994.795 mm above the ground
[RockPrecisionFixDiag]   rock 'Kerbin Zn3010000130' 'Grass00' #39 vertex 3: ground 600197.193147 m, vertex 600198.295573 m, +1102.426 mm above the ground
[RockPrecisionFixDiag]   rock 'Kerbin Zn3010000130' 'Grass00' #39 vertex 4: ground 600197.300612 m, vertex 600196.527249 m, -773.363 mm above the ground
[RockPrecisionFixDiag]   rock 'Kerbin Zn3010000130' 'Grass00' #39 vertex 5: ground 600197.193100 m, vertex 600196.527355 m, -665.744 mm above the ground
[RockPrecisionFixDiag]   rock 'Kerbin Zn3010000130' 'Grass00' #39 vertex 6: ground 600197.300667 m, vertex 600198.295462 m, +994.795 mm above the ground
[RockPrecisionFixDiag]   rock 'Kerbin Zn3010000130' 'Grass00' #39 vertex 7: ground 600197.193147 m, vertex 600198.295573 m, +1102.426 mm above the ground
[RockPrecisionFixDiag]   rock 'Kerbin Zn3010000130' 'Grass00' #40 vertex 0: ground 600194.860473 m, vertex 600194.629262 m, -231.211 mm above the ground
[RockPrecisionFixDiag]   rock 'Kerbin Zn3010000130' 'Grass00' #40 vertex 1: ground 600194.774811 m, vertex 600194.630357 m, -144.455 mm above the ground
[RockPrecisionFixDiag]   rock 'Kerbin Zn3010000130' 'Grass00' #40 vertex 2: ground 600194.860557 m, vertex 600195.900391 m, +1039.834 mm above the ground
[RockPrecisionFixDiag]   rock 'Kerbin Zn3010000130' 'Grass00' #40 vertex 3: ground 600194.774887 m, vertex 600195.901478 m, +1126.591 mm above the ground
[RockPrecisionFixDiag]   rock 'Kerbin Zn3010000130' 'Grass00' #40 vertex 4: ground 600194.860473 m, vertex 600194.629262 m, -231.211 mm above the ground
[RockPrecisionFixDiag]   rock 'Kerbin Zn3010000130' 'Grass00' #40 vertex 5: ground 600194.774811 m, vertex 600194.630357 m, -144.455 mm above the ground
[RockPrecisionFixDiag]   rock 'Kerbin Zn3010000130' 'Grass00' #40 vertex 6: ground 600194.860557 m, vertex 600195.900391 m, +1039.834 mm above the ground
[RockPrecisionFixDiag]   rock 'Kerbin Zn3010000130' 'Grass00' #40 vertex 7: ground 600194.774887 m, vertex 600195.901478 m, +1126.591 mm above the ground
[RockPrecisionFixDiag]   rock 'Kerbin Zn3010000130' 'Grass00' #41 vertex 0: ground 600194.733444 m, vertex 600194.439770 m, -293.674 mm above the ground
[RockPrecisionFixDiag]   rock 'Kerbin Zn3010000130' 'Grass00' #41 vertex 1: ground 600194.671107 m, vertex 600194.440053 m, -231.054 mm above the ground
[RockPrecisionFixDiag]   rock 'Kerbin Zn3010000130' 'Grass00' #41 vertex 2: ground 600194.733464 m, vertex 600195.809695 m, +1076.231 mm above the ground
[RockPrecisionFixDiag]   rock 'Kerbin Zn3010000130' 'Grass00' #41 vertex 3: ground 600194.671136 m, vertex 600195.809970 m, +1138.834 mm above the ground
[RockPrecisionFixDiag]   rock 'Kerbin Zn3010000130' 'Grass00' #41 vertex 4: ground 600194.733444 m, vertex 600194.439770 m, -293.674 mm above the ground
[RockPrecisionFixDiag]   rock 'Kerbin Zn3010000130' 'Grass00' #41 vertex 5: ground 600194.671107 m, vertex 600194.440053 m, -231.054 mm above the ground
[RockPrecisionFixDiag]   rock 'Kerbin Zn3010000130' 'Grass00' #41 vertex 6: ground 600194.733464 m, vertex 600195.809695 m, +1076.231 mm above the ground
[RockPrecisionFixDiag]   rock 'Kerbin Zn3010000130' 'Grass00' #41 vertex 7: ground 600194.671136 m, vertex 600195.809970 m, +1138.834 mm above the ground
[RockPrecisionFixDiag]   rock 'Kerbin Zn3010000130' 'Grass00' #42 vertex 0: ground 600201.283682 m, vertex 600200.989932 m, -293.750 mm above the ground
[RockPrecisionFixDiag]   rock 'Kerbin Zn3010000130' 'Grass00' #42 vertex 1: ground 600201.365413 m, vertex 600200.988814 m, -376.599 mm above the ground
[RockPrecisionFixDiag]   rock 'Kerbin Zn3010000130' 'Grass00' #42 vertex 2: ground 600201.283664 m, vertex 600202.857708 m, +1574.045 mm above the ground
[RockPrecisionFixDiag]   rock 'Kerbin Zn3010000130' 'Grass00' #42 vertex 3: ground 600201.365478 m, vertex 600202.856580 m, +1491.103 mm above the ground
[RockPrecisionFixDiag]   rock 'Kerbin Zn3010000130' 'Grass00' #42 vertex 4: ground 600201.283682 m, vertex 600200.989932 m, -293.750 mm above the ground
[RockPrecisionFixDiag]   rock 'Kerbin Zn3010000130' 'Grass00' #42 vertex 5: ground 600201.365413 m, vertex 600200.988814 m, -376.599 mm above the ground
[RockPrecisionFixDiag]   rock 'Kerbin Zn3010000130' 'Grass00' #42 vertex 6: ground 600201.283664 m, vertex 600202.857708 m, +1574.045 mm above the ground
[RockPrecisionFixDiag]   rock 'Kerbin Zn3010000130' 'Grass00' #42 vertex 7: ground 600201.365478 m, vertex 600202.856580 m, +1491.103 mm above the ground
[RockPrecisionFixDiag]   rock 'Kerbin Zn3010000130' 'Grass00' #43 vertex 0: ground 600198.513603 m, vertex 600198.219822 m, -293.781 mm above the ground
[RockPrecisionFixDiag]   rock 'Kerbin Zn3010000130' 'Grass00' #43 vertex 1: ground 600198.456144 m, vertex 600198.220438 m, -235.707 mm above the ground
[RockPrecisionFixDiag]   rock 'Kerbin Zn3010000130' 'Grass00' #43 vertex 2: ground 600198.513590 m, vertex 600199.865766 m, +1352.176 mm above the ground
[RockPrecisionFixDiag]   rock 'Kerbin Zn3010000130' 'Grass00' #43 vertex 3: ground 600198.456133 m, vertex 600199.866382 m, +1410.249 mm above the ground
[RockPrecisionFixDiag]   rock 'Kerbin Zn3010000130' 'Grass00' #43 vertex 4: ground 600198.513603 m, vertex 600198.219822 m, -293.781 mm above the ground
[RockPrecisionFixDiag]   rock 'Kerbin Zn3010000130' 'Grass00' #43 vertex 5: ground 600198.456144 m, vertex 600198.220438 m, -235.707 mm above the ground
[RockPrecisionFixDiag]   rock 'Kerbin Zn3010000130' 'Grass00' #43 vertex 6: ground 600198.513590 m, vertex 600199.865766 m, +1352.176 mm above the ground
[RockPrecisionFixDiag]   rock 'Kerbin Zn3010000130' 'Grass00' #43 vertex 7: ground 600198.456133 m, vertex 600199.866382 m, +1410.249 mm above the ground
[RockPrecisionFixDiag]   rock 'Kerbin Zn3010000130' 'Grass00' #44 vertex 0: ground 600214.715018 m, vertex 600214.420953 m, -294.065 mm above the ground
[RockPrecisionFixDiag]   rock 'Kerbin Zn3010000130' 'Grass00' #44 vertex 1: ground 600214.717865 m, vertex 600214.421864 m, -296.000 mm above the ground
[RockPrecisionFixDiag]   rock 'Kerbin Zn3010000130' 'Grass00' #44 vertex 2: ground 600214.715082 m, vertex 600216.048474 m, +1333.392 mm above the ground
[RockPrecisionFixDiag]   rock 'Kerbin Zn3010000130' 'Grass00' #44 vertex 3: ground 600214.717954 m, vertex 600216.049386 m, +1331.432 mm above the ground
[RockPrecisionFixDiag]   rock 'Kerbin Zn3010000130' 'Grass00' #44 vertex 4: ground 600214.715018 m, vertex 600214.420953 m, -294.065 mm above the ground
[RockPrecisionFixDiag]   rock 'Kerbin Zn3010000130' 'Grass00' #44 vertex 5: ground 600214.717865 m, vertex 600214.421864 m, -296.000 mm above the ground
[RockPrecisionFixDiag]   rock 'Kerbin Zn3010000130' 'Grass00' #44 vertex 6: ground 600214.715082 m, vertex 600216.048474 m, +1333.392 mm above the ground
[RockPrecisionFixDiag]   rock 'Kerbin Zn3010000130' 'Grass00' #44 vertex 7: ground 600214.717954 m, vertex 600216.049386 m, +1331.432 mm above the ground
[RockPrecisionFixDiag]   rock 'Kerbin Zn3010000130' 'Grass00' #45 vertex 0: ground 600201.631647 m, vertex 600201.338540 m, -293.108 mm above the ground
[RockPrecisionFixDiag]   rock 'Kerbin Zn3010000130' 'Grass00' #45 vertex 1: ground 600201.672850 m, vertex 600201.337120 m, -335.730 mm above the ground
[RockPrecisionFixDiag]   rock 'Kerbin Zn3010000130' 'Grass00' #45 vertex 2: ground 600201.631769 m, vertex 600203.299343 m, +1667.573 mm above the ground
[RockPrecisionFixDiag]   rock 'Kerbin Zn3010000130' 'Grass00' #45 vertex 3: ground 600201.672989 m, vertex 600203.297915 m, +1624.926 mm above the ground
[RockPrecisionFixDiag]   rock 'Kerbin Zn3010000130' 'Grass00' #45 vertex 4: ground 600201.631647 m, vertex 600201.338540 m, -293.108 mm above the ground
[RockPrecisionFixDiag]   rock 'Kerbin Zn3010000130' 'Grass00' #45 vertex 5: ground 600201.672850 m, vertex 600201.337120 m, -335.730 mm above the ground
[RockPrecisionFixDiag]   rock 'Kerbin Zn3010000130' 'Grass00' #45 vertex 6: ground 600201.631769 m, vertex 600203.299343 m, +1667.573 mm above the ground
[RockPrecisionFixDiag]   rock 'Kerbin Zn3010000130' 'Grass00' #45 vertex 7: ground 600201.672989 m, vertex 600203.297915 m, +1624.926 mm above the ground
[RockPrecisionFixDiag]   rock 'Kerbin Zn3010000130' 'Grass00' #46 vertex 0: ground 600197.872210 m, vertex 600197.930549 m, +58.339 mm above the ground
[RockPrecisionFixDiag]   rock 'Kerbin Zn3010000130' 'Grass00' #46 vertex 1: ground 600197.841432 m, vertex 600197.930108 m, +88.676 mm above the ground
[RockPrecisionFixDiag]   rock 'Kerbin Zn3010000130' 'Grass00' #46 vertex 2: ground 600197.872202 m, vertex 600198.947142 m, +1074.940 mm above the ground
[RockPrecisionFixDiag]   rock 'Kerbin Zn3010000130' 'Grass00' #46 vertex 3: ground 600197.841429 m, vertex 600198.946688 m, +1105.259 mm above the ground
[RockPrecisionFixDiag]   rock 'Kerbin Zn3010000130' 'Grass00' #46 vertex 4: ground 600197.872210 m, vertex 600197.930549 m, +58.339 mm above the ground
[RockPrecisionFixDiag]   rock 'Kerbin Zn3010000130' 'Grass00' #46 vertex 5: ground 600197.841432 m, vertex 600197.930108 m, +88.676 mm above the ground
[RockPrecisionFixDiag]   rock 'Kerbin Zn3010000130' 'Grass00' #46 vertex 6: ground 600197.872202 m, vertex 600198.947142 m, +1074.940 mm above the ground
[RockPrecisionFixDiag]   rock 'Kerbin Zn3010000130' 'Grass00' #46 vertex 7: ground 600197.841429 m, vertex 600198.946688 m, +1105.259 mm above the ground
[RockPrecisionFixDiag]   rock 'Kerbin Zn3010000130' 'Grass00' #47 vertex 0: ground 600196.683428 m, vertex 600196.389837 m, -293.591 mm above the ground
[RockPrecisionFixDiag]   rock 'Kerbin Zn3010000130' 'Grass00' #47 vertex 1: ground 600196.785318 m, vertex 600196.390720 m, -394.598 mm above the ground
[RockPrecisionFixDiag]   rock 'Kerbin Zn3010000130' 'Grass00' #47 vertex 2: ground 600196.683423 m, vertex 600198.160368 m, +1476.945 mm above the ground
[RockPrecisionFixDiag]   rock 'Kerbin Zn3010000130' 'Grass00' #47 vertex 3: ground 600196.785296 m, vertex 600198.161251 m, +1375.955 mm above the ground
[RockPrecisionFixDiag]   rock 'Kerbin Zn3010000130' 'Grass00' #47 vertex 4: ground 600196.683428 m, vertex 600196.389837 m, -293.591 mm above the ground
[RockPrecisionFixDiag]   rock 'Kerbin Zn3010000130' 'Grass00' #47 vertex 5: ground 600196.785318 m, vertex 600196.390720 m, -394.598 mm above the ground
[RockPrecisionFixDiag]   rock 'Kerbin Zn3010000130' 'Grass00' #47 vertex 6: ground 600196.683423 m, vertex 600198.160368 m, +1476.945 mm above the ground
[RockPrecisionFixDiag]   rock 'Kerbin Zn3010000130' 'Grass00' #47 vertex 7: ground 600196.785296 m, vertex 600198.161251 m, +1375.955 mm above the ground
[RockPrecisionFixDiag]   rock 'Kerbin Zn3010000130' 'Grass00' #48 vertex 0: ground 600197.925807 m, vertex 600196.901405 m, -1024.402 mm above the ground
[RockPrecisionFixDiag]   rock 'Kerbin Zn3010000130' 'Grass00' #48 vertex 1: ground 600197.844905 m, vertex 600196.901227 m, -943.678 mm above the ground
[RockPrecisionFixDiag]   rock 'Kerbin Zn3010000130' 'Grass00' #48 vertex 2: ground 600197.925889 m, vertex 600198.640735 m, +714.846 mm above the ground
[RockPrecisionFixDiag]   rock 'Kerbin Zn3010000130' 'Grass00' #48 vertex 3: ground 600197.844987 m, vertex 600198.640557 m, +795.571 mm above the ground
[RockPrecisionFixDiag]   rock 'Kerbin Zn3010000130' 'Grass00' #48 vertex 4: ground 600197.925807 m, vertex 600196.901405 m, -1024.402 mm above the ground
[RockPrecisionFixDiag]   rock 'Kerbin Zn3010000130' 'Grass00' #48 vertex 5: ground 600197.844905 m, vertex 600196.901227 m, -943.678 mm above the ground
[RockPrecisionFixDiag]   rock 'Kerbin Zn3010000130' 'Grass00' #48 vertex 6: ground 600197.925889 m, vertex 600198.640735 m, +714.846 mm above the ground
[RockPrecisionFixDiag]   rock 'Kerbin Zn3010000130' 'Grass00' #48 vertex 7: ground 600197.844987 m, vertex 600198.640557 m, +795.571 mm above the ground
[RockPrecisionFixDiag]   rock 'Kerbin Zn3010000130' 'Grass00' #49 vertex 0: ground 600202.578365 m, vertex 600202.284604 m, -293.762 mm above the ground
[RockPrecisionFixDiag]   rock 'Kerbin Zn3010000130' 'Grass00' #49 vertex 1: ground 600202.658146 m, vertex 600202.285826 m, -372.320 mm above the ground
[RockPrecisionFixDiag]   rock 'Kerbin Zn3010000130' 'Grass00' #49 vertex 2: ground 600202.578383 m, vertex 600203.429901 m, +851.518 mm above the ground
[RockPrecisionFixDiag]   rock 'Kerbin Zn3010000130' 'Grass00' #49 vertex 3: ground 600202.658079 m, vertex 600203.431098 m, +773.019 mm above the ground
[RockPrecisionFixDiag]   rock 'Kerbin Zn3010000130' 'Grass00' #49 vertex 4: ground 600202.578365 m, vertex 600202.284604 m, -293.762 mm above the ground
[RockPrecisionFixDiag]   rock 'Kerbin Zn3010000130' 'Grass00' #49 vertex 5: ground 600202.658146 m, vertex 600202.285826 m, -372.320 mm above the ground
[RockPrecisionFixDiag]   rock 'Kerbin Zn3010000130' 'Grass00' #49 vertex 6: ground 600202.578383 m, vertex 600203.429901 m, +851.518 mm above the ground
[RockPrecisionFixDiag]   rock 'Kerbin Zn3010000130' 'Grass00' #49 vertex 7: ground 600202.658079 m, vertex 600203.431098 m, +773.019 mm above the ground
[RockPrecisionFixDiag]   rock 'Kerbin Zn3010000130' 'Grass00' #50 vertex 0: ground 600204.979982 m, vertex 600202.907827 m, -2072.155 mm above the ground
[RockPrecisionFixDiag]   rock 'Kerbin Zn3010000130' 'Grass00' #50 vertex 1: ground 600204.942752 m, vertex 600202.908213 m, -2034.539 mm above the ground
[RockPrecisionFixDiag]   rock 'Kerbin Zn3010000130' 'Grass00' #50 vertex 2: ground 600204.980008 m, vertex 600204.175390 m, -804.619 mm above the ground
[RockPrecisionFixDiag]   rock 'Kerbin Zn3010000130' 'Grass00' #50 vertex 3: ground 600204.942781 m, vertex 600204.175776 m, -767.005 mm above the ground
[RockPrecisionFixDiag]   rock 'Kerbin Zn3010000130' 'Grass00' #50 vertex 4: ground 600204.979982 m, vertex 600202.907827 m, -2072.155 mm above the ground
[RockPrecisionFixDiag]   rock 'Kerbin Zn3010000130' 'Grass00' #50 vertex 5: ground 600204.942752 m, vertex 600202.908213 m, -2034.539 mm above the ground
[RockPrecisionFixDiag]   rock 'Kerbin Zn3010000130' 'Grass00' #50 vertex 6: ground 600204.980008 m, vertex 600204.175390 m, -804.619 mm above the ground
[RockPrecisionFixDiag]   rock 'Kerbin Zn3010000130' 'Grass00' #50 vertex 7: ground 600204.942781 m, vertex 600204.175776 m, -767.005 mm above the ground
[RockPrecisionFixDiag]   rock 'Kerbin Zn3010000130' 'Grass00' #51 vertex 0: ground 600207.009377 m, vertex 600206.715325 m, -294.052 mm above the ground
[RockPrecisionFixDiag]   rock 'Kerbin Zn3010000130' 'Grass00' #51 vertex 1: ground 600206.864655 m, vertex 600206.716194 m, -148.462 mm above the ground
[RockPrecisionFixDiag]   rock 'Kerbin Zn3010000130' 'Grass00' #51 vertex 2: ground 600207.009384 m, vertex 600208.708951 m, +1699.567 mm above the ground
[RockPrecisionFixDiag]   rock 'Kerbin Zn3010000130' 'Grass00' #51 vertex 3: ground 600206.864665 m, vertex 600208.709813 m, +1845.149 mm above the ground
[RockPrecisionFixDiag]   rock 'Kerbin Zn3010000130' 'Grass00' #51 vertex 4: ground 600207.009377 m, vertex 600206.715325 m, -294.052 mm above the ground
[RockPrecisionFixDiag]   rock 'Kerbin Zn3010000130' 'Grass00' #51 vertex 5: ground 600206.864655 m, vertex 600206.716194 m, -148.462 mm above the ground
[RockPrecisionFixDiag]   rock 'Kerbin Zn3010000130' 'Grass00' #51 vertex 6: ground 600207.009384 m, vertex 600208.708951 m, +1699.567 mm above the ground
[RockPrecisionFixDiag]   rock 'Kerbin Zn3010000130' 'Grass00' #51 vertex 7: ground 600206.864665 m, vertex 600208.709813 m, +1845.149 mm above the ground
[RockPrecisionFixDiag]   rock 'Kerbin Zn3010000130' 'Grass00' #52 vertex 0: ground 600196.596082 m, vertex 600194.438030 m, -2158.052 mm above the ground
[RockPrecisionFixDiag]   rock 'Kerbin Zn3010000130' 'Grass00' #52 vertex 1: ground 600196.665677 m, vertex 600194.436856 m, -2228.821 mm above the ground
[RockPrecisionFixDiag]   rock 'Kerbin Zn3010000130' 'Grass00' #52 vertex 2: ground 600196.596145 m, vertex 600196.145433 m, -450.712 mm above the ground
[RockPrecisionFixDiag]   rock 'Kerbin Zn3010000130' 'Grass00' #52 vertex 3: ground 600196.665721 m, vertex 600196.144259 m, -521.462 mm above the ground
[RockPrecisionFixDiag]   rock 'Kerbin Zn3010000130' 'Grass00' #52 vertex 4: ground 600196.596082 m, vertex 600194.438030 m, -2158.052 mm above the ground
[RockPrecisionFixDiag]   rock 'Kerbin Zn3010000130' 'Grass00' #52 vertex 5: ground 600196.665677 m, vertex 600194.436856 m, -2228.821 mm above the ground
[RockPrecisionFixDiag]   rock 'Kerbin Zn3010000130' 'Grass00' #52 vertex 6: ground 600196.596145 m, vertex 600196.145433 m, -450.712 mm above the ground
[RockPrecisionFixDiag]   rock 'Kerbin Zn3010000130' 'Grass00' #52 vertex 7: ground 600196.665721 m, vertex 600196.144259 m, -521.462 mm above the ground
[RockPrecisionFixDiag]   rock 'Kerbin Zn3010000130' 'Grass00' #53 vertex 0: ground 600210.785557 m, vertex 600210.762735 m, -22.822 mm above the ground
[RockPrecisionFixDiag]   rock 'Kerbin Zn3010000130' 'Grass00' #53 vertex 1: ground 600210.662141 m, vertex 600210.763434 m, +101.293 mm above the ground
[RockPrecisionFixDiag]   rock 'Kerbin Zn3010000130' 'Grass00' #53 vertex 2: ground 600210.785623 m, vertex 600212.174723 m, +1389.101 mm above the ground
[RockPrecisionFixDiag]   rock 'Kerbin Zn3010000130' 'Grass00' #53 vertex 3: ground 600210.662184 m, vertex 600212.175428 m, +1513.244 mm above the ground
[RockPrecisionFixDiag]   rock 'Kerbin Zn3010000130' 'Grass00' #53 vertex 4: ground 600210.785557 m, vertex 600210.762735 m, -22.822 mm above the ground
[RockPrecisionFixDiag]   rock 'Kerbin Zn3010000130' 'Grass00' #53 vertex 5: ground 600210.662141 m, vertex 600210.763434 m, +101.293 mm above the ground
[RockPrecisionFixDiag]   rock 'Kerbin Zn3010000130' 'Grass00' #53 vertex 6: ground 600210.785623 m, vertex 600212.174723 m, +1389.101 mm above the ground
[RockPrecisionFixDiag]   rock 'Kerbin Zn3010000130' 'Grass00' #53 vertex 7: ground 600210.662184 m, vertex 600212.175428 m, +1513.244 mm above the ground
[RockPrecisionFixDiag]   rock 'Kerbin Zn3010000130' 'Grass00' #54 vertex 0: ground 600198.178489 m, vertex 600199.708401 m, +1529.913 mm above the ground
[RockPrecisionFixDiag]   rock 'Kerbin Zn3010000130' 'Grass00' #54 vertex 1: ground 600198.152951 m, vertex 600199.707496 m, +1554.544 mm above the ground
[RockPrecisionFixDiag]   rock 'Kerbin Zn3010000130' 'Grass00' #54 vertex 2: ground 600198.178461 m, vertex 600201.172683 m, +2994.222 mm above the ground
[RockPrecisionFixDiag]   rock 'Kerbin Zn3010000130' 'Grass00' #54 vertex 3: ground 600198.152921 m, vertex 600201.171782 m, +3018.861 mm above the ground
[RockPrecisionFixDiag]   rock 'Kerbin Zn3010000130' 'Grass00' #54 vertex 4: ground 600198.178489 m, vertex 600199.708401 m, +1529.913 mm above the ground
[RockPrecisionFixDiag]   rock 'Kerbin Zn3010000130' 'Grass00' #54 vertex 5: ground 600198.152951 m, vertex 600199.707496 m, +1554.544 mm above the ground
[RockPrecisionFixDiag]   rock 'Kerbin Zn3010000130' 'Grass00' #54 vertex 6: ground 600198.178461 m, vertex 600201.172683 m, +2994.222 mm above the ground
[RockPrecisionFixDiag]   rock 'Kerbin Zn3010000130' 'Grass00' #54 vertex 7: ground 600198.152921 m, vertex 600201.171782 m, +3018.861 mm above the ground
[RockPrecisionFixDiag]   rock 'Kerbin Zn3010000130' 'Grass00' #55 vertex 0: ground 600187.066615 m, vertex 600186.887303 m, -179.312 mm above the ground
[RockPrecisionFixDiag]   rock 'Kerbin Zn3010000130' 'Grass00' #55 vertex 1: ground 600187.055912 m, vertex 600186.887868 m, -168.044 mm above the ground
[RockPrecisionFixDiag]   rock 'Kerbin Zn3010000130' 'Grass00' #55 vertex 2: ground 600187.066612 m, vertex 600188.007277 m, +940.665 mm above the ground
[RockPrecisionFixDiag]   rock 'Kerbin Zn3010000130' 'Grass00' #55 vertex 3: ground 600187.055917 m, vertex 600188.007847 m, +951.930 mm above the ground
[RockPrecisionFixDiag]   rock 'Kerbin Zn3010000130' 'Grass00' #55 vertex 4: ground 600187.066615 m, vertex 600186.887303 m, -179.312 mm above the ground
[RockPrecisionFixDiag]   rock 'Kerbin Zn3010000130' 'Grass00' #55 vertex 5: ground 600187.055912 m, vertex 600186.887868 m, -168.044 mm above the ground
[RockPrecisionFixDiag]   rock 'Kerbin Zn3010000130' 'Grass00' #55 vertex 6: ground 600187.066612 m, vertex 600188.007277 m, +940.665 mm above the ground
[RockPrecisionFixDiag]   rock 'Kerbin Zn3010000130' 'Grass00' #55 vertex 7: ground 600187.055917 m, vertex 600188.007847 m, +951.930 mm above the ground
[RockPrecisionFixDiag]   rock 'Kerbin Zn3010000130' 'Grass00' #56 vertex 0: ground 600195.655331 m, vertex 600195.361089 m, -294.242 mm above the ground
[RockPrecisionFixDiag]   rock 'Kerbin Zn3010000130' 'Grass00' #56 vertex 1: ground 600195.513513 m, vertex 600195.359664 m, -153.849 mm above the ground
[RockPrecisionFixDiag]   rock 'Kerbin Zn3010000130' 'Grass00' #56 vertex 2: ground 600195.655186 m, vertex 600197.061761 m, +1406.576 mm above the ground
[RockPrecisionFixDiag]   rock 'Kerbin Zn3010000130' 'Grass00' #56 vertex 3: ground 600195.513455 m, vertex 600197.060331 m, +1546.876 mm above the ground
[RockPrecisionFixDiag]   rock 'Kerbin Zn3010000130' 'Grass00' #56 vertex 4: ground 600195.655331 m, vertex 600195.361089 m, -294.242 mm above the ground
[RockPrecisionFixDiag]   rock 'Kerbin Zn3010000130' 'Grass00' #56 vertex 5: ground 600195.513513 m, vertex 600195.359664 m, -153.849 mm above the ground
[RockPrecisionFixDiag]   rock 'Kerbin Zn3010000130' 'Grass00' #56 vertex 6: ground 600195.655186 m, vertex 600197.061761 m, +1406.576 mm above the ground
[RockPrecisionFixDiag]   rock 'Kerbin Zn3010000130' 'Grass00' #56 vertex 7: ground 600195.513455 m, vertex 600197.060331 m, +1546.876 mm above the ground
[RockPrecisionFixDiag]   rock 'Kerbin Zn3010000130' 'Grass00' #57 vertex 0: ground 600191.688406 m, vertex 600190.698542 m, -989.864 mm above the ground
[RockPrecisionFixDiag]   rock 'Kerbin Zn3010000130' 'Grass00' #57 vertex 1: ground 600191.599767 m, vertex 600190.699817 m, -899.950 mm above the ground
[RockPrecisionFixDiag]   rock 'Kerbin Zn3010000130' 'Grass00' #57 vertex 2: ground 600191.688490 m, vertex 600192.392972 m, +704.483 mm above the ground
[RockPrecisionFixDiag]   rock 'Kerbin Zn3010000130' 'Grass00' #57 vertex 3: ground 600191.599836 m, vertex 600192.394265 m, +794.430 mm above the ground
[RockPrecisionFixDiag]   rock 'Kerbin Zn3010000130' 'Grass00' #57 vertex 4: ground 600191.688406 m, vertex 600190.698542 m, -989.864 mm above the ground
[RockPrecisionFixDiag]   rock 'Kerbin Zn3010000130' 'Grass00' #57 vertex 5: ground 600191.599767 m, vertex 600190.699817 m, -899.950 mm above the ground
[RockPrecisionFixDiag]   rock 'Kerbin Zn3010000130' 'Grass00' #57 vertex 6: ground 600191.688490 m, vertex 600192.392972 m, +704.483 mm above the ground
[RockPrecisionFixDiag]   rock 'Kerbin Zn3010000130' 'Grass00' #57 vertex 7: ground 600191.599836 m, vertex 600192.394265 m, +794.430 mm above the ground
[RockPrecisionFixDiag]   rock 'Kerbin Zn3010000130' 'Grass00' #58 vertex 0: ground 600201.675393 m, vertex 600201.381320 m, -294.073 mm above the ground
[RockPrecisionFixDiag]   rock 'Kerbin Zn3010000130' 'Grass00' #58 vertex 1: ground 600201.679874 m, vertex 600201.382211 m, -297.664 mm above the ground
[RockPrecisionFixDiag]   rock 'Kerbin Zn3010000130' 'Grass00' #58 vertex 2: ground 600201.675513 m, vertex 600203.331669 m, +1656.156 mm above the ground
[RockPrecisionFixDiag]   rock 'Kerbin Zn3010000130' 'Grass00' #58 vertex 3: ground 600201.680032 m, vertex 600203.332548 m, +1652.516 mm above the ground
[RockPrecisionFixDiag]   rock 'Kerbin Zn3010000130' 'Grass00' #58 vertex 4: ground 600201.675393 m, vertex 600201.381320 m, -294.073 mm above the ground
[RockPrecisionFixDiag]   rock 'Kerbin Zn3010000130' 'Grass00' #58 vertex 5: ground 600201.679874 m, vertex 600201.382211 m, -297.664 mm above the ground
[RockPrecisionFixDiag]   rock 'Kerbin Zn3010000130' 'Grass00' #58 vertex 6: ground 600201.675513 m, vertex 600203.331669 m, +1656.156 mm above the ground
[RockPrecisionFixDiag]   rock 'Kerbin Zn3010000130' 'Grass00' #58 vertex 7: ground 600201.680032 m, vertex 600203.332548 m, +1652.516 mm above the ground
[RockPrecisionFixDiag]   rock 'Kerbin Zn3010000130' 'Grass00' #59 vertex 0: ground 600195.830185 m, vertex 600195.536788 m, -293.397 mm above the ground
[RockPrecisionFixDiag]   rock 'Kerbin Zn3010000130' 'Grass00' #59 vertex 1: ground 600195.861278 m, vertex 600195.534987 m, -326.291 mm above the ground
[RockPrecisionFixDiag]   rock 'Kerbin Zn3010000130' 'Grass00' #59 vertex 2: ground 600195.830205 m, vertex 600197.485475 m, +1655.270 mm above the ground
[RockPrecisionFixDiag]   rock 'Kerbin Zn3010000130' 'Grass00' #59 vertex 3: ground 600195.861299 m, vertex 600197.483649 m, +1622.350 mm above the ground
[RockPrecisionFixDiag]   rock 'Kerbin Zn3010000130' 'Grass00' #59 vertex 4: ground 600195.830185 m, vertex 600195.536788 m, -293.397 mm above the ground
[RockPrecisionFixDiag]   rock 'Kerbin Zn3010000130' 'Grass00' #59 vertex 5: ground 600195.861278 m, vertex 600195.534987 m, -326.291 mm above the ground
[RockPrecisionFixDiag]   rock 'Kerbin Zn3010000130' 'Grass00' #59 vertex 6: ground 600195.830205 m, vertex 600197.485475 m, +1655.270 mm above the ground
[RockPrecisionFixDiag]   rock 'Kerbin Zn3010000130' 'Grass00' #59 vertex 7: ground 600195.861299 m, vertex 600197.483649 m, +1622.350 mm above the ground
[RockPrecisionFixDiag]   rock 'Kerbin Zn3010000130' 'Grass00' #60 vertex 0: ground 600206.983109 m, vertex 600206.690293 m, -292.815 mm above the ground
[RockPrecisionFixDiag]   rock 'Kerbin Zn3010000130' 'Grass00' #60 vertex 1: ground 600206.848181 m, vertex 600206.691720 m, -156.461 mm above the ground
[RockPrecisionFixDiag]   rock 'Kerbin Zn3010000130' 'Grass00' #60 vertex 2: ground 600206.983364 m, vertex 600208.669371 m, +1686.007 mm above the ground
[RockPrecisionFixDiag]   rock 'Kerbin Zn3010000130' 'Grass00' #60 vertex 3: ground 600206.848332 m, vertex 600208.670807 m, +1822.475 mm above the ground
[RockPrecisionFixDiag]   rock 'Kerbin Zn3010000130' 'Grass00' #60 vertex 4: ground 600206.983109 m, vertex 600206.690293 m, -292.815 mm above the ground
[RockPrecisionFixDiag]   rock 'Kerbin Zn3010000130' 'Grass00' #60 vertex 5: ground 600206.848181 m, vertex 600206.691720 m, -156.461 mm above the ground
[RockPrecisionFixDiag]   rock 'Kerbin Zn3010000130' 'Grass00' #60 vertex 6: ground 600206.983364 m, vertex 600208.669371 m, +1686.007 mm above the ground
[RockPrecisionFixDiag]   rock 'Kerbin Zn3010000130' 'Grass00' #60 vertex 7: ground 600206.848332 m, vertex 600208.670807 m, +1822.475 mm above the ground
[RockPrecisionFixDiag]   rock 'Kerbin Zn3010000130' 'Grass00' #61 vertex 0: ground 600211.796758 m, vertex 600211.503090 m, -293.669 mm above the ground
[RockPrecisionFixDiag]   rock 'Kerbin Zn3010000130' 'Grass00' #61 vertex 1: ground 600211.832581 m, vertex 600211.504068 m, -328.513 mm above the ground
[RockPrecisionFixDiag]   rock 'Kerbin Zn3010000130' 'Grass00' #61 vertex 2: ground 600211.796763 m, vertex 600212.634858 m, +838.095 mm above the ground
[RockPrecisionFixDiag]   rock 'Kerbin Zn3010000130' 'Grass00' #61 vertex 3: ground 600211.832576 m, vertex 600212.635819 m, +803.243 mm above the ground
[RockPrecisionFixDiag]   rock 'Kerbin Zn3010000130' 'Grass00' #61 vertex 4: ground 600211.796758 m, vertex 600211.503090 m, -293.669 mm above the ground
[RockPrecisionFixDiag]   rock 'Kerbin Zn3010000130' 'Grass00' #61 vertex 5: ground 600211.832581 m, vertex 600211.504068 m, -328.513 mm above the ground
[RockPrecisionFixDiag]   rock 'Kerbin Zn3010000130' 'Grass00' #61 vertex 6: ground 600211.796763 m, vertex 600212.634858 m, +838.095 mm above the ground
[RockPrecisionFixDiag]   rock 'Kerbin Zn3010000130' 'Grass00' #61 vertex 7: ground 600211.832576 m, vertex 600212.635819 m, +803.243 mm above the ground
[RockPrecisionFixDiag]   rock 'Kerbin Zn3010000130' 'Grass00' #62 vertex 0: ground 600199.556430 m, vertex 600199.263505 m, -292.925 mm above the ground
[RockPrecisionFixDiag]   rock 'Kerbin Zn3010000130' 'Grass00' #62 vertex 1: ground 600199.617432 m, vertex 600199.263320 m, -354.111 mm above the ground
[RockPrecisionFixDiag]   rock 'Kerbin Zn3010000130' 'Grass00' #62 vertex 2: ground 600199.556383 m, vertex 600200.584419 m, +1028.036 mm above the ground
[RockPrecisionFixDiag]   rock 'Kerbin Zn3010000130' 'Grass00' #62 vertex 3: ground 600199.617369 m, vertex 600200.584228 m, +966.859 mm above the ground
[RockPrecisionFixDiag]   rock 'Kerbin Zn3010000130' 'Grass00' #62 vertex 4: ground 600199.556430 m, vertex 600199.263505 m, -292.925 mm above the ground
[RockPrecisionFixDiag]   rock 'Kerbin Zn3010000130' 'Grass00' #62 vertex 5: ground 600199.617432 m, vertex 600199.263320 m, -354.111 mm above the ground
[RockPrecisionFixDiag]   rock 'Kerbin Zn3010000130' 'Grass00' #62 vertex 6: ground 600199.556383 m, vertex 600200.584419 m, +1028.036 mm above the ground
[RockPrecisionFixDiag]   rock 'Kerbin Zn3010000130' 'Grass00' #62 vertex 7: ground 600199.617369 m, vertex 600200.584228 m, +966.859 mm above the ground
[RockPrecisionFixDiag]   rock 'Kerbin Zn3010000130' 'Grass00' #63 vertex 0: ground 600203.705056 m, vertex 600203.411483 m, -293.573 mm above the ground
[RockPrecisionFixDiag]   rock 'Kerbin Zn3010000130' 'Grass00' #63 vertex 1: ground 600203.760851 m, vertex 600203.412157 m, -348.694 mm above the ground
[RockPrecisionFixDiag]   rock 'Kerbin Zn3010000130' 'Grass00' #63 vertex 2: ground 600203.704991 m, vertex 600204.460866 m, +755.875 mm above the ground
[RockPrecisionFixDiag]   rock 'Kerbin Zn3010000130' 'Grass00' #63 vertex 3: ground 600203.760769 m, vertex 600204.461540 m, +700.770 mm above the ground
[RockPrecisionFixDiag]   rock 'Kerbin Zn3010000130' 'Grass00' #63 vertex 4: ground 600203.705056 m, vertex 600203.411483 m, -293.573 mm above the ground
[RockPrecisionFixDiag]   rock 'Kerbin Zn3010000130' 'Grass00' #63 vertex 5: ground 600203.760851 m, vertex 600203.412157 m, -348.694 mm above the ground
[RockPrecisionFixDiag]   rock 'Kerbin Zn3010000130' 'Grass00' #63 vertex 6: ground 600203.704991 m, vertex 600204.460866 m, +755.875 mm above the ground
[RockPrecisionFixDiag]   rock 'Kerbin Zn3010000130' 'Grass00' #63 vertex 7: ground 600203.760769 m, vertex 600204.461540 m, +700.770 mm above the ground
[RockPrecisionFixDiag]   rock 'Kerbin Zn3010000130' 'Grass00' #64 vertex 0: ground 600204.408729 m, vertex 600204.115155 m, -293.573 mm above the ground
[RockPrecisionFixDiag]   rock 'Kerbin Zn3010000130' 'Grass00' #64 vertex 1: ground 600204.350523 m, vertex 600204.114118 m, -236.405 mm above the ground
[RockPrecisionFixDiag]   rock 'Kerbin Zn3010000130' 'Grass00' #64 vertex 2: ground 600204.408682 m, vertex 600205.600942 m, +1192.260 mm above the ground
[RockPrecisionFixDiag]   rock 'Kerbin Zn3010000130' 'Grass00' #64 vertex 3: ground 600204.350487 m, vertex 600205.599922 m, +1249.435 mm above the ground
[RockPrecisionFixDiag]   rock 'Kerbin Zn3010000130' 'Grass00' #64 vertex 4: ground 600204.408729 m, vertex 600204.115155 m, -293.573 mm above the ground
[RockPrecisionFixDiag]   rock 'Kerbin Zn3010000130' 'Grass00' #64 vertex 5: ground 600204.350523 m, vertex 600204.114118 m, -236.405 mm above the ground
[RockPrecisionFixDiag]   rock 'Kerbin Zn3010000130' 'Grass00' #64 vertex 6: ground 600204.408682 m, vertex 600205.600942 m, +1192.260 mm above the ground
[RockPrecisionFixDiag]   rock 'Kerbin Zn3010000130' 'Grass00' #64 vertex 7: ground 600204.350487 m, vertex 600205.599922 m, +1249.435 mm above the ground
[RockPrecisionFixDiag]   rock 'Kerbin Zn3010000130' 'Grass00' #65 vertex 0: ground 600192.317935 m, vertex 600192.024213 m, -293.722 mm above the ground
[RockPrecisionFixDiag]   rock 'Kerbin Zn3010000130' 'Grass00' #65 vertex 1: ground 600192.266478 m, vertex 600192.024554 m, -241.924 mm above the ground
[RockPrecisionFixDiag]   rock 'Kerbin Zn3010000130' 'Grass00' #65 vertex 2: ground 600192.317966 m, vertex 600193.984744 m, +1666.777 mm above the ground
[RockPrecisionFixDiag]   rock 'Kerbin Zn3010000130' 'Grass00' #65 vertex 3: ground 600192.266484 m, vertex 600193.985084 m, +1718.600 mm above the ground
[RockPrecisionFixDiag]   rock 'Kerbin Zn3010000130' 'Grass00' #65 vertex 4: ground 600192.317935 m, vertex 600192.024213 m, -293.722 mm above the ground
[RockPrecisionFixDiag]   rock 'Kerbin Zn3010000130' 'Grass00' #65 vertex 5: ground 600192.266478 m, vertex 600192.024554 m, -241.924 mm above the ground
[RockPrecisionFixDiag]   rock 'Kerbin Zn3010000130' 'Grass00' #65 vertex 6: ground 600192.317966 m, vertex 600193.984744 m, +1666.777 mm above the ground
[RockPrecisionFixDiag]   rock 'Kerbin Zn3010000130' 'Grass00' #65 vertex 7: ground 600192.266484 m, vertex 600193.985084 m, +1718.600 mm above the ground
[RockPrecisionFixDiag]   rock 'Kerbin Zn3010000130' 'Grass00' #66 vertex 0: ground 600201.844261 m, vertex 600201.550670 m, -293.591 mm above the ground
[RockPrecisionFixDiag]   rock 'Kerbin Zn3010000130' 'Grass00' #66 vertex 1: ground 600201.852422 m, vertex 600201.549806 m, -302.616 mm above the ground
[RockPrecisionFixDiag]   rock 'Kerbin Zn3010000130' 'Grass00' #66 vertex 2: ground 600201.844266 m, vertex 600202.753987 m, +909.720 mm above the ground
[RockPrecisionFixDiag]   rock 'Kerbin Zn3010000130' 'Grass00' #66 vertex 3: ground 600201.852462 m, vertex 600202.753115 m, +900.653 mm above the ground
[RockPrecisionFixDiag]   rock 'Kerbin Zn3010000130' 'Grass00' #66 vertex 4: ground 600201.844261 m, vertex 600201.550670 m, -293.591 mm above the ground
[RockPrecisionFixDiag]   rock 'Kerbin Zn3010000130' 'Grass00' #66 vertex 5: ground 600201.852422 m, vertex 600201.549806 m, -302.616 mm above the ground
[RockPrecisionFixDiag]   rock 'Kerbin Zn3010000130' 'Grass00' #66 vertex 6: ground 600201.844266 m, vertex 600202.753987 m, +909.720 mm above the ground
[RockPrecisionFixDiag]   rock 'Kerbin Zn3010000130' 'Grass00' #66 vertex 7: ground 600201.852462 m, vertex 600202.753115 m, +900.653 mm above the ground
[RockPrecisionFixDiag]   rock 'Kerbin Zn3010000130' 'Grass00' #67 vertex 0: ground 600192.946878 m, vertex 600192.991303 m, +44.425 mm above the ground
[RockPrecisionFixDiag]   rock 'Kerbin Zn3010000130' 'Grass00' #67 vertex 1: ground 600192.957994 m, vertex 600192.990360 m, +32.367 mm above the ground
[RockPrecisionFixDiag]   rock 'Kerbin Zn3010000130' 'Grass00' #67 vertex 2: ground 600192.946924 m, vertex 600193.993346 m, +1046.423 mm above the ground
[RockPrecisionFixDiag]   rock 'Kerbin Zn3010000130' 'Grass00' #67 vertex 3: ground 600192.958046 m, vertex 600193.992361 m, +1034.314 mm above the ground
[RockPrecisionFixDiag]   rock 'Kerbin Zn3010000130' 'Grass00' #67 vertex 4: ground 600192.946878 m, vertex 600192.991303 m, +44.425 mm above the ground
[RockPrecisionFixDiag]   rock 'Kerbin Zn3010000130' 'Grass00' #67 vertex 5: ground 600192.957994 m, vertex 600192.990360 m, +32.367 mm above the ground
[RockPrecisionFixDiag]   rock 'Kerbin Zn3010000130' 'Grass00' #67 vertex 6: ground 600192.946924 m, vertex 600193.993346 m, +1046.423 mm above the ground
[RockPrecisionFixDiag]   rock 'Kerbin Zn3010000130' 'Grass00' #67 vertex 7: ground 600192.958046 m, vertex 600193.992361 m, +1034.314 mm above the ground
[RockPrecisionFixDiag]   rock 'Kerbin Zn3010000130' 'Grass00' #68 vertex 0: ground 600198.214799 m, vertex 600199.251983 m, +1037.184 mm above the ground
[RockPrecisionFixDiag]   rock 'Kerbin Zn3010000130' 'Grass00' #68 vertex 1: ground 600198.165288 m, vertex 600199.251722 m, +1086.434 mm above the ground
[RockPrecisionFixDiag]   rock 'Kerbin Zn3010000130' 'Grass00' #68 vertex 2: ground 600198.214822 m, vertex 600200.898754 m, +2683.932 mm above the ground
[RockPrecisionFixDiag]   rock 'Kerbin Zn3010000130' 'Grass00' #68 vertex 3: ground 600198.165307 m, vertex 600200.898500 m, +2733.192 mm above the ground
[RockPrecisionFixDiag]   rock 'Kerbin Zn3010000130' 'Grass00' #68 vertex 4: ground 600198.214799 m, vertex 600199.251983 m, +1037.184 mm above the ground
[RockPrecisionFixDiag]   rock 'Kerbin Zn3010000130' 'Grass00' #68 vertex 5: ground 600198.165288 m, vertex 600199.251722 m, +1086.434 mm above the ground
[RockPrecisionFixDiag]   rock 'Kerbin Zn3010000130' 'Grass00' #68 vertex 6: ground 600198.214822 m, vertex 600200.898754 m, +2683.932 mm above the ground
[RockPrecisionFixDiag]   rock 'Kerbin Zn3010000130' 'Grass00' #68 vertex 7: ground 600198.165307 m, vertex 600200.898500 m, +2733.192 mm above the ground
[RockPrecisionFixDiag]   rock 'Kerbin Zn3010000130' 'Grass00' #69 vertex 0: ground 600191.898510 m, vertex 600191.605199 m, -293.311 mm above the ground
[RockPrecisionFixDiag]   rock 'Kerbin Zn3010000130' 'Grass00' #69 vertex 1: ground 600191.842905 m, vertex 600191.604340 m, -238.566 mm above the ground
[RockPrecisionFixDiag]   rock 'Kerbin Zn3010000130' 'Grass00' #69 vertex 2: ground 600191.898467 m, vertex 600193.383619 m, +1485.152 mm above the ground
[RockPrecisionFixDiag]   rock 'Kerbin Zn3010000130' 'Grass00' #69 vertex 3: ground 600191.842879 m, vertex 600193.382760 m, +1539.882 mm above the ground
[RockPrecisionFixDiag]   rock 'Kerbin Zn3010000130' 'Grass00' #69 vertex 4: ground 600191.898510 m, vertex 600191.605199 m, -293.311 mm above the ground
[RockPrecisionFixDiag]   rock 'Kerbin Zn3010000130' 'Grass00' #69 vertex 5: ground 600191.842905 m, vertex 600191.604340 m, -238.566 mm above the ground
[RockPrecisionFixDiag]   rock 'Kerbin Zn3010000130' 'Grass00' #69 vertex 6: ground 600191.898467 m, vertex 600193.383619 m, +1485.152 mm above the ground
[RockPrecisionFixDiag]   rock 'Kerbin Zn3010000130' 'Grass00' #69 vertex 7: ground 600191.842879 m, vertex 600193.382760 m, +1539.882 mm above the ground
[RockPrecisionFixDiag]   rock 'Kerbin Zn3010000130' 'Grass00' #70 vertex 0: ground 600192.412685 m, vertex 600192.250519 m, -162.166 mm above the ground
[RockPrecisionFixDiag]   rock 'Kerbin Zn3010000130' 'Grass00' #70 vertex 1: ground 600192.401563 m, vertex 600192.251892 m, -149.670 mm above the ground
[RockPrecisionFixDiag]   rock 'Kerbin Zn3010000130' 'Grass00' #70 vertex 2: ground 600192.412679 m, vertex 600194.223490 m, +1810.811 mm above the ground
[RockPrecisionFixDiag]   rock 'Kerbin Zn3010000130' 'Grass00' #70 vertex 3: ground 600192.401607 m, vertex 600194.224863 m, +1823.256 mm above the ground
[RockPrecisionFixDiag]   rock 'Kerbin Zn3010000130' 'Grass00' #70 vertex 4: ground 600192.412685 m, vertex 600192.250519 m, -162.166 mm above the ground
[RockPrecisionFixDiag]   rock 'Kerbin Zn3010000130' 'Grass00' #70 vertex 5: ground 600192.401563 m, vertex 600192.251892 m, -149.670 mm above the ground
[RockPrecisionFixDiag]   rock 'Kerbin Zn3010000130' 'Grass00' #70 vertex 6: ground 600192.412679 m, vertex 600194.223490 m, +1810.811 mm above the ground
[RockPrecisionFixDiag]   rock 'Kerbin Zn3010000130' 'Grass00' #70 vertex 7: ground 600192.401607 m, vertex 600194.224863 m, +1823.256 mm above the ground
[RockPrecisionFixDiag]   rock 'Kerbin Zn3010000130' 'Grass00' #71 vertex 0: ground 600206.117849 m, vertex 600204.340824 m, -1777.025 mm above the ground
[RockPrecisionFixDiag]   rock 'Kerbin Zn3010000130' 'Grass00' #71 vertex 1: ground 600206.087146 m, vertex 600204.341664 m, -1745.482 mm above the ground
[RockPrecisionFixDiag]   rock 'Kerbin Zn3010000130' 'Grass00' #71 vertex 2: ground 600206.117969 m, vertex 600206.119659 m, +1.690 mm above the ground
[RockPrecisionFixDiag]   rock 'Kerbin Zn3010000130' 'Grass00' #71 vertex 3: ground 600206.087254 m, vertex 600206.120510 m, +33.256 mm above the ground
[RockPrecisionFixDiag]   rock 'Kerbin Zn3010000130' 'Grass00' #71 vertex 4: ground 600206.117849 m, vertex 600204.340824 m, -1777.025 mm above the ground
[RockPrecisionFixDiag]   rock 'Kerbin Zn3010000130' 'Grass00' #71 vertex 5: ground 600206.087146 m, vertex 600204.341664 m, -1745.482 mm above the ground
[RockPrecisionFixDiag]   rock 'Kerbin Zn3010000130' 'Grass00' #71 vertex 6: ground 600206.117969 m, vertex 600206.119659 m, +1.690 mm above the ground
[RockPrecisionFixDiag]   rock 'Kerbin Zn3010000130' 'Grass00' #71 vertex 7: ground 600206.087254 m, vertex 600206.120510 m, +33.256 mm above the ground
[RockPrecisionFixDiag]   rock 'Kerbin Zn3010000130' 'Grass00' #72 vertex 0: ground 600193.022286 m, vertex 600192.728424 m, -293.861 mm above the ground
[RockPrecisionFixDiag]   rock 'Kerbin Zn3010000130' 'Grass00' #72 vertex 1: ground 600193.021727 m, vertex 600192.728076 m, -293.651 mm above the ground
[RockPrecisionFixDiag]   rock 'Kerbin Zn3010000130' 'Grass00' #72 vertex 2: ground 600193.022290 m, vertex 600193.842948 m, +820.658 mm above the ground
[RockPrecisionFixDiag]   rock 'Kerbin Zn3010000130' 'Grass00' #72 vertex 3: ground 600193.021697 m, vertex 600193.842600 m, +820.902 mm above the ground
[RockPrecisionFixDiag]   rock 'Kerbin Zn3010000130' 'Grass00' #72 vertex 4: ground 600193.022286 m, vertex 600192.728424 m, -293.861 mm above the ground
[RockPrecisionFixDiag]   rock 'Kerbin Zn3010000130' 'Grass00' #72 vertex 5: ground 600193.021727 m, vertex 600192.728076 m, -293.651 mm above the ground
[RockPrecisionFixDiag]   rock 'Kerbin Zn3010000130' 'Grass00' #72 vertex 6: ground 600193.022290 m, vertex 600193.842948 m, +820.658 mm above the ground
[RockPrecisionFixDiag]   rock 'Kerbin Zn3010000130' 'Grass00' #72 vertex 7: ground 600193.021697 m, vertex 600193.842600 m, +820.902 mm above the ground
[RockPrecisionFixDiag]   rock 'Kerbin Zn3010000130' 'Grass00' #73 vertex 0: ground 600188.595629 m, vertex 600188.517881 m, -77.748 mm above the ground
[RockPrecisionFixDiag]   rock 'Kerbin Zn3010000130' 'Grass00' #73 vertex 1: ground 600188.597603 m, vertex 600188.518083 m, -79.520 mm above the ground
[RockPrecisionFixDiag]   rock 'Kerbin Zn3010000130' 'Grass00' #73 vertex 2: ground 600188.595626 m, vertex 600189.711512 m, +1115.886 mm above the ground
[RockPrecisionFixDiag]   rock 'Kerbin Zn3010000130' 'Grass00' #73 vertex 3: ground 600188.597603 m, vertex 600189.711715 m, +1114.112 mm above the ground
[RockPrecisionFixDiag]   rock 'Kerbin Zn3010000130' 'Grass00' #73 vertex 4: ground 600188.595629 m, vertex 600188.517881 m, -77.748 mm above the ground
[RockPrecisionFixDiag]   rock 'Kerbin Zn3010000130' 'Grass00' #73 vertex 5: ground 600188.597603 m, vertex 600188.518083 m, -79.520 mm above the ground
[RockPrecisionFixDiag]   rock 'Kerbin Zn3010000130' 'Grass00' #73 vertex 6: ground 600188.595626 m, vertex 600189.711512 m, +1115.886 mm above the ground
[RockPrecisionFixDiag]   rock 'Kerbin Zn3010000130' 'Grass00' #73 vertex 7: ground 600188.597603 m, vertex 600189.711715 m, +1114.112 mm above the ground
[RockPrecisionFixDiag]   rock 'Kerbin Zn3010000130' 'Grass00' #74 vertex 0: ground 600201.740264 m, vertex 600202.896749 m, +1156.485 mm above the ground
[RockPrecisionFixDiag]   rock 'Kerbin Zn3010000130' 'Grass00' #74 vertex 1: ground 600201.741687 m, vertex 600202.895717 m, +1154.030 mm above the ground
[RockPrecisionFixDiag]   rock 'Kerbin Zn3010000130' 'Grass00' #74 vertex 2: ground 600201.740231 m, vertex 600204.644756 m, +2904.525 mm above the ground
[RockPrecisionFixDiag]   rock 'Kerbin Zn3010000130' 'Grass00' #74 vertex 3: ground 600201.741636 m, vertex 600204.643731 m, +2902.095 mm above the ground
[RockPrecisionFixDiag]   rock 'Kerbin Zn3010000130' 'Grass00' #74 vertex 4: ground 600201.740264 m, vertex 600202.896749 m, +1156.485 mm above the ground
[RockPrecisionFixDiag]   rock 'Kerbin Zn3010000130' 'Grass00' #74 vertex 5: ground 600201.741687 m, vertex 600202.895717 m, +1154.030 mm above the ground
[RockPrecisionFixDiag]   rock 'Kerbin Zn3010000130' 'Grass00' #74 vertex 6: ground 600201.740231 m, vertex 600204.644756 m, +2904.525 mm above the ground
[RockPrecisionFixDiag]   rock 'Kerbin Zn3010000130' 'Grass00' #74 vertex 7: ground 600201.741636 m, vertex 600204.643731 m, +2902.095 mm above the ground
[RockPrecisionFixDiag]   rock 'Kerbin Zn3010000130' 'Grass00' #75 vertex 0: ground 600199.664684 m, vertex 600199.370886 m, -293.798 mm above the ground
[RockPrecisionFixDiag]   rock 'Kerbin Zn3010000130' 'Grass00' #75 vertex 1: ground 600199.720966 m, vertex 600199.371562 m, -349.404 mm above the ground
[RockPrecisionFixDiag]   rock 'Kerbin Zn3010000130' 'Grass00' #75 vertex 2: ground 600199.664728 m, vertex 600201.367134 m, +1702.405 mm above the ground
[RockPrecisionFixDiag]   rock 'Kerbin Zn3010000130' 'Grass00' #75 vertex 3: ground 600199.721004 m, vertex 600201.367806 m, +1646.802 mm above the ground
[RockPrecisionFixDiag]   rock 'Kerbin Zn3010000130' 'Grass00' #75 vertex 4: ground 600199.664684 m, vertex 600199.370886 m, -293.798 mm above the ground
[RockPrecisionFixDiag]   rock 'Kerbin Zn3010000130' 'Grass00' #75 vertex 5: ground 600199.720966 m, vertex 600199.371562 m, -349.404 mm above the ground
[RockPrecisionFixDiag]   rock 'Kerbin Zn3010000130' 'Grass00' #75 vertex 6: ground 600199.664728 m, vertex 600201.367134 m, +1702.405 mm above the ground
[RockPrecisionFixDiag]   rock 'Kerbin Zn3010000130' 'Grass00' #75 vertex 7: ground 600199.721004 m, vertex 600201.367806 m, +1646.802 mm above the ground
[RockPrecisionFixDiag]   rock 'Kerbin Zn3010000130' 'Grass00' #76 vertex 0: ground 600189.457281 m, vertex 600188.547144 m, -910.137 mm above the ground
[RockPrecisionFixDiag]   rock 'Kerbin Zn3010000130' 'Grass00' #76 vertex 1: ground 600189.445506 m, vertex 600188.546712 m, -898.794 mm above the ground
[RockPrecisionFixDiag]   rock 'Kerbin Zn3010000130' 'Grass00' #76 vertex 2: ground 600189.457327 m, vertex 600190.450477 m, +993.149 mm above the ground
[RockPrecisionFixDiag]   rock 'Kerbin Zn3010000130' 'Grass00' #76 vertex 3: ground 600189.445542 m, vertex 600190.450047 m, +1004.505 mm above the ground
[RockPrecisionFixDiag]   rock 'Kerbin Zn3010000130' 'Grass00' #76 vertex 4: ground 600189.457281 m, vertex 600188.547144 m, -910.137 mm above the ground
[RockPrecisionFixDiag]   rock 'Kerbin Zn3010000130' 'Grass00' #76 vertex 5: ground 600189.445506 m, vertex 600188.546712 m, -898.794 mm above the ground
[RockPrecisionFixDiag]   rock 'Kerbin Zn3010000130' 'Grass00' #76 vertex 6: ground 600189.457327 m, vertex 600190.450477 m, +993.149 mm above the ground
[RockPrecisionFixDiag]   rock 'Kerbin Zn3010000130' 'Grass00' #76 vertex 7: ground 600189.445542 m, vertex 600190.450047 m, +1004.505 mm above the ground
[RockPrecisionFixDiag]   rock 'Kerbin Zn3010000130' 'Grass00' #77 vertex 0: ground 600194.000031 m, vertex 600193.706857 m, -293.174 mm above the ground
[RockPrecisionFixDiag]   rock 'Kerbin Zn3010000130' 'Grass00' #77 vertex 1: ground 600194.067219 m, vertex 600193.706327 m, -360.892 mm above the ground
[RockPrecisionFixDiag]   rock 'Kerbin Zn3010000130' 'Grass00' #77 vertex 2: ground 600194.000035 m, vertex 600195.582693 m, +1582.658 mm above the ground
[RockPrecisionFixDiag]   rock 'Kerbin Zn3010000130' 'Grass00' #77 vertex 3: ground 600194.067244 m, vertex 600195.582151 m, +1514.907 mm above the ground
[RockPrecisionFixDiag]   rock 'Kerbin Zn3010000130' 'Grass00' #77 vertex 4: ground 600194.000031 m, vertex 600193.706857 m, -293.174 mm above the ground
[RockPrecisionFixDiag]   rock 'Kerbin Zn3010000130' 'Grass00' #77 vertex 5: ground 600194.067219 m, vertex 600193.706327 m, -360.892 mm above the ground
[RockPrecisionFixDiag]   rock 'Kerbin Zn3010000130' 'Grass00' #77 vertex 6: ground 600194.000035 m, vertex 600195.582693 m, +1582.658 mm above the ground
[RockPrecisionFixDiag]   rock 'Kerbin Zn3010000130' 'Grass00' #77 vertex 7: ground 600194.067244 m, vertex 600195.582151 m, +1514.907 mm above the ground
[RockPrecisionFixDiag]   rock 'Kerbin Zn3010000130' 'Grass00' #78 vertex 0: ground 600204.153147 m, vertex 600203.859365 m, -293.782 mm above the ground
[RockPrecisionFixDiag]   rock 'Kerbin Zn3010000130' 'Grass00' #78 vertex 1: ground 600204.181304 m, vertex 600203.860269 m, -321.036 mm above the ground
[RockPrecisionFixDiag]   rock 'Kerbin Zn3010000130' 'Grass00' #78 vertex 2: ground 600204.153014 m, vertex 600205.577186 m, +1424.172 mm above the ground
[RockPrecisionFixDiag]   rock 'Kerbin Zn3010000130' 'Grass00' #78 vertex 3: ground 600204.181220 m, vertex 600205.578078 m, +1396.858 mm above the ground
[RockPrecisionFixDiag]   rock 'Kerbin Zn3010000130' 'Grass00' #78 vertex 4: ground 600204.153147 m, vertex 600203.859365 m, -293.782 mm above the ground
[RockPrecisionFixDiag]   rock 'Kerbin Zn3010000130' 'Grass00' #78 vertex 5: ground 600204.181304 m, vertex 600203.860269 m, -321.036 mm above the ground
[RockPrecisionFixDiag]   rock 'Kerbin Zn3010000130' 'Grass00' #78 vertex 6: ground 600204.153014 m, vertex 600205.577186 m, +1424.172 mm above the ground
[RockPrecisionFixDiag]   rock 'Kerbin Zn3010000130' 'Grass00' #78 vertex 7: ground 600204.181220 m, vertex 600205.578078 m, +1396.858 mm above the ground
[RockPrecisionFixDiag]   rock 'Kerbin Zn3010000130' 'Grass00' #79 vertex 0: ground 600195.011317 m, vertex 600194.717938 m, -293.379 mm above the ground
[RockPrecisionFixDiag]   rock 'Kerbin Zn3010000130' 'Grass00' #79 vertex 1: ground 600194.971643 m, vertex 600194.716601 m, -255.042 mm above the ground
[RockPrecisionFixDiag]   rock 'Kerbin Zn3010000130' 'Grass00' #79 vertex 2: ground 600195.011281 m, vertex 600196.274751 m, +1263.470 mm above the ground
[RockPrecisionFixDiag]   rock 'Kerbin Zn3010000130' 'Grass00' #79 vertex 3: ground 600194.971615 m, vertex 600196.273397 m, +1301.782 mm above the ground
[RockPrecisionFixDiag]   rock 'Kerbin Zn3010000130' 'Grass00' #79 vertex 4: ground 600195.011317 m, vertex 600194.717938 m, -293.379 mm above the ground
[RockPrecisionFixDiag]   rock 'Kerbin Zn3010000130' 'Grass00' #79 vertex 5: ground 600194.971643 m, vertex 600194.716601 m, -255.042 mm above the ground
[RockPrecisionFixDiag]   rock 'Kerbin Zn3010000130' 'Grass00' #79 vertex 6: ground 600195.011281 m, vertex 600196.274751 m, +1263.470 mm above the ground
[RockPrecisionFixDiag]   rock 'Kerbin Zn3010000130' 'Grass00' #79 vertex 7: ground 600194.971615 m, vertex 600196.273397 m, +1301.782 mm above the ground
[RockPrecisionFixDiag]   rock 'Kerbin Zn3010000130' 'Grass00' #80 vertex 0: ground 600188.964635 m, vertex 600188.523906 m, -440.728 mm above the ground
[RockPrecisionFixDiag]   rock 'Kerbin Zn3010000130' 'Grass00' #80 vertex 1: ground 600188.973938 m, vertex 600188.524567 m, -449.371 mm above the ground
[RockPrecisionFixDiag]   rock 'Kerbin Zn3010000130' 'Grass00' #80 vertex 2: ground 600188.964661 m, vertex 600189.706863 m, +742.202 mm above the ground
[RockPrecisionFixDiag]   rock 'Kerbin Zn3010000130' 'Grass00' #80 vertex 3: ground 600188.973982 m, vertex 600189.707511 m, +733.529 mm above the ground
[RockPrecisionFixDiag]   rock 'Kerbin Zn3010000130' 'Grass00' #80 vertex 4: ground 600188.964635 m, vertex 600188.523906 m, -440.728 mm above the ground
[RockPrecisionFixDiag]   rock 'Kerbin Zn3010000130' 'Grass00' #80 vertex 5: ground 600188.973938 m, vertex 600188.524567 m, -449.371 mm above the ground
[RockPrecisionFixDiag]   rock 'Kerbin Zn3010000130' 'Grass00' #80 vertex 6: ground 600188.964661 m, vertex 600189.706863 m, +742.202 mm above the ground
[RockPrecisionFixDiag]   rock 'Kerbin Zn3010000130' 'Grass00' #80 vertex 7: ground 600188.973982 m, vertex 600189.707511 m, +733.529 mm above the ground
[RockPrecisionFixDiag]   rock 'Kerbin Zn3010000130' 'Grass00' #81 vertex 0: ground 600189.900204 m, vertex 600189.830043 m, -70.160 mm above the ground
[RockPrecisionFixDiag]   rock 'Kerbin Zn3010000130' 'Grass00' #81 vertex 1: ground 600189.901815 m, vertex 600189.829754 m, -72.061 mm above the ground
[RockPrecisionFixDiag]   rock 'Kerbin Zn3010000130' 'Grass00' #81 vertex 2: ground 600189.900201 m, vertex 600191.065562 m, +1165.361 mm above the ground
[RockPrecisionFixDiag]   rock 'Kerbin Zn3010000130' 'Grass00' #81 vertex 3: ground 600189.901811 m, vertex 600191.065273 m, +1163.462 mm above the ground
[RockPrecisionFixDiag]   rock 'Kerbin Zn3010000130' 'Grass00' #81 vertex 4: ground 600189.900204 m, vertex 600189.830043 m, -70.160 mm above the ground
[RockPrecisionFixDiag]   rock 'Kerbin Zn3010000130' 'Grass00' #81 vertex 5: ground 600189.901815 m, vertex 600189.829754 m, -72.061 mm above the ground
[RockPrecisionFixDiag]   rock 'Kerbin Zn3010000130' 'Grass00' #81 vertex 6: ground 600189.900201 m, vertex 600191.065562 m, +1165.361 mm above the ground
[RockPrecisionFixDiag]   rock 'Kerbin Zn3010000130' 'Grass00' #81 vertex 7: ground 600189.901811 m, vertex 600191.065273 m, +1163.462 mm above the ground
[RockPrecisionFixDiag]   rock 'Kerbin Zn3010000130' 'Grass00' #82 vertex 0: ground 600189.049186 m, vertex 600188.776033 m, -273.153 mm above the ground
[RockPrecisionFixDiag]   rock 'Kerbin Zn3010000130' 'Grass00' #82 vertex 1: ground 600189.001086 m, vertex 600188.776485 m, -224.602 mm above the ground
[RockPrecisionFixDiag]   rock 'Kerbin Zn3010000130' 'Grass00' #82 vertex 2: ground 600189.049177 m, vertex 600189.857700 m, +808.523 mm above the ground
[RockPrecisionFixDiag]   rock 'Kerbin Zn3010000130' 'Grass00' #82 vertex 3: ground 600189.001085 m, vertex 600189.858152 m, +857.067 mm above the ground
[RockPrecisionFixDiag]   rock 'Kerbin Zn3010000130' 'Grass00' #82 vertex 4: ground 600189.049186 m, vertex 600188.776033 m, -273.153 mm above the ground
[RockPrecisionFixDiag]   rock 'Kerbin Zn3010000130' 'Grass00' #82 vertex 5: ground 600189.001086 m, vertex 600188.776485 m, -224.602 mm above the ground
[RockPrecisionFixDiag]   rock 'Kerbin Zn3010000130' 'Grass00' #82 vertex 6: ground 600189.049177 m, vertex 600189.857700 m, +808.523 mm above the ground
[RockPrecisionFixDiag]   rock 'Kerbin Zn3010000130' 'Grass00' #82 vertex 7: ground 600189.001085 m, vertex 600189.858152 m, +857.067 mm above the ground
[RockPrecisionFixDiag]   rock 'Kerbin Zn3010000130' 'Grass00' #83 vertex 0: ground 600213.490193 m, vertex 600213.195822 m, -294.371 mm above the ground
[RockPrecisionFixDiag]   rock 'Kerbin Zn3010000130' 'Grass00' #83 vertex 1: ground 600213.420136 m, vertex 600213.196361 m, -223.775 mm above the ground
[RockPrecisionFixDiag]   rock 'Kerbin Zn3010000130' 'Grass00' #83 vertex 2: ground 600213.490186 m, vertex 600214.353181 m, +862.994 mm above the ground
[RockPrecisionFixDiag]   rock 'Kerbin Zn3010000130' 'Grass00' #83 vertex 3: ground 600213.420071 m, vertex 600214.353712 m, +933.641 mm above the ground
[RockPrecisionFixDiag]   rock 'Kerbin Zn3010000130' 'Grass00' #83 vertex 4: ground 600213.490193 m, vertex 600213.195822 m, -294.371 mm above the ground
[RockPrecisionFixDiag]   rock 'Kerbin Zn3010000130' 'Grass00' #83 vertex 5: ground 600213.420136 m, vertex 600213.196361 m, -223.775 mm above the ground
[RockPrecisionFixDiag]   rock 'Kerbin Zn3010000130' 'Grass00' #83 vertex 6: ground 600213.490186 m, vertex 600214.353181 m, +862.994 mm above the ground
[RockPrecisionFixDiag]   rock 'Kerbin Zn3010000130' 'Grass00' #83 vertex 7: ground 600213.420071 m, vertex 600214.353712 m, +933.641 mm above the ground
[RockPrecisionFixDiag]   rock 'Kerbin Zn3010000130' 'Grass00' #84 vertex 0: ground 600205.983705 m, vertex 600205.690120 m, -293.585 mm above the ground
[RockPrecisionFixDiag]   rock 'Kerbin Zn3010000130' 'Grass00' #84 vertex 1: ground 600205.974691 m, vertex 600205.691252 m, -283.439 mm above the ground
[RockPrecisionFixDiag]   rock 'Kerbin Zn3010000130' 'Grass00' #84 vertex 2: ground 600205.983609 m, vertex 600207.399787 m, +1416.178 mm above the ground
[RockPrecisionFixDiag]   rock 'Kerbin Zn3010000130' 'Grass00' #84 vertex 3: ground 600205.974623 m, vertex 600207.400898 m, +1426.275 mm above the ground
[RockPrecisionFixDiag]   rock 'Kerbin Zn3010000130' 'Grass00' #84 vertex 4: ground 600205.983705 m, vertex 600205.690120 m, -293.585 mm above the ground
[RockPrecisionFixDiag]   rock 'Kerbin Zn3010000130' 'Grass00' #84 vertex 5: ground 600205.974691 m, vertex 600205.691252 m, -283.439 mm above the ground
[RockPrecisionFixDiag]   rock 'Kerbin Zn3010000130' 'Grass00' #84 vertex 6: ground 600205.983609 m, vertex 600207.399787 m, +1416.178 mm above the ground
[RockPrecisionFixDiag]   rock 'Kerbin Zn3010000130' 'Grass00' #84 vertex 7: ground 600205.974623 m, vertex 600207.400898 m, +1426.275 mm above the ground
[RockPrecisionFixDiag]   rock 'Kerbin Zn3010000130' 'Grass00' #85 vertex 0: ground 600191.637488 m, vertex 600191.091459 m, -546.029 mm above the ground
[RockPrecisionFixDiag]   rock 'Kerbin Zn3010000130' 'Grass00' #85 vertex 1: ground 600191.524811 m, vertex 600191.091990 m, -432.821 mm above the ground
[RockPrecisionFixDiag]   rock 'Kerbin Zn3010000130' 'Grass00' #85 vertex 2: ground 600191.637497 m, vertex 600192.661112 m, +1023.615 mm above the ground
[RockPrecisionFixDiag]   rock 'Kerbin Zn3010000130' 'Grass00' #85 vertex 3: ground 600191.524840 m, vertex 600192.661655 m, +1136.815 mm above the ground
[RockPrecisionFixDiag]   rock 'Kerbin Zn3010000130' 'Grass00' #85 vertex 4: ground 600191.637488 m, vertex 600191.091459 m, -546.029 mm above the ground
[RockPrecisionFixDiag]   rock 'Kerbin Zn3010000130' 'Grass00' #85 vertex 5: ground 600191.524811 m, vertex 600191.091990 m, -432.821 mm above the ground
[RockPrecisionFixDiag]   rock 'Kerbin Zn3010000130' 'Grass00' #85 vertex 6: ground 600191.637497 m, vertex 600192.661112 m, +1023.615 mm above the ground
[RockPrecisionFixDiag]   rock 'Kerbin Zn3010000130' 'Grass00' #85 vertex 7: ground 600191.524840 m, vertex 600192.661655 m, +1136.815 mm above the ground
[RockPrecisionFixDiag]   rock 'Kerbin Zn3010000130' 'Grass00' #86 vertex 0: ground 600203.298982 m, vertex 600203.004898 m, -294.084 mm above the ground
[RockPrecisionFixDiag]   rock 'Kerbin Zn3010000130' 'Grass00' #86 vertex 1: ground 600203.345189 m, vertex 600203.005248 m, -339.942 mm above the ground
[RockPrecisionFixDiag]   rock 'Kerbin Zn3010000130' 'Grass00' #86 vertex 2: ground 600203.299020 m, vertex 600204.105923 m, +806.903 mm above the ground
[RockPrecisionFixDiag]   rock 'Kerbin Zn3010000130' 'Grass00' #86 vertex 3: ground 600203.345191 m, vertex 600204.106273 m, +761.082 mm above the ground
[RockPrecisionFixDiag]   rock 'Kerbin Zn3010000130' 'Grass00' #86 vertex 4: ground 600203.298982 m, vertex 600203.004898 m, -294.084 mm above the ground
[RockPrecisionFixDiag]   rock 'Kerbin Zn3010000130' 'Grass00' #86 vertex 5: ground 600203.345189 m, vertex 600203.005248 m, -339.942 mm above the ground
[RockPrecisionFixDiag]   rock 'Kerbin Zn3010000130' 'Grass00' #86 vertex 6: ground 600203.299020 m, vertex 600204.105923 m, +806.903 mm above the ground
[RockPrecisionFixDiag]   rock 'Kerbin Zn3010000130' 'Grass00' #86 vertex 7: ground 600203.345191 m, vertex 600204.106273 m, +761.082 mm above the ground
[RockPrecisionFixDiag]   rock 'Kerbin Zn3010000130' 'Grass00' #87 vertex 0: ground 600202.278993 m, vertex 600201.985250 m, -293.743 mm above the ground
[RockPrecisionFixDiag]   rock 'Kerbin Zn3010000130' 'Grass00' #87 vertex 1: ground 600202.259130 m, vertex 600201.984300 m, -274.829 mm above the ground
[RockPrecisionFixDiag]   rock 'Kerbin Zn3010000130' 'Grass00' #87 vertex 2: ground 600202.278973 m, vertex 600203.285260 m, +1006.287 mm above the ground
[RockPrecisionFixDiag]   rock 'Kerbin Zn3010000130' 'Grass00' #87 vertex 3: ground 600202.259113 m, vertex 600203.284278 m, +1025.165 mm above the ground
[RockPrecisionFixDiag]   rock 'Kerbin Zn3010000130' 'Grass00' #87 vertex 4: ground 600202.278993 m, vertex 600201.985250 m, -293.743 mm above the ground
[RockPrecisionFixDiag]   rock 'Kerbin Zn3010000130' 'Grass00' #87 vertex 5: ground 600202.259130 m, vertex 600201.984300 m, -274.829 mm above the ground
[RockPrecisionFixDiag]   rock 'Kerbin Zn3010000130' 'Grass00' #87 vertex 6: ground 600202.278973 m, vertex 600203.285260 m, +1006.287 mm above the ground
[RockPrecisionFixDiag]   rock 'Kerbin Zn3010000130' 'Grass00' #87 vertex 7: ground 600202.259113 m, vertex 600203.284278 m, +1025.165 mm above the ground
[RockPrecisionFixDiag]   rock 'Kerbin Zn3010000130' 'Grass00' #88 vertex 0: ground 600194.965496 m, vertex 600194.672535 m, -292.961 mm above the ground
[RockPrecisionFixDiag]   rock 'Kerbin Zn3010000130' 'Grass00' #88 vertex 1: ground 600194.918704 m, vertex 600194.671903 m, -246.801 mm above the ground
[RockPrecisionFixDiag]   rock 'Kerbin Zn3010000130' 'Grass00' #88 vertex 2: ground 600194.965456 m, vertex 600195.839891 m, +874.435 mm above the ground
[RockPrecisionFixDiag]   rock 'Kerbin Zn3010000130' 'Grass00' #88 vertex 3: ground 600194.918654 m, vertex 600195.839258 m, +920.604 mm above the ground
[RockPrecisionFixDiag]   rock 'Kerbin Zn3010000130' 'Grass00' #88 vertex 4: ground 600194.965496 m, vertex 600194.672535 m, -292.961 mm above the ground
[RockPrecisionFixDiag]   rock 'Kerbin Zn3010000130' 'Grass00' #88 vertex 5: ground 600194.918704 m, vertex 600194.671903 m, -246.801 mm above the ground
[RockPrecisionFixDiag]   rock 'Kerbin Zn3010000130' 'Grass00' #88 vertex 6: ground 600194.965456 m, vertex 600195.839891 m, +874.435 mm above the ground
[RockPrecisionFixDiag]   rock 'Kerbin Zn3010000130' 'Grass00' #88 vertex 7: ground 600194.918654 m, vertex 600195.839258 m, +920.604 mm above the ground
[RockPrecisionFixDiag]   rock 'Kerbin Zn3010000130' 'Grass00' #89 vertex 0: ground 600202.092358 m, vertex 600201.798823 m, -293.535 mm above the ground
[RockPrecisionFixDiag]   rock 'Kerbin Zn3010000130' 'Grass00' #89 vertex 1: ground 600202.072686 m, vertex 600201.798527 m, -274.159 mm above the ground
[RockPrecisionFixDiag]   rock 'Kerbin Zn3010000130' 'Grass00' #89 vertex 2: ground 600202.092305 m, vertex 600203.294004 m, +1201.699 mm above the ground
[RockPrecisionFixDiag]   rock 'Kerbin Zn3010000130' 'Grass00' #89 vertex 3: ground 600202.072645 m, vertex 600203.293717 m, +1221.072 mm above the ground
[RockPrecisionFixDiag]   rock 'Kerbin Zn3010000130' 'Grass00' #89 vertex 4: ground 600202.092358 m, vertex 600201.798823 m, -293.535 mm above the ground
[RockPrecisionFixDiag]   rock 'Kerbin Zn3010000130' 'Grass00' #89 vertex 5: ground 600202.072686 m, vertex 600201.798527 m, -274.159 mm above the ground
[RockPrecisionFixDiag]   rock 'Kerbin Zn3010000130' 'Grass00' #89 vertex 6: ground 600202.092305 m, vertex 600203.294004 m, +1201.699 mm above the ground
[RockPrecisionFixDiag]   rock 'Kerbin Zn3010000130' 'Grass00' #89 vertex 7: ground 600202.072645 m, vertex 600203.293717 m, +1221.072 mm above the ground
[RockPrecisionFixDiag]   rock 'Kerbin Zn3010000130' 'Grass00' #90 vertex 0: ground 600191.411672 m, vertex 600191.118035 m, -293.636 mm above the ground
[RockPrecisionFixDiag]   rock 'Kerbin Zn3010000130' 'Grass00' #90 vertex 1: ground 600191.389068 m, vertex 600191.118766 m, -270.303 mm above the ground
[RockPrecisionFixDiag]   rock 'Kerbin Zn3010000130' 'Grass00' #90 vertex 2: ground 600191.411710 m, vertex 600193.036328 m, +1624.618 mm above the ground
[RockPrecisionFixDiag]   rock 'Kerbin Zn3010000130' 'Grass00' #90 vertex 3: ground 600191.389072 m, vertex 600193.037052 m, +1647.981 mm above the ground
[RockPrecisionFixDiag]   rock 'Kerbin Zn3010000130' 'Grass00' #90 vertex 4: ground 600191.411672 m, vertex 600191.118035 m, -293.636 mm above the ground
[RockPrecisionFixDiag]   rock 'Kerbin Zn3010000130' 'Grass00' #90 vertex 5: ground 600191.389068 m, vertex 600191.118766 m, -270.303 mm above the ground
[RockPrecisionFixDiag]   rock 'Kerbin Zn3010000130' 'Grass00' #90 vertex 6: ground 600191.411710 m, vertex 600193.036328 m, +1624.618 mm above the ground
[RockPrecisionFixDiag]   rock 'Kerbin Zn3010000130' 'Grass00' #90 vertex 7: ground 600191.389072 m, vertex 600193.037052 m, +1647.981 mm above the ground
[RockPrecisionFixDiag]   rock 'Kerbin Zn3010000130' 'Grass00' #91 vertex 0: ground 600203.993486 m, vertex 600203.573721 m, -419.765 mm above the ground
[RockPrecisionFixDiag]   rock 'Kerbin Zn3010000130' 'Grass00' #91 vertex 1: ground 600204.060712 m, vertex 600203.573178 m, -487.533 mm above the ground
[RockPrecisionFixDiag]   rock 'Kerbin Zn3010000130' 'Grass00' #91 vertex 2: ground 600203.993524 m, vertex 600204.655044 m, +661.520 mm above the ground
[RockPrecisionFixDiag]   rock 'Kerbin Zn3010000130' 'Grass00' #91 vertex 3: ground 600204.060720 m, vertex 600204.654496 m, +593.776 mm above the ground
[RockPrecisionFixDiag]   rock 'Kerbin Zn3010000130' 'Grass00' #91 vertex 4: ground 600203.993486 m, vertex 600203.573721 m, -419.765 mm above the ground
[RockPrecisionFixDiag]   rock 'Kerbin Zn3010000130' 'Grass00' #91 vertex 5: ground 600204.060712 m, vertex 600203.573178 m, -487.533 mm above the ground
[RockPrecisionFixDiag]   rock 'Kerbin Zn3010000130' 'Grass00' #91 vertex 6: ground 600203.993524 m, vertex 600204.655044 m, +661.520 mm above the ground
[RockPrecisionFixDiag]   rock 'Kerbin Zn3010000130' 'Grass00' #91 vertex 7: ground 600204.060720 m, vertex 600204.654496 m, +593.776 mm above the ground
[RockPrecisionFixDiag]   rock 'Kerbin Zn3010000130' 'Grass00' #92 vertex 0: ground 600188.780839 m, vertex 600188.486864 m, -293.976 mm above the ground
[RockPrecisionFixDiag]   rock 'Kerbin Zn3010000130' 'Grass00' #92 vertex 1: ground 600188.778160 m, vertex 600188.487440 m, -290.720 mm above the ground
[RockPrecisionFixDiag]   rock 'Kerbin Zn3010000130' 'Grass00' #92 vertex 2: ground 600188.780812 m, vertex 600189.606386 m, +825.574 mm above the ground
[RockPrecisionFixDiag]   rock 'Kerbin Zn3010000130' 'Grass00' #92 vertex 3: ground 600188.778115 m, vertex 600189.606932 m, +828.817 mm above the ground
[RockPrecisionFixDiag]   rock 'Kerbin Zn3010000130' 'Grass00' #92 vertex 4: ground 600188.780839 m, vertex 600188.486864 m, -293.976 mm above the ground
[RockPrecisionFixDiag]   rock 'Kerbin Zn3010000130' 'Grass00' #92 vertex 5: ground 600188.778160 m, vertex 600188.487440 m, -290.720 mm above the ground
[RockPrecisionFixDiag]   rock 'Kerbin Zn3010000130' 'Grass00' #92 vertex 6: ground 600188.780812 m, vertex 600189.606386 m, +825.574 mm above the ground
[RockPrecisionFixDiag]   rock 'Kerbin Zn3010000130' 'Grass00' #92 vertex 7: ground 600188.778115 m, vertex 600189.606932 m, +828.817 mm above the ground
[RockPrecisionFixDiag]   rock 'Kerbin Zn3010000130' 'Grass00' #93 vertex 0: ground 600201.037968 m, vertex 600200.744419 m, -293.549 mm above the ground
[RockPrecisionFixDiag]   rock 'Kerbin Zn3010000130' 'Grass00' #93 vertex 1: ground 600201.200191 m, vertex 600200.743071 m, -457.120 mm above the ground
[RockPrecisionFixDiag]   rock 'Kerbin Zn3010000130' 'Grass00' #93 vertex 2: ground 600201.038078 m, vertex 600202.411353 m, +1373.274 mm above the ground
[RockPrecisionFixDiag]   rock 'Kerbin Zn3010000130' 'Grass00' #93 vertex 3: ground 600201.200351 m, vertex 600202.410022 m, +1209.671 mm above the ground
[RockPrecisionFixDiag]   rock 'Kerbin Zn3010000130' 'Grass00' #93 vertex 4: ground 600201.037968 m, vertex 600200.744419 m, -293.549 mm above the ground
[RockPrecisionFixDiag]   rock 'Kerbin Zn3010000130' 'Grass00' #93 vertex 5: ground 600201.200191 m, vertex 600200.743071 m, -457.120 mm above the ground
[RockPrecisionFixDiag]   rock 'Kerbin Zn3010000130' 'Grass00' #93 vertex 6: ground 600201.038078 m, vertex 600202.411353 m, +1373.274 mm above the ground
[RockPrecisionFixDiag]   rock 'Kerbin Zn3010000130' 'Grass00' #93 vertex 7: ground 600201.200351 m, vertex 600202.410022 m, +1209.671 mm above the ground
[RockPrecisionFixDiag]   rock 'Kerbin Zn3010000130' 'Grass00' #94 vertex 0: ground 600190.500956 m, vertex 600190.207785 m, -293.170 mm above the ground
[RockPrecisionFixDiag]   rock 'Kerbin Zn3010000130' 'Grass00' #94 vertex 1: ground 600190.478889 m, vertex 600190.207859 m, -271.030 mm above the ground
[RockPrecisionFixDiag]   rock 'Kerbin Zn3010000130' 'Grass00' #94 vertex 2: ground 600190.500943 m, vertex 600191.354664 m, +853.721 mm above the ground
[RockPrecisionFixDiag]   rock 'Kerbin Zn3010000130' 'Grass00' #94 vertex 3: ground 600190.478878 m, vertex 600191.354735 m, +875.857 mm above the ground
[RockPrecisionFixDiag]   rock 'Kerbin Zn3010000130' 'Grass00' #94 vertex 4: ground 600190.500956 m, vertex 600190.207785 m, -293.170 mm above the ground
[RockPrecisionFixDiag]   rock 'Kerbin Zn3010000130' 'Grass00' #94 vertex 5: ground 600190.478889 m, vertex 600190.207859 m, -271.030 mm above the ground
[RockPrecisionFixDiag]   rock 'Kerbin Zn3010000130' 'Grass00' #94 vertex 6: ground 600190.500943 m, vertex 600191.354664 m, +853.721 mm above the ground
[RockPrecisionFixDiag]   rock 'Kerbin Zn3010000130' 'Grass00' #94 vertex 7: ground 600190.478878 m, vertex 600191.354735 m, +875.857 mm above the ground
[RockPrecisionFixDiag]   rock 'Kerbin Zn3010000130' 'Grass00' #95 vertex 0: ground 600206.666099 m, vertex 600206.372518 m, -293.582 mm above the ground
[RockPrecisionFixDiag]   rock 'Kerbin Zn3010000130' 'Grass00' #95 vertex 1: ground 600206.653980 m, vertex 600206.373593 m, -280.387 mm above the ground
[RockPrecisionFixDiag]   rock 'Kerbin Zn3010000130' 'Grass00' #95 vertex 2: ground 600206.666151 m, vertex 600207.997279 m, +1331.128 mm above the ground
[RockPrecisionFixDiag]   rock 'Kerbin Zn3010000130' 'Grass00' #95 vertex 3: ground 600206.654039 m, vertex 600207.998345 m, +1344.306 mm above the ground
[RockPrecisionFixDiag]   rock 'Kerbin Zn3010000130' 'Grass00' #95 vertex 4: ground 600206.666099 m, vertex 600206.372518 m, -293.582 mm above the ground
[RockPrecisionFixDiag]   rock 'Kerbin Zn3010000130' 'Grass00' #95 vertex 5: ground 600206.653980 m, vertex 600206.373593 m, -280.387 mm above the ground
[RockPrecisionFixDiag]   rock 'Kerbin Zn3010000130' 'Grass00' #95 vertex 6: ground 600206.666151 m, vertex 600207.997279 m, +1331.128 mm above the ground
[RockPrecisionFixDiag]   rock 'Kerbin Zn3010000130' 'Grass00' #95 vertex 7: ground 600206.654039 m, vertex 600207.998345 m, +1344.306 mm above the ground
[RockPrecisionFixDiag]   rock 'Kerbin Zn3010000130' 'Grass00' #96 vertex 0: ground 600191.374505 m, vertex 600191.080774 m, -293.731 mm above the ground
[RockPrecisionFixDiag]   rock 'Kerbin Zn3010000130' 'Grass00' #96 vertex 1: ground 600191.346490 m, vertex 600191.080469 m, -266.022 mm above the ground
[RockPrecisionFixDiag]   rock 'Kerbin Zn3010000130' 'Grass00' #96 vertex 2: ground 600191.374473 m, vertex 600192.126193 m, +751.720 mm above the ground
[RockPrecisionFixDiag]   rock 'Kerbin Zn3010000130' 'Grass00' #96 vertex 3: ground 600191.346460 m, vertex 600192.125883 m, +779.423 mm above the ground
[RockPrecisionFixDiag]   rock 'Kerbin Zn3010000130' 'Grass00' #96 vertex 4: ground 600191.374505 m, vertex 600191.080774 m, -293.731 mm above the ground
[RockPrecisionFixDiag]   rock 'Kerbin Zn3010000130' 'Grass00' #96 vertex 5: ground 600191.346490 m, vertex 600191.080469 m, -266.022 mm above the ground
[RockPrecisionFixDiag]   rock 'Kerbin Zn3010000130' 'Grass00' #96 vertex 6: ground 600191.374473 m, vertex 600192.126193 m, +751.720 mm above the ground
[RockPrecisionFixDiag]   rock 'Kerbin Zn3010000130' 'Grass00' #96 vertex 7: ground 600191.346460 m, vertex 600192.125883 m, +779.423 mm above the ground
[RockPrecisionFixDiag]   rock 'Kerbin Zn3010000130' 'Grass00' #97 vertex 0: ground 600195.568680 m, vertex 600195.275300 m, -293.380 mm above the ground
[RockPrecisionFixDiag]   rock 'Kerbin Zn3010000130' 'Grass00' #97 vertex 1: ground 600195.674798 m, vertex 600195.275307 m, -399.491 mm above the ground
[RockPrecisionFixDiag]   rock 'Kerbin Zn3010000130' 'Grass00' #97 vertex 2: ground 600195.568712 m, vertex 600197.146599 m, +1577.887 mm above the ground
[RockPrecisionFixDiag]   rock 'Kerbin Zn3010000130' 'Grass00' #97 vertex 3: ground 600195.674823 m, vertex 600197.146604 m, +1471.781 mm above the ground
[RockPrecisionFixDiag]   rock 'Kerbin Zn3010000130' 'Grass00' #97 vertex 4: ground 600195.568680 m, vertex 600195.275300 m, -293.380 mm above the ground
[RockPrecisionFixDiag]   rock 'Kerbin Zn3010000130' 'Grass00' #97 vertex 5: ground 600195.674798 m, vertex 600195.275307 m, -399.491 mm above the ground
[RockPrecisionFixDiag]   rock 'Kerbin Zn3010000130' 'Grass00' #97 vertex 6: ground 600195.568712 m, vertex 600197.146599 m, +1577.887 mm above the ground
[RockPrecisionFixDiag]   rock 'Kerbin Zn3010000130' 'Grass00' #97 vertex 7: ground 600195.674823 m, vertex 600197.146604 m, +1471.781 mm above the ground
[RockPrecisionFixDiag]   rock 'Kerbin Zn3010000130' 'Grass00' #98 vertex 0: ground 600186.478054 m, vertex 600186.260626 m, -217.429 mm above the ground
[RockPrecisionFixDiag]   rock 'Kerbin Zn3010000130' 'Grass00' #98 vertex 1: ground 600186.479230 m, vertex 600186.261844 m, -217.386 mm above the ground
[RockPrecisionFixDiag]   rock 'Kerbin Zn3010000130' 'Grass00' #98 vertex 2: ground 600186.478070 m, vertex 600187.954931 m, +1476.861 mm above the ground
[RockPrecisionFixDiag]   rock 'Kerbin Zn3010000130' 'Grass00' #98 vertex 3: ground 600186.479231 m, vertex 600187.956149 m, +1476.918 mm above the ground
[RockPrecisionFixDiag]   rock 'Kerbin Zn3010000130' 'Grass00' #98 vertex 4: ground 600186.478054 m, vertex 600186.260626 m, -217.429 mm above the ground
[RockPrecisionFixDiag]   rock 'Kerbin Zn3010000130' 'Grass00' #98 vertex 5: ground 600186.479230 m, vertex 600186.261844 m, -217.386 mm above the ground
[RockPrecisionFixDiag]   rock 'Kerbin Zn3010000130' 'Grass00' #98 vertex 6: ground 600186.478070 m, vertex 600187.954931 m, +1476.861 mm above the ground
[RockPrecisionFixDiag]   rock 'Kerbin Zn3010000130' 'Grass00' #98 vertex 7: ground 600186.479231 m, vertex 600187.956149 m, +1476.918 mm above the ground
[RockPrecisionFixDiag]   rock 'Kerbin Zn3010000130' 'Grass00' #99 vertex 0: ground 600200.042305 m, vertex 600199.748607 m, -293.699 mm above the ground
[RockPrecisionFixDiag]   rock 'Kerbin Zn3010000130' 'Grass00' #99 vertex 1: ground 600200.102932 m, vertex 600199.748882 m, -354.050 mm above the ground
[RockPrecisionFixDiag]   rock 'Kerbin Zn3010000130' 'Grass00' #99 vertex 2: ground 600200.042286 m, vertex 600200.987492 m, +945.206 mm above the ground
[RockPrecisionFixDiag]   rock 'Kerbin Zn3010000130' 'Grass00' #99 vertex 3: ground 600200.102921 m, vertex 600200.987769 m, +884.847 mm above the ground
[RockPrecisionFixDiag]   rock 'Kerbin Zn3010000130' 'Grass00' #99 vertex 4: ground 600200.042305 m, vertex 600199.748607 m, -293.699 mm above the ground
[RockPrecisionFixDiag]   rock 'Kerbin Zn3010000130' 'Grass00' #99 vertex 5: ground 600200.102932 m, vertex 600199.748882 m, -354.050 mm above the ground
[RockPrecisionFixDiag]   rock 'Kerbin Zn3010000130' 'Grass00' #99 vertex 6: ground 600200.042286 m, vertex 600200.987492 m, +945.206 mm above the ground
[RockPrecisionFixDiag]   rock 'Kerbin Zn3010000130' 'Grass00' #99 vertex 7: ground 600200.102921 m, vertex 600200.987769 m, +884.847 mm above the ground
[RockPrecisionFixDiag]   rock 'Kerbin Zn3010000130' 'Grass00' #100 vertex 0: ground 600204.396891 m, vertex 600204.103286 m, -293.605 mm above the ground
[RockPrecisionFixDiag]   rock 'Kerbin Zn3010000130' 'Grass00' #100 vertex 1: ground 600204.342984 m, vertex 600204.102402 m, -240.583 mm above the ground
[RockPrecisionFixDiag]   rock 'Kerbin Zn3010000130' 'Grass00' #100 vertex 2: ground 600204.396883 m, vertex 600205.747230 m, +1350.347 mm above the ground
[RockPrecisionFixDiag]   rock 'Kerbin Zn3010000130' 'Grass00' #100 vertex 3: ground 600204.342917 m, vertex 600205.746346 m, +1403.430 mm above the ground
[RockPrecisionFixDiag]   rock 'Kerbin Zn3010000130' 'Grass00' #100 vertex 4: ground 600204.396891 m, vertex 600204.103286 m, -293.605 mm above the ground
[RockPrecisionFixDiag]   rock 'Kerbin Zn3010000130' 'Grass00' #100 vertex 5: ground 600204.342984 m, vertex 600204.102402 m, -240.583 mm above the ground
[RockPrecisionFixDiag]   rock 'Kerbin Zn3010000130' 'Grass00' #100 vertex 6: ground 600204.396883 m, vertex 600205.747230 m, +1350.347 mm above the ground
[RockPrecisionFixDiag]   rock 'Kerbin Zn3010000130' 'Grass00' #100 vertex 7: ground 600204.342917 m, vertex 600205.746346 m, +1403.430 mm above the ground
[RockPrecisionFixDiag]   rock 'Kerbin Zn3010000130' 'Grass00' #101 vertex 0: ground 600186.889115 m, vertex 600186.595321 m, -293.795 mm above the ground
[RockPrecisionFixDiag]   rock 'Kerbin Zn3010000130' 'Grass00' #101 vertex 1: ground 600186.876156 m, vertex 600186.595200 m, -280.956 mm above the ground
[RockPrecisionFixDiag]   rock 'Kerbin Zn3010000130' 'Grass00' #101 vertex 2: ground 600186.889136 m, vertex 600188.579281 m, +1690.145 mm above the ground
[RockPrecisionFixDiag]   rock 'Kerbin Zn3010000130' 'Grass00' #101 vertex 3: ground 600186.876172 m, vertex 600188.579161 m, +1702.989 mm above the ground
[RockPrecisionFixDiag]   rock 'Kerbin Zn3010000130' 'Grass00' #101 vertex 4: ground 600186.889115 m, vertex 600186.595321 m, -293.795 mm above the ground
[RockPrecisionFixDiag]   rock 'Kerbin Zn3010000130' 'Grass00' #101 vertex 5: ground 600186.876156 m, vertex 600186.595200 m, -280.956 mm above the ground
[RockPrecisionFixDiag]   rock 'Kerbin Zn3010000130' 'Grass00' #101 vertex 6: ground 600186.889136 m, vertex 600188.579281 m, +1690.145 mm above the ground
[RockPrecisionFixDiag]   rock 'Kerbin Zn3010000130' 'Grass00' #101 vertex 7: ground 600186.876172 m, vertex 600188.579161 m, +1702.989 mm above the ground
[RockPrecisionFixDiag]   rock 'Kerbin Zn3010000130' 'Grass00' #102 vertex 0: ground 600203.442477 m, vertex 600203.148992 m, -293.485 mm above the ground
[RockPrecisionFixDiag]   rock 'Kerbin Zn3010000130' 'Grass00' #102 vertex 1: ground 600203.517925 m, vertex 600203.148428 m, -369.497 mm above the ground
[RockPrecisionFixDiag]   rock 'Kerbin Zn3010000130' 'Grass00' #102 vertex 2: ground 600203.442530 m, vertex 600204.434131 m, +991.601 mm above the ground
[RockPrecisionFixDiag]   rock 'Kerbin Zn3010000130' 'Grass00' #102 vertex 3: ground 600203.517955 m, vertex 600204.433592 m, +915.637 mm above the ground
[RockPrecisionFixDiag]   rock 'Kerbin Zn3010000130' 'Grass00' #102 vertex 4: ground 600203.442477 m, vertex 600203.148992 m, -293.485 mm above the ground
[RockPrecisionFixDiag]   rock 'Kerbin Zn3010000130' 'Grass00' #102 vertex 5: ground 600203.517925 m, vertex 600203.148428 m, -369.497 mm above the ground
[RockPrecisionFixDiag]   rock 'Kerbin Zn3010000130' 'Grass00' #102 vertex 6: ground 600203.442530 m, vertex 600204.434131 m, +991.601 mm above the ground
[RockPrecisionFixDiag]   rock 'Kerbin Zn3010000130' 'Grass00' #102 vertex 7: ground 600203.517955 m, vertex 600204.433592 m, +915.637 mm above the ground
[RockPrecisionFixDiag]   rock 'Kerbin Zn3010000130' 'Grass00' #103 vertex 0: ground 600197.474400 m, vertex 600197.449960 m, -24.440 mm above the ground
[RockPrecisionFixDiag]   rock 'Kerbin Zn3010000130' 'Grass00' #103 vertex 1: ground 600197.513033 m, vertex 600197.449167 m, -63.866 mm above the ground
[RockPrecisionFixDiag]   rock 'Kerbin Zn3010000130' 'Grass00' #103 vertex 2: ground 600197.474404 m, vertex 600199.307469 m, +1833.065 mm above the ground
[RockPrecisionFixDiag]   rock 'Kerbin Zn3010000130' 'Grass00' #103 vertex 3: ground 600197.513059 m, vertex 600199.306664 m, +1793.605 mm above the ground
[RockPrecisionFixDiag]   rock 'Kerbin Zn3010000130' 'Grass00' #103 vertex 4: ground 600197.474400 m, vertex 600197.449960 m, -24.440 mm above the ground
[RockPrecisionFixDiag]   rock 'Kerbin Zn3010000130' 'Grass00' #103 vertex 5: ground 600197.513033 m, vertex 600197.449167 m, -63.866 mm above the ground
[RockPrecisionFixDiag]   rock 'Kerbin Zn3010000130' 'Grass00' #103 vertex 6: ground 600197.474404 m, vertex 600199.307469 m, +1833.065 mm above the ground
[RockPrecisionFixDiag]   rock 'Kerbin Zn3010000130' 'Grass00' #103 vertex 7: ground 600197.513059 m, vertex 600199.306664 m, +1793.605 mm above the ground
[RockPrecisionFixDiag]   rock 'Kerbin Zn3010000130' 'Grass00' #104 vertex 0: ground 600205.750107 m, vertex 600205.456031 m, -294.076 mm above the ground
[RockPrecisionFixDiag]   rock 'Kerbin Zn3010000130' 'Grass00' #104 vertex 1: ground 600205.810598 m, vertex 600205.454879 m, -355.719 mm above the ground
[RockPrecisionFixDiag]   rock 'Kerbin Zn3010000130' 'Grass00' #104 vertex 2: ground 600205.750098 m, vertex 600207.261690 m, +1511.592 mm above the ground
[RockPrecisionFixDiag]   rock 'Kerbin Zn3010000130' 'Grass00' #104 vertex 3: ground 600205.810609 m, vertex 600207.260551 m, +1449.941 mm above the ground
[RockPrecisionFixDiag]   rock 'Kerbin Zn3010000130' 'Grass00' #104 vertex 4: ground 600205.750107 m, vertex 600205.456031 m, -294.076 mm above the ground
[RockPrecisionFixDiag]   rock 'Kerbin Zn3010000130' 'Grass00' #104 vertex 5: ground 600205.810598 m, vertex 600205.454879 m, -355.719 mm above the ground
[RockPrecisionFixDiag]   rock 'Kerbin Zn3010000130' 'Grass00' #104 vertex 6: ground 600205.750098 m, vertex 600207.261690 m, +1511.592 mm above the ground
[RockPrecisionFixDiag]   rock 'Kerbin Zn3010000130' 'Grass00' #104 vertex 7: ground 600205.810609 m, vertex 600207.260551 m, +1449.941 mm above the ground
[RockPrecisionFixDiag]   rock 'Kerbin Zn3010000130' 'Grass00' #105 vertex 0: ground 600194.753002 m, vertex 600194.517423 m, -235.579 mm above the ground
[RockPrecisionFixDiag]   rock 'Kerbin Zn3010000130' 'Grass00' #105 vertex 1: ground 600194.589439 m, vertex 600194.519118 m, -70.321 mm above the ground
[RockPrecisionFixDiag]   rock 'Kerbin Zn3010000130' 'Grass00' #105 vertex 2: ground 600194.753150 m, vertex 600196.426126 m, +1672.976 mm above the ground
[RockPrecisionFixDiag]   rock 'Kerbin Zn3010000130' 'Grass00' #105 vertex 3: ground 600194.589551 m, vertex 600196.427813 m, +1838.262 mm above the ground
[RockPrecisionFixDiag]   rock 'Kerbin Zn3010000130' 'Grass00' #105 vertex 4: ground 600194.753002 m, vertex 600194.517423 m, -235.579 mm above the ground
[RockPrecisionFixDiag]   rock 'Kerbin Zn3010000130' 'Grass00' #105 vertex 5: ground 600194.589439 m, vertex 600194.519118 m, -70.321 mm above the ground
[RockPrecisionFixDiag]   rock 'Kerbin Zn3010000130' 'Grass00' #105 vertex 6: ground 600194.753150 m, vertex 600196.426126 m, +1672.976 mm above the ground
[RockPrecisionFixDiag]   rock 'Kerbin Zn3010000130' 'Grass00' #105 vertex 7: ground 600194.589551 m, vertex 600196.427813 m, +1838.262 mm above the ground
[RockPrecisionFixDiag]   rock 'Kerbin Zn3010000130' 'Grass00' #106 vertex 0: ground 600191.409937 m, vertex 600191.871689 m, +461.752 mm above the ground
[RockPrecisionFixDiag]   rock 'Kerbin Zn3010000130' 'Grass00' #106 vertex 1: ground 600191.424040 m, vertex 600191.872031 m, +447.991 mm above the ground
[RockPrecisionFixDiag]   rock 'Kerbin Zn3010000130' 'Grass00' #106 vertex 2: ground 600191.409980 m, vertex 600193.021138 m, +1611.158 mm above the ground
[RockPrecisionFixDiag]   rock 'Kerbin Zn3010000130' 'Grass00' #106 vertex 3: ground 600191.424090 m, vertex 600193.021474 m, +1597.384 mm above the ground
[RockPrecisionFixDiag]   rock 'Kerbin Zn3010000130' 'Grass00' #106 vertex 4: ground 600191.409937 m, vertex 600191.871689 m, +461.752 mm above the ground
[RockPrecisionFixDiag]   rock 'Kerbin Zn3010000130' 'Grass00' #106 vertex 5: ground 600191.424040 m, vertex 600191.872031 m, +447.991 mm above the ground
[RockPrecisionFixDiag]   rock 'Kerbin Zn3010000130' 'Grass00' #106 vertex 6: ground 600191.409980 m, vertex 600193.021138 m, +1611.158 mm above the ground
[RockPrecisionFixDiag]   rock 'Kerbin Zn3010000130' 'Grass00' #106 vertex 7: ground 600191.424090 m, vertex 600193.021474 m, +1597.384 mm above the ground
[RockPrecisionFixDiag]   rock 'Kerbin Zn3010000130' 'Grass00' #107 vertex 0: ground 600202.445272 m, vertex 600202.151986 m, -293.285 mm above the ground
[RockPrecisionFixDiag]   rock 'Kerbin Zn3010000130' 'Grass00' #107 vertex 1: ground 600202.460243 m, vertex 600202.150795 m, -309.449 mm above the ground
[RockPrecisionFixDiag]   rock 'Kerbin Zn3010000130' 'Grass00' #107 vertex 2: ground 600202.445287 m, vertex 600203.844147 m, +1398.860 mm above the ground
[RockPrecisionFixDiag]   rock 'Kerbin Zn3010000130' 'Grass00' #107 vertex 3: ground 600202.460209 m, vertex 600203.842955 m, +1382.746 mm above the ground
[RockPrecisionFixDiag]   rock 'Kerbin Zn3010000130' 'Grass00' #107 vertex 4: ground 600202.445272 m, vertex 600202.151986 m, -293.285 mm above the ground
[RockPrecisionFixDiag]   rock 'Kerbin Zn3010000130' 'Grass00' #107 vertex 5: ground 600202.460243 m, vertex 600202.150795 m, -309.449 mm above the ground
[RockPrecisionFixDiag]   rock 'Kerbin Zn3010000130' 'Grass00' #107 vertex 6: ground 600202.445287 m, vertex 600203.844147 m, +1398.860 mm above the ground
[RockPrecisionFixDiag]   rock 'Kerbin Zn3010000130' 'Grass00' #107 vertex 7: ground 600202.460209 m, vertex 600203.842955 m, +1382.746 mm above the ground
[RockPrecisionFixDiag]   rock 'Kerbin Zn3010000130' 'Grass00' #108 vertex 0: ground 600200.397898 m, vertex 600200.104173 m, -293.725 mm above the ground
[RockPrecisionFixDiag]   rock 'Kerbin Zn3010000130' 'Grass00' #108 vertex 1: ground 600200.437364 m, vertex 600200.103412 m, -333.952 mm above the ground
[RockPrecisionFixDiag]   rock 'Kerbin Zn3010000130' 'Grass00' #108 vertex 2: ground 600200.397879 m, vertex 600201.246552 m, +848.673 mm above the ground
[RockPrecisionFixDiag]   rock 'Kerbin Zn3010000130' 'Grass00' #108 vertex 3: ground 600200.437378 m, vertex 600201.245791 m, +808.413 mm above the ground
[RockPrecisionFixDiag]   rock 'Kerbin Zn3010000130' 'Grass00' #108 vertex 4: ground 600200.397898 m, vertex 600200.104173 m, -293.725 mm above the ground
[RockPrecisionFixDiag]   rock 'Kerbin Zn3010000130' 'Grass00' #108 vertex 5: ground 600200.437364 m, vertex 600200.103412 m, -333.952 mm above the ground
[RockPrecisionFixDiag]   rock 'Kerbin Zn3010000130' 'Grass00' #108 vertex 6: ground 600200.397879 m, vertex 600201.246552 m, +848.673 mm above the ground
[RockPrecisionFixDiag]   rock 'Kerbin Zn3010000130' 'Grass00' #108 vertex 7: ground 600200.437378 m, vertex 600201.245791 m, +808.413 mm above the ground
[RockPrecisionFixDiag]   rock 'Kerbin Zn3010000130' 'Grass00' #109 vertex 0: ground 600217.251225 m, vertex 600216.957875 m, -293.350 mm above the ground
[RockPrecisionFixDiag]   rock 'Kerbin Zn3010000130' 'Grass00' #109 vertex 1: ground 600217.244930 m, vertex 600216.958688 m, -286.242 mm above the ground
[RockPrecisionFixDiag]   rock 'Kerbin Zn3010000130' 'Grass00' #109 vertex 2: ground 600217.251267 m, vertex 600218.264096 m, +1012.829 mm above the ground
[RockPrecisionFixDiag]   rock 'Kerbin Zn3010000130' 'Grass00' #109 vertex 3: ground 600217.244925 m, vertex 600218.264896 m, +1019.971 mm above the ground
[RockPrecisionFixDiag]   rock 'Kerbin Zn3010000130' 'Grass00' #109 vertex 4: ground 600217.251225 m, vertex 600216.957875 m, -293.350 mm above the ground
[RockPrecisionFixDiag]   rock 'Kerbin Zn3010000130' 'Grass00' #109 vertex 5: ground 600217.244930 m, vertex 600216.958688 m, -286.242 mm above the ground
[RockPrecisionFixDiag]   rock 'Kerbin Zn3010000130' 'Grass00' #109 vertex 6: ground 600217.251267 m, vertex 600218.264096 m, +1012.829 mm above the ground
[RockPrecisionFixDiag]   rock 'Kerbin Zn3010000130' 'Grass00' #109 vertex 7: ground 600217.244925 m, vertex 600218.264896 m, +1019.971 mm above the ground
[RockPrecisionFixDiag]   rock 'Kerbin Zn3010000130' 'Grass00' #110 vertex 0: ground 600202.953000 m, vertex 600202.659784 m, -293.216 mm above the ground
[RockPrecisionFixDiag]   rock 'Kerbin Zn3010000130' 'Grass00' #110 vertex 1: ground 600202.897921 m, vertex 600202.658923 m, -238.998 mm above the ground
[RockPrecisionFixDiag]   rock 'Kerbin Zn3010000130' 'Grass00' #110 vertex 2: ground 600202.952965 m, vertex 600204.334828 m, +1381.863 mm above the ground
[RockPrecisionFixDiag]   rock 'Kerbin Zn3010000130' 'Grass00' #110 vertex 3: ground 600202.897874 m, vertex 600204.333962 m, +1436.088 mm above the ground
[RockPrecisionFixDiag]   rock 'Kerbin Zn3010000130' 'Grass00' #110 vertex 4: ground 600202.953000 m, vertex 600202.659784 m, -293.216 mm above the ground
[RockPrecisionFixDiag]   rock 'Kerbin Zn3010000130' 'Grass00' #110 vertex 5: ground 600202.897921 m, vertex 600202.658923 m, -238.998 mm above the ground
[RockPrecisionFixDiag]   rock 'Kerbin Zn3010000130' 'Grass00' #110 vertex 6: ground 600202.952965 m, vertex 600204.334828 m, +1381.863 mm above the ground
[RockPrecisionFixDiag]   rock 'Kerbin Zn3010000130' 'Grass00' #110 vertex 7: ground 600202.897874 m, vertex 600204.333962 m, +1436.088 mm above the ground
[RockPrecisionFixDiag]   rock 'Kerbin Zn3010000130' 'Grass00' #111 vertex 0: ground 600193.222340 m, vertex 600192.928569 m, -293.771 mm above the ground
[RockPrecisionFixDiag]   rock 'Kerbin Zn3010000130' 'Grass00' #111 vertex 1: ground 600193.160640 m, vertex 600192.928911 m, -231.729 mm above the ground
[RockPrecisionFixDiag]   rock 'Kerbin Zn3010000130' 'Grass00' #111 vertex 2: ground 600193.222371 m, vertex 600194.405783 m, +1183.412 mm above the ground
[RockPrecisionFixDiag]   rock 'Kerbin Zn3010000130' 'Grass00' #111 vertex 3: ground 600193.160668 m, vertex 600194.406124 m, +1245.456 mm above the ground
[RockPrecisionFixDiag]   rock 'Kerbin Zn3010000130' 'Grass00' #111 vertex 4: ground 600193.222340 m, vertex 600192.928569 m, -293.771 mm above the ground
[RockPrecisionFixDiag]   rock 'Kerbin Zn3010000130' 'Grass00' #111 vertex 5: ground 600193.160640 m, vertex 600192.928911 m, -231.729 mm above the ground
[RockPrecisionFixDiag]   rock 'Kerbin Zn3010000130' 'Grass00' #111 vertex 6: ground 600193.222371 m, vertex 600194.405783 m, +1183.412 mm above the ground
[RockPrecisionFixDiag]   rock 'Kerbin Zn3010000130' 'Grass00' #111 vertex 7: ground 600193.160668 m, vertex 600194.406124 m, +1245.456 mm above the ground
[RockPrecisionFixDiag]   rock 'Kerbin Zn3010000130' 'Grass00' #112 vertex 0: ground 600203.244707 m, vertex 600204.202775 m, +958.067 mm above the ground
[RockPrecisionFixDiag]   rock 'Kerbin Zn3010000130' 'Grass00' #112 vertex 1: ground 600203.155083 m, vertex 600204.201308 m, +1046.225 mm above the ground
[RockPrecisionFixDiag]   rock 'Kerbin Zn3010000130' 'Grass00' #112 vertex 2: ground 600203.244621 m, vertex 600206.202697 m, +2958.077 mm above the ground
[RockPrecisionFixDiag]   rock 'Kerbin Zn3010000130' 'Grass00' #112 vertex 3: ground 600203.154997 m, vertex 600206.201256 m, +3046.259 mm above the ground
[RockPrecisionFixDiag]   rock 'Kerbin Zn3010000130' 'Grass00' #112 vertex 4: ground 600203.244707 m, vertex 600204.202775 m, +958.067 mm above the ground
[RockPrecisionFixDiag]   rock 'Kerbin Zn3010000130' 'Grass00' #112 vertex 5: ground 600203.155083 m, vertex 600204.201308 m, +1046.225 mm above the ground
[RockPrecisionFixDiag]   rock 'Kerbin Zn3010000130' 'Grass00' #112 vertex 6: ground 600203.244621 m, vertex 600206.202697 m, +2958.077 mm above the ground
[RockPrecisionFixDiag]   rock 'Kerbin Zn3010000130' 'Grass00' #112 vertex 7: ground 600203.154997 m, vertex 600206.201256 m, +3046.259 mm above the ground
[RockPrecisionFixDiag]   rock 'Kerbin Zn3010000130' 'Grass00' #113 vertex 0: ground 600204.870761 m, vertex 600204.577259 m, -293.502 mm above the ground
[RockPrecisionFixDiag]   rock 'Kerbin Zn3010000130' 'Grass00' #113 vertex 1: ground 600204.842856 m, vertex 600204.576687 m, -266.168 mm above the ground
[RockPrecisionFixDiag]   rock 'Kerbin Zn3010000130' 'Grass00' #113 vertex 2: ground 600204.870177 m, vertex 600206.530762 m, +1660.584 mm above the ground
[RockPrecisionFixDiag]   rock 'Kerbin Zn3010000130' 'Grass00' #113 vertex 3: ground 600204.842750 m, vertex 600206.530165 m, +1687.416 mm above the ground
[RockPrecisionFixDiag]   rock 'Kerbin Zn3010000130' 'Grass00' #113 vertex 4: ground 600204.870761 m, vertex 600204.577259 m, -293.502 mm above the ground
[RockPrecisionFixDiag]   rock 'Kerbin Zn3010000130' 'Grass00' #113 vertex 5: ground 600204.842856 m, vertex 600204.576687 m, -266.168 mm above the ground
[RockPrecisionFixDiag]   rock 'Kerbin Zn3010000130' 'Grass00' #113 vertex 6: ground 600204.870177 m, vertex 600206.530762 m, +1660.584 mm above the ground
[RockPrecisionFixDiag]   rock 'Kerbin Zn3010000130' 'Grass00' #113 vertex 7: ground 600204.842750 m, vertex 600206.530165 m, +1687.416 mm above the ground
[RockPrecisionFixDiag]   rock 'Kerbin Zn3010000130' 'Grass00' #114 vertex 0: ground 600191.542414 m, vertex 600191.248519 m, -293.896 mm above the ground
[RockPrecisionFixDiag]   rock 'Kerbin Zn3010000130' 'Grass00' #114 vertex 1: ground 600191.545293 m, vertex 600191.249180 m, -296.113 mm above the ground
[RockPrecisionFixDiag]   rock 'Kerbin Zn3010000130' 'Grass00' #114 vertex 2: ground 600191.542414 m, vertex 600192.395422 m, +853.008 mm above the ground
[RockPrecisionFixDiag]   rock 'Kerbin Zn3010000130' 'Grass00' #114 vertex 3: ground 600191.545251 m, vertex 600192.396084 m, +850.833 mm above the ground
[RockPrecisionFixDiag]   rock 'Kerbin Zn3010000130' 'Grass00' #114 vertex 4: ground 600191.542414 m, vertex 600191.248519 m, -293.896 mm above the ground
[RockPrecisionFixDiag]   rock 'Kerbin Zn3010000130' 'Grass00' #114 vertex 5: ground 600191.545293 m, vertex 600191.249180 m, -296.113 mm above the ground
[RockPrecisionFixDiag]   rock 'Kerbin Zn3010000130' 'Grass00' #114 vertex 6: ground 600191.542414 m, vertex 600192.395422 m, +853.008 mm above the ground
[RockPrecisionFixDiag]   rock 'Kerbin Zn3010000130' 'Grass00' #114 vertex 7: ground 600191.545251 m, vertex 600192.396084 m, +850.833 mm above the ground
[RockPrecisionFixDiag]   rock 'Kerbin Zn3010000130' 'Grass00' #115 vertex 0: ground 600189.833454 m, vertex 600189.539892 m, -293.561 mm above the ground
[RockPrecisionFixDiag]   rock 'Kerbin Zn3010000130' 'Grass00' #115 vertex 1: ground 600189.828473 m, vertex 600189.539670 m, -288.803 mm above the ground
[RockPrecisionFixDiag]   rock 'Kerbin Zn3010000130' 'Grass00' #115 vertex 2: ground 600189.833457 m, vertex 600190.570619 m, +737.162 mm above the ground
[RockPrecisionFixDiag]   rock 'Kerbin Zn3010000130' 'Grass00' #115 vertex 3: ground 600189.828466 m, vertex 600190.570397 m, +741.931 mm above the ground
[RockPrecisionFixDiag]   rock 'Kerbin Zn3010000130' 'Grass00' #115 vertex 4: ground 600189.833454 m, vertex 600189.539892 m, -293.561 mm above the ground
[RockPrecisionFixDiag]   rock 'Kerbin Zn3010000130' 'Grass00' #115 vertex 5: ground 600189.828473 m, vertex 600189.539670 m, -288.803 mm above the ground
[RockPrecisionFixDiag]   rock 'Kerbin Zn3010000130' 'Grass00' #115 vertex 6: ground 600189.833457 m, vertex 600190.570619 m, +737.162 mm above the ground
[RockPrecisionFixDiag]   rock 'Kerbin Zn3010000130' 'Grass00' #115 vertex 7: ground 600189.828466 m, vertex 600190.570397 m, +741.931 mm above the ground
[RockPrecisionFixDiag]   rock 'Kerbin Zn3010000130' 'Grass00' #116 vertex 0: ground 600205.813735 m, vertex 600205.511579 m, -302.156 mm above the ground
[RockPrecisionFixDiag]   rock 'Kerbin Zn3010000130' 'Grass00' #116 vertex 1: ground 600205.843802 m, vertex 600205.511085 m, -332.718 mm above the ground
[RockPrecisionFixDiag]   rock 'Kerbin Zn3010000130' 'Grass00' #116 vertex 2: ground 600205.813748 m, vertex 600206.588658 m, +774.910 mm above the ground
[RockPrecisionFixDiag]   rock 'Kerbin Zn3010000130' 'Grass00' #116 vertex 3: ground 600205.843762 m, vertex 600206.588146 m, +744.384 mm above the ground
[RockPrecisionFixDiag]   rock 'Kerbin Zn3010000130' 'Grass00' #116 vertex 4: ground 600205.813735 m, vertex 600205.511579 m, -302.156 mm above the ground
[RockPrecisionFixDiag]   rock 'Kerbin Zn3010000130' 'Grass00' #116 vertex 5: ground 600205.843802 m, vertex 600205.511085 m, -332.718 mm above the ground
[RockPrecisionFixDiag]   rock 'Kerbin Zn3010000130' 'Grass00' #116 vertex 6: ground 600205.813748 m, vertex 600206.588658 m, +774.910 mm above the ground
[RockPrecisionFixDiag]   rock 'Kerbin Zn3010000130' 'Grass00' #116 vertex 7: ground 600205.843762 m, vertex 600206.588146 m, +744.384 mm above the ground
[RockPrecisionFixDiag]   rock 'Kerbin Zn3010000130' 'Grass00' #117 vertex 0: ground 600202.384534 m, vertex 600202.191436 m, -193.098 mm above the ground
[RockPrecisionFixDiag]   rock 'Kerbin Zn3010000130' 'Grass00' #117 vertex 1: ground 600202.341109 m, vertex 600202.190601 m, -150.508 mm above the ground
[RockPrecisionFixDiag]   rock 'Kerbin Zn3010000130' 'Grass00' #117 vertex 2: ground 600202.384533 m, vertex 600203.298724 m, +914.191 mm above the ground
[RockPrecisionFixDiag]   rock 'Kerbin Zn3010000130' 'Grass00' #117 vertex 3: ground 600202.341066 m, vertex 600203.297889 m, +956.823 mm above the ground
[RockPrecisionFixDiag]   rock 'Kerbin Zn3010000130' 'Grass00' #117 vertex 4: ground 600202.384534 m, vertex 600202.191436 m, -193.098 mm above the ground
[RockPrecisionFixDiag]   rock 'Kerbin Zn3010000130' 'Grass00' #117 vertex 5: ground 600202.341109 m, vertex 600202.190601 m, -150.508 mm above the ground
[RockPrecisionFixDiag]   rock 'Kerbin Zn3010000130' 'Grass00' #117 vertex 6: ground 600202.384533 m, vertex 600203.298724 m, +914.191 mm above the ground
[RockPrecisionFixDiag]   rock 'Kerbin Zn3010000130' 'Grass00' #117 vertex 7: ground 600202.341066 m, vertex 600203.297889 m, +956.823 mm above the ground
[RockPrecisionFixDiag]   rock 'Kerbin Zn3010000130' 'Grass00' #118 vertex 0: ground 600205.940475 m, vertex 600206.856712 m, +916.237 mm above the ground
[RockPrecisionFixDiag]   rock 'Kerbin Zn3010000130' 'Grass00' #118 vertex 1: ground 600205.889156 m, vertex 600206.857341 m, +968.184 mm above the ground
[RockPrecisionFixDiag]   rock 'Kerbin Zn3010000130' 'Grass00' #118 vertex 2: ground 600205.940527 m, vertex 600207.874029 m, +1933.503 mm above the ground
[RockPrecisionFixDiag]   rock 'Kerbin Zn3010000130' 'Grass00' #118 vertex 3: ground 600205.889201 m, vertex 600207.874658 m, +1985.458 mm above the ground
[RockPrecisionFixDiag]   rock 'Kerbin Zn3010000130' 'Grass00' #118 vertex 4: ground 600205.940475 m, vertex 600206.856712 m, +916.237 mm above the ground
[RockPrecisionFixDiag]   rock 'Kerbin Zn3010000130' 'Grass00' #118 vertex 5: ground 600205.889156 m, vertex 600206.857341 m, +968.184 mm above the ground
[RockPrecisionFixDiag]   rock 'Kerbin Zn3010000130' 'Grass00' #118 vertex 6: ground 600205.940527 m, vertex 600207.874029 m, +1933.503 mm above the ground
[RockPrecisionFixDiag]   rock 'Kerbin Zn3010000130' 'Grass00' #118 vertex 7: ground 600205.889201 m, vertex 600207.874658 m, +1985.458 mm above the ground
[RockPrecisionFixDiag]   rock 'Kerbin Zn3010000130' 'Grass00' #119 vertex 0: ground 600195.178098 m, vertex 600194.884659 m, -293.439 mm above the ground
[RockPrecisionFixDiag]   rock 'Kerbin Zn3010000130' 'Grass00' #119 vertex 1: ground 600195.333006 m, vertex 600194.883123 m, -449.883 mm above the ground
[RockPrecisionFixDiag]   rock 'Kerbin Zn3010000130' 'Grass00' #119 vertex 2: ground 600195.178245 m, vertex 600196.523669 m, +1345.424 mm above the ground
[RockPrecisionFixDiag]   rock 'Kerbin Zn3010000130' 'Grass00' #119 vertex 3: ground 600195.333152 m, vertex 600196.522133 m, +1188.980 mm above the ground
[RockPrecisionFixDiag]   rock 'Kerbin Zn3010000130' 'Grass00' #119 vertex 4: ground 600195.178098 m, vertex 600194.884659 m, -293.439 mm above the ground
[RockPrecisionFixDiag]   rock 'Kerbin Zn3010000130' 'Grass00' #119 vertex 5: ground 600195.333006 m, vertex 600194.883123 m, -449.883 mm above the ground
[RockPrecisionFixDiag]   rock 'Kerbin Zn3010000130' 'Grass00' #119 vertex 6: ground 600195.178245 m, vertex 600196.523669 m, +1345.424 mm above the ground
[RockPrecisionFixDiag]   rock 'Kerbin Zn3010000130' 'Grass00' #119 vertex 7: ground 600195.333152 m, vertex 600196.522133 m, +1188.980 mm above the ground
[RockPrecisionFixDiag]   rock 'Kerbin Zn3010000130' 'Grass00' #120 vertex 0: ground 600203.141153 m, vertex 600202.848037 m, -293.117 mm above the ground
[RockPrecisionFixDiag]   rock 'Kerbin Zn3010000130' 'Grass00' #120 vertex 1: ground 600203.213088 m, vertex 600202.849348 m, -363.740 mm above the ground
[RockPrecisionFixDiag]   rock 'Kerbin Zn3010000130' 'Grass00' #120 vertex 2: ground 600203.141072 m, vertex 600204.775040 m, +1633.968 mm above the ground
[RockPrecisionFixDiag]   rock 'Kerbin Zn3010000130' 'Grass00' #120 vertex 3: ground 600203.213007 m, vertex 600204.776352 m, +1563.345 mm above the ground
[RockPrecisionFixDiag]   rock 'Kerbin Zn3010000130' 'Grass00' #120 vertex 4: ground 600203.141153 m, vertex 600202.848037 m, -293.117 mm above the ground
[RockPrecisionFixDiag]   rock 'Kerbin Zn3010000130' 'Grass00' #120 vertex 5: ground 600203.213088 m, vertex 600202.849348 m, -363.740 mm above the ground
[RockPrecisionFixDiag]   rock 'Kerbin Zn3010000130' 'Grass00' #120 vertex 6: ground 600203.141072 m, vertex 600204.775040 m, +1633.968 mm above the ground
[RockPrecisionFixDiag]   rock 'Kerbin Zn3010000130' 'Grass00' #120 vertex 7: ground 600203.213007 m, vertex 600204.776352 m, +1563.345 mm above the ground
[RockPrecisionFixDiag]   rock 'Kerbin Zn3010000130' 'Grass00' #121 vertex 0: ground 600200.304281 m, vertex 600200.010564 m, -293.717 mm above the ground
[RockPrecisionFixDiag]   rock 'Kerbin Zn3010000130' 'Grass00' #121 vertex 1: ground 600200.330832 m, vertex 600200.009206 m, -321.627 mm above the ground
[RockPrecisionFixDiag]   rock 'Kerbin Zn3010000130' 'Grass00' #121 vertex 2: ground 600200.304327 m, vertex 600201.971391 m, +1667.064 mm above the ground
[RockPrecisionFixDiag]   rock 'Kerbin Zn3010000130' 'Grass00' #121 vertex 3: ground 600200.330892 m, vertex 600201.970050 m, +1639.158 mm above the ground
[RockPrecisionFixDiag]   rock 'Kerbin Zn3010000130' 'Grass00' #121 vertex 4: ground 600200.304281 m, vertex 600200.010564 m, -293.717 mm above the ground
[RockPrecisionFixDiag]   rock 'Kerbin Zn3010000130' 'Grass00' #121 vertex 5: ground 600200.330832 m, vertex 600200.009206 m, -321.627 mm above the ground
[RockPrecisionFixDiag]   rock 'Kerbin Zn3010000130' 'Grass00' #121 vertex 6: ground 600200.304327 m, vertex 600201.971391 m, +1667.064 mm above the ground
[RockPrecisionFixDiag]   rock 'Kerbin Zn3010000130' 'Grass00' #121 vertex 7: ground 600200.330892 m, vertex 600201.970050 m, +1639.158 mm above the ground
[RockPrecisionFixDiag]   rock 'Kerbin Zn3010000130' 'Grass00' #122 vertex 0: ground 600189.901847 m, vertex 600189.814593 m, -87.254 mm above the ground
[RockPrecisionFixDiag]   rock 'Kerbin Zn3010000130' 'Grass00' #122 vertex 1: ground 600189.904280 m, vertex 600189.815324 m, -88.956 mm above the ground
[RockPrecisionFixDiag]   rock 'Kerbin Zn3010000130' 'Grass00' #122 vertex 2: ground 600189.901846 m, vertex 600191.666078 m, +1764.233 mm above the ground
[RockPrecisionFixDiag]   rock 'Kerbin Zn3010000130' 'Grass00' #122 vertex 3: ground 600189.904266 m, vertex 600191.666801 m, +1762.535 mm above the ground
[RockPrecisionFixDiag]   rock 'Kerbin Zn3010000130' 'Grass00' #122 vertex 4: ground 600189.901847 m, vertex 600189.814593 m, -87.254 mm above the ground
[RockPrecisionFixDiag]   rock 'Kerbin Zn3010000130' 'Grass00' #122 vertex 5: ground 600189.904280 m, vertex 600189.815324 m, -88.956 mm above the ground
[RockPrecisionFixDiag]   rock 'Kerbin Zn3010000130' 'Grass00' #122 vertex 6: ground 600189.901846 m, vertex 600191.666078 m, +1764.233 mm above the ground
[RockPrecisionFixDiag]   rock 'Kerbin Zn3010000130' 'Grass00' #122 vertex 7: ground 600189.904266 m, vertex 600191.666801 m, +1762.535 mm above the ground
[RockPrecisionFixDiag]   rock 'Kerbin Zn3010000130' 'Grass00' #123 vertex 0: ground 600204.601445 m, vertex 600204.308370 m, -293.074 mm above the ground
[RockPrecisionFixDiag]   rock 'Kerbin Zn3010000130' 'Grass00' #123 vertex 1: ground 600204.594790 m, vertex 600204.307833 m, -286.957 mm above the ground
[RockPrecisionFixDiag]   rock 'Kerbin Zn3010000130' 'Grass00' #123 vertex 2: ground 600204.601373 m, vertex 600206.157667 m, +1556.294 mm above the ground
[RockPrecisionFixDiag]   rock 'Kerbin Zn3010000130' 'Grass00' #123 vertex 3: ground 600204.594681 m, vertex 600206.157148 m, +1562.467 mm above the ground
[RockPrecisionFixDiag]   rock 'Kerbin Zn3010000130' 'Grass00' #123 vertex 4: ground 600204.601445 m, vertex 600204.308370 m, -293.074 mm above the ground
[RockPrecisionFixDiag]   rock 'Kerbin Zn3010000130' 'Grass00' #123 vertex 5: ground 600204.594790 m, vertex 600204.307833 m, -286.957 mm above the ground
[RockPrecisionFixDiag]   rock 'Kerbin Zn3010000130' 'Grass00' #123 vertex 6: ground 600204.601373 m, vertex 600206.157667 m, +1556.294 mm above the ground
[RockPrecisionFixDiag]   rock 'Kerbin Zn3010000130' 'Grass00' #123 vertex 7: ground 600204.594681 m, vertex 600206.157148 m, +1562.467 mm above the ground
[RockPrecisionFixDiag]   rock 'Kerbin Zn3010000130' 'Grass00' #124 vertex 0: ground 600195.637692 m, vertex 600195.343647 m, -294.045 mm above the ground
[RockPrecisionFixDiag]   rock 'Kerbin Zn3010000130' 'Grass00' #124 vertex 1: ground 600195.541911 m, vertex 600195.343955 m, -197.957 mm above the ground
[RockPrecisionFixDiag]   rock 'Kerbin Zn3010000130' 'Grass00' #124 vertex 2: ground 600195.637682 m, vertex 600197.146175 m, +1508.493 mm above the ground
[RockPrecisionFixDiag]   rock 'Kerbin Zn3010000130' 'Grass00' #124 vertex 3: ground 600195.541889 m, vertex 600197.146483 m, +1604.594 mm above the ground
[RockPrecisionFixDiag]   rock 'Kerbin Zn3010000130' 'Grass00' #124 vertex 4: ground 600195.637692 m, vertex 600195.343647 m, -294.045 mm above the ground
[RockPrecisionFixDiag]   rock 'Kerbin Zn3010000130' 'Grass00' #124 vertex 5: ground 600195.541911 m, vertex 600195.343955 m, -197.957 mm above the ground
[RockPrecisionFixDiag]   rock 'Kerbin Zn3010000130' 'Grass00' #124 vertex 6: ground 600195.637682 m, vertex 600197.146175 m, +1508.493 mm above the ground
[RockPrecisionFixDiag]   rock 'Kerbin Zn3010000130' 'Grass00' #124 vertex 7: ground 600195.541889 m, vertex 600197.146483 m, +1604.594 mm above the ground
[RockPrecisionFixDiag]   rock 'Kerbin Zn3010000130' 'Grass00' #125 vertex 0: ground 600193.924778 m, vertex 600193.051621 m, -873.157 mm above the ground
[RockPrecisionFixDiag]   rock 'Kerbin Zn3010000130' 'Grass00' #125 vertex 1: ground 600193.989626 m, vertex 600193.052318 m, -937.308 mm above the ground
[RockPrecisionFixDiag]   rock 'Kerbin Zn3010000130' 'Grass00' #125 vertex 2: ground 600193.924752 m, vertex 600194.291717 m, +366.965 mm above the ground
[RockPrecisionFixDiag]   rock 'Kerbin Zn3010000130' 'Grass00' #125 vertex 3: ground 600193.989610 m, vertex 600194.292413 m, +302.804 mm above the ground
[RockPrecisionFixDiag]   rock 'Kerbin Zn3010000130' 'Grass00' #125 vertex 4: ground 600193.924778 m, vertex 600193.051621 m, -873.157 mm above the ground
[RockPrecisionFixDiag]   rock 'Kerbin Zn3010000130' 'Grass00' #125 vertex 5: ground 600193.989626 m, vertex 600193.052318 m, -937.308 mm above the ground
[RockPrecisionFixDiag]   rock 'Kerbin Zn3010000130' 'Grass00' #125 vertex 6: ground 600193.924752 m, vertex 600194.291717 m, +366.965 mm above the ground
[RockPrecisionFixDiag]   rock 'Kerbin Zn3010000130' 'Grass00' #125 vertex 7: ground 600193.989610 m, vertex 600194.292413 m, +302.804 mm above the ground
[RockPrecisionFixDiag]   rock 'Kerbin Zn3010000130' 'Grass00' #126 vertex 0: ground 600192.396524 m, vertex 600192.102733 m, -293.791 mm above the ground
[RockPrecisionFixDiag]   rock 'Kerbin Zn3010000130' 'Grass00' #126 vertex 1: ground 600192.362871 m, vertex 600192.102926 m, -259.945 mm above the ground
[RockPrecisionFixDiag]   rock 'Kerbin Zn3010000130' 'Grass00' #126 vertex 2: ground 600192.396505 m, vertex 600193.722169 m, +1325.664 mm above the ground
[RockPrecisionFixDiag]   rock 'Kerbin Zn3010000130' 'Grass00' #126 vertex 3: ground 600192.362832 m, vertex 600193.722356 m, +1359.523 mm above the ground
[RockPrecisionFixDiag]   rock 'Kerbin Zn3010000130' 'Grass00' #126 vertex 4: ground 600192.396524 m, vertex 600192.102733 m, -293.791 mm above the ground
[RockPrecisionFixDiag]   rock 'Kerbin Zn3010000130' 'Grass00' #126 vertex 5: ground 600192.362871 m, vertex 600192.102926 m, -259.945 mm above the ground
[RockPrecisionFixDiag]   rock 'Kerbin Zn3010000130' 'Grass00' #126 vertex 6: ground 600192.396505 m, vertex 600193.722169 m, +1325.664 mm above the ground
[RockPrecisionFixDiag]   rock 'Kerbin Zn3010000130' 'Grass00' #126 vertex 7: ground 600192.362832 m, vertex 600193.722356 m, +1359.523 mm above the ground
[RockPrecisionFixDiag]   rock 'Kerbin Zn3010000130' 'Grass00' #127 vertex 0: ground 600203.941330 m, vertex 600203.409869 m, -531.461 mm above the ground
[RockPrecisionFixDiag]   rock 'Kerbin Zn3010000130' 'Grass00' #127 vertex 1: ground 600203.885027 m, vertex 600203.409246 m, -475.781 mm above the ground
[RockPrecisionFixDiag]   rock 'Kerbin Zn3010000130' 'Grass00' #127 vertex 2: ground 600203.941295 m, vertex 600205.272100 m, +1330.806 mm above the ground
[RockPrecisionFixDiag]   rock 'Kerbin Zn3010000130' 'Grass00' #127 vertex 3: ground 600203.885012 m, vertex 600205.271453 m, +1386.441 mm above the ground
[RockPrecisionFixDiag]   rock 'Kerbin Zn3010000130' 'Grass00' #127 vertex 4: ground 600203.941330 m, vertex 600203.409869 m, -531.461 mm above the ground
[RockPrecisionFixDiag]   rock 'Kerbin Zn3010000130' 'Grass00' #127 vertex 5: ground 600203.885027 m, vertex 600203.409246 m, -475.781 mm above the ground
[RockPrecisionFixDiag]   rock 'Kerbin Zn3010000130' 'Grass00' #127 vertex 6: ground 600203.941295 m, vertex 600205.272100 m, +1330.806 mm above the ground
[RockPrecisionFixDiag]   rock 'Kerbin Zn3010000130' 'Grass00' #127 vertex 7: ground 600203.885012 m, vertex 600205.271453 m, +1386.441 mm above the ground
[RockPrecisionFixDiag]   rock 'Kerbin Zn3010000130' 'Grass00' #128 vertex 0: ground 600195.721632 m, vertex 600195.428301 m, -293.332 mm above the ground
[RockPrecisionFixDiag]   rock 'Kerbin Zn3010000130' 'Grass00' #128 vertex 1: ground 600195.698709 m, vertex 600195.426789 m, -271.921 mm above the ground
[RockPrecisionFixDiag]   rock 'Kerbin Zn3010000130' 'Grass00' #128 vertex 2: ground 600195.721555 m, vertex 600197.325746 m, +1604.190 mm above the ground
[RockPrecisionFixDiag]   rock 'Kerbin Zn3010000130' 'Grass00' #128 vertex 3: ground 600195.698660 m, vertex 600197.324246 m, +1625.587 mm above the ground
[RockPrecisionFixDiag]   rock 'Kerbin Zn3010000130' 'Grass00' #128 vertex 4: ground 600195.721632 m, vertex 600195.428301 m, -293.332 mm above the ground
[RockPrecisionFixDiag]   rock 'Kerbin Zn3010000130' 'Grass00' #128 vertex 5: ground 600195.698709 m, vertex 600195.426789 m, -271.921 mm above the ground
[RockPrecisionFixDiag]   rock 'Kerbin Zn3010000130' 'Grass00' #128 vertex 6: ground 600195.721555 m, vertex 600197.325746 m, +1604.190 mm above the ground
[RockPrecisionFixDiag]   rock 'Kerbin Zn3010000130' 'Grass00' #128 vertex 7: ground 600195.698660 m, vertex 600197.324246 m, +1625.587 mm above the ground
[RockPrecisionFixDiag]   rock 'Kerbin Zn3010000130' 'Grass00' #129 vertex 0: ground 600197.590822 m, vertex 600197.297179 m, -293.643 mm above the ground
[RockPrecisionFixDiag]   rock 'Kerbin Zn3010000130' 'Grass00' #129 vertex 1: ground 600197.614354 m, vertex 600197.297237 m, -317.118 mm above the ground
[RockPrecisionFixDiag]   rock 'Kerbin Zn3010000130' 'Grass00' #129 vertex 2: ground 600197.590844 m, vertex 600198.883085 m, +1292.241 mm above the ground
[RockPrecisionFixDiag]   rock 'Kerbin Zn3010000130' 'Grass00' #129 vertex 3: ground 600197.614369 m, vertex 600198.883142 m, +1268.773 mm above the ground
[RockPrecisionFixDiag]   rock 'Kerbin Zn3010000130' 'Grass00' #129 vertex 4: ground 600197.590822 m, vertex 600197.297179 m, -293.643 mm above the ground
[RockPrecisionFixDiag]   rock 'Kerbin Zn3010000130' 'Grass00' #129 vertex 5: ground 600197.614354 m, vertex 600197.297237 m, -317.118 mm above the ground
[RockPrecisionFixDiag]   rock 'Kerbin Zn3010000130' 'Grass00' #129 vertex 6: ground 600197.590844 m, vertex 600198.883085 m, +1292.241 mm above the ground
[RockPrecisionFixDiag]   rock 'Kerbin Zn3010000130' 'Grass00' #129 vertex 7: ground 600197.614369 m, vertex 600198.883142 m, +1268.773 mm above the ground
[RockPrecisionFixDiag]   rock 'Kerbin Zn3010000130' 'Grass00' #130 vertex 0: ground 600204.611806 m, vertex 600204.318397 m, -293.409 mm above the ground
[RockPrecisionFixDiag]   rock 'Kerbin Zn3010000130' 'Grass00' #130 vertex 1: ground 600204.613748 m, vertex 600204.317863 m, -295.885 mm above the ground
[RockPrecisionFixDiag]   rock 'Kerbin Zn3010000130' 'Grass00' #130 vertex 2: ground 600204.611811 m, vertex 600205.812615 m, +1200.805 mm above the ground
[RockPrecisionFixDiag]   rock 'Kerbin Zn3010000130' 'Grass00' #130 vertex 3: ground 600204.613762 m, vertex 600205.812082 m, +1198.320 mm above the ground
[RockPrecisionFixDiag]   rock 'Kerbin Zn3010000130' 'Grass00' #130 vertex 4: ground 600204.611806 m, vertex 600204.318397 m, -293.409 mm above the ground
[RockPrecisionFixDiag]   rock 'Kerbin Zn3010000130' 'Grass00' #130 vertex 5: ground 600204.613748 m, vertex 600204.317863 m, -295.885 mm above the ground
[RockPrecisionFixDiag]   rock 'Kerbin Zn3010000130' 'Grass00' #130 vertex 6: ground 600204.611811 m, vertex 600205.812615 m, +1200.805 mm above the ground
[RockPrecisionFixDiag]   rock 'Kerbin Zn3010000130' 'Grass00' #130 vertex 7: ground 600204.613762 m, vertex 600205.812082 m, +1198.320 mm above the ground
[RockPrecisionFixDiag]   rock 'Kerbin Zn3010000130' 'Grass00' #131 vertex 0: ground 600188.142228 m, vertex 600187.761525 m, -380.703 mm above the ground
[RockPrecisionFixDiag]   rock 'Kerbin Zn3010000130' 'Grass00' #131 vertex 1: ground 600188.102000 m, vertex 600187.762182 m, -339.818 mm above the ground
[RockPrecisionFixDiag]   rock 'Kerbin Zn3010000130' 'Grass00' #131 vertex 2: ground 600188.142300 m, vertex 600188.968804 m, +826.504 mm above the ground
[RockPrecisionFixDiag]   rock 'Kerbin Zn3010000130' 'Grass00' #131 vertex 3: ground 600188.102068 m, vertex 600188.969466 m, +867.398 mm above the ground
[RockPrecisionFixDiag]   rock 'Kerbin Zn3010000130' 'Grass00' #131 vertex 4: ground 600188.142228 m, vertex 600187.761525 m, -380.703 mm above the ground
[RockPrecisionFixDiag]   rock 'Kerbin Zn3010000130' 'Grass00' #131 vertex 5: ground 600188.102000 m, vertex 600187.762182 m, -339.818 mm above the ground
[RockPrecisionFixDiag]   rock 'Kerbin Zn3010000130' 'Grass00' #131 vertex 6: ground 600188.142300 m, vertex 600188.968804 m, +826.504 mm above the ground
[RockPrecisionFixDiag]   rock 'Kerbin Zn3010000130' 'Grass00' #131 vertex 7: ground 600188.102068 m, vertex 600188.969466 m, +867.398 mm above the ground
[RockPrecisionFixDiag]   rock 'Kerbin Zn3010000130' 'Grass00' #132 vertex 0: ground 600193.877541 m, vertex 600193.584359 m, -293.182 mm above the ground
[RockPrecisionFixDiag]   rock 'Kerbin Zn3010000130' 'Grass00' #132 vertex 1: ground 600193.930704 m, vertex 600193.584313 m, -346.391 mm above the ground
[RockPrecisionFixDiag]   rock 'Kerbin Zn3010000130' 'Grass00' #132 vertex 2: ground 600193.877573 m, vertex 600194.871325 m, +993.751 mm above the ground
[RockPrecisionFixDiag]   rock 'Kerbin Zn3010000130' 'Grass00' #132 vertex 3: ground 600193.930737 m, vertex 600194.871268 m, +940.532 mm above the ground
[RockPrecisionFixDiag]   rock 'Kerbin Zn3010000130' 'Grass00' #132 vertex 4: ground 600193.877541 m, vertex 600193.584359 m, -293.182 mm above the ground
[RockPrecisionFixDiag]   rock 'Kerbin Zn3010000130' 'Grass00' #132 vertex 5: ground 600193.930704 m, vertex 600193.584313 m, -346.391 mm above the ground
[RockPrecisionFixDiag]   rock 'Kerbin Zn3010000130' 'Grass00' #132 vertex 6: ground 600193.877573 m, vertex 600194.871325 m, +993.751 mm above the ground
[RockPrecisionFixDiag]   rock 'Kerbin Zn3010000130' 'Grass00' #132 vertex 7: ground 600193.930737 m, vertex 600194.871268 m, +940.532 mm above the ground
[RockPrecisionFixDiag]   rock 'Kerbin Zn3010000130' 'Grass00' #133 vertex 0: ground 600195.156446 m, vertex 600194.862623 m, -293.823 mm above the ground
[RockPrecisionFixDiag]   rock 'Kerbin Zn3010000130' 'Grass00' #133 vertex 1: ground 600195.096828 m, vertex 600194.863208 m, -233.620 mm above the ground
[RockPrecisionFixDiag]   rock 'Kerbin Zn3010000130' 'Grass00' #133 vertex 2: ground 600195.156502 m, vertex 600195.987562 m, +831.060 mm above the ground
[RockPrecisionFixDiag]   rock 'Kerbin Zn3010000130' 'Grass00' #133 vertex 3: ground 600195.096852 m, vertex 600195.988148 m, +891.296 mm above the ground
[RockPrecisionFixDiag]   rock 'Kerbin Zn3010000130' 'Grass00' #133 vertex 4: ground 600195.156446 m, vertex 600194.862623 m, -293.823 mm above the ground
[RockPrecisionFixDiag]   rock 'Kerbin Zn3010000130' 'Grass00' #133 vertex 5: ground 600195.096828 m, vertex 600194.863208 m, -233.620 mm above the ground
[RockPrecisionFixDiag]   rock 'Kerbin Zn3010000130' 'Grass00' #133 vertex 6: ground 600195.156502 m, vertex 600195.987562 m, +831.060 mm above the ground
[RockPrecisionFixDiag]   rock 'Kerbin Zn3010000130' 'Grass00' #133 vertex 7: ground 600195.096852 m, vertex 600195.988148 m, +891.296 mm above the ground
[RockPrecisionFixDiag]   rock 'Kerbin Zn3010000130' 'Grass00' #134 vertex 0: ground 600196.204918 m, vertex 600195.911125 m, -293.793 mm above the ground
[RockPrecisionFixDiag]   rock 'Kerbin Zn3010000130' 'Grass00' #134 vertex 1: ground 600196.344826 m, vertex 600195.912147 m, -432.678 mm above the ground
[RockPrecisionFixDiag]   rock 'Kerbin Zn3010000130' 'Grass00' #134 vertex 2: ground 600196.204949 m, vertex 600197.702438 m, +1497.489 mm above the ground
[RockPrecisionFixDiag]   rock 'Kerbin Zn3010000130' 'Grass00' #134 vertex 3: ground 600196.344824 m, vertex 600197.703478 m, +1358.654 mm above the ground
[RockPrecisionFixDiag]   rock 'Kerbin Zn3010000130' 'Grass00' #134 vertex 4: ground 600196.204918 m, vertex 600195.911125 m, -293.793 mm above the ground
[RockPrecisionFixDiag]   rock 'Kerbin Zn3010000130' 'Grass00' #134 vertex 5: ground 600196.344826 m, vertex 600195.912147 m, -432.678 mm above the ground
[RockPrecisionFixDiag]   rock 'Kerbin Zn3010000130' 'Grass00' #134 vertex 6: ground 600196.204949 m, vertex 600197.702438 m, +1497.489 mm above the ground
[RockPrecisionFixDiag]   rock 'Kerbin Zn3010000130' 'Grass00' #134 vertex 7: ground 600196.344824 m, vertex 600197.703478 m, +1358.654 mm above the ground
[RockPrecisionFixDiag]   rock 'Kerbin Zn3010000130' 'Grass00' #135 vertex 0: ground 600186.699790 m, vertex 600186.406305 m, -293.485 mm above the ground
[RockPrecisionFixDiag]   rock 'Kerbin Zn3010000130' 'Grass00' #135 vertex 1: ground 600186.751208 m, vertex 600186.407093 m, -344.115 mm above the ground
[RockPrecisionFixDiag]   rock 'Kerbin Zn3010000130' 'Grass00' #135 vertex 2: ground 600186.699804 m, vertex 600187.874963 m, +1175.159 mm above the ground
[RockPrecisionFixDiag]   rock 'Kerbin Zn3010000130' 'Grass00' #135 vertex 3: ground 600186.751179 m, vertex 600187.875750 m, +1124.571 mm above the ground
[RockPrecisionFixDiag]   rock 'Kerbin Zn3010000130' 'Grass00' #135 vertex 4: ground 600186.699790 m, vertex 600186.406305 m, -293.485 mm above the ground
[RockPrecisionFixDiag]   rock 'Kerbin Zn3010000130' 'Grass00' #135 vertex 5: ground 600186.751208 m, vertex 600186.407093 m, -344.115 mm above the ground
[RockPrecisionFixDiag]   rock 'Kerbin Zn3010000130' 'Grass00' #135 vertex 6: ground 600186.699804 m, vertex 600187.874963 m, +1175.159 mm above the ground
[RockPrecisionFixDiag]   rock 'Kerbin Zn3010000130' 'Grass00' #135 vertex 7: ground 600186.751179 m, vertex 600187.875750 m, +1124.571 mm above the ground
[RockPrecisionFixDiag]   rock 'Kerbin Zn3010000130' 'Grass00' #136 vertex 0: ground 600195.387299 m, vertex 600195.093605 m, -293.694 mm above the ground
[RockPrecisionFixDiag]   rock 'Kerbin Zn3010000130' 'Grass00' #136 vertex 1: ground 600195.434177 m, vertex 600195.092528 m, -341.649 mm above the ground
[RockPrecisionFixDiag]   rock 'Kerbin Zn3010000130' 'Grass00' #136 vertex 2: ground 600195.387357 m, vertex 600196.236821 m, +849.464 mm above the ground
[RockPrecisionFixDiag]   rock 'Kerbin Zn3010000130' 'Grass00' #136 vertex 3: ground 600195.434202 m, vertex 600196.235736 m, +801.534 mm above the ground
[RockPrecisionFixDiag]   rock 'Kerbin Zn3010000130' 'Grass00' #136 vertex 4: ground 600195.387299 m, vertex 600195.093605 m, -293.694 mm above the ground
[RockPrecisionFixDiag]   rock 'Kerbin Zn3010000130' 'Grass00' #136 vertex 5: ground 600195.434177 m, vertex 600195.092528 m, -341.649 mm above the ground
[RockPrecisionFixDiag]   rock 'Kerbin Zn3010000130' 'Grass00' #136 vertex 6: ground 600195.387357 m, vertex 600196.236821 m, +849.464 mm above the ground
[RockPrecisionFixDiag]   rock 'Kerbin Zn3010000130' 'Grass00' #136 vertex 7: ground 600195.434202 m, vertex 600196.235736 m, +801.534 mm above the ground
[RockPrecisionFixDiag]   rock 'Kerbin Zn3010000130' 'Grass00' #137 vertex 0: ground 600190.091484 m, vertex 600189.797680 m, -293.804 mm above the ground
[RockPrecisionFixDiag]   rock 'Kerbin Zn3010000130' 'Grass00' #137 vertex 1: ground 600190.084668 m, vertex 600189.798266 m, -286.402 mm above the ground
[RockPrecisionFixDiag]   rock 'Kerbin Zn3010000130' 'Grass00' #137 vertex 2: ground 600190.091500 m, vertex 600191.292796 m, +1201.296 mm above the ground
[RockPrecisionFixDiag]   rock 'Kerbin Zn3010000130' 'Grass00' #137 vertex 3: ground 600190.084669 m, vertex 600191.293382 m, +1208.712 mm above the ground
[RockPrecisionFixDiag]   rock 'Kerbin Zn3010000130' 'Grass00' #137 vertex 4: ground 600190.091484 m, vertex 600189.797680 m, -293.804 mm above the ground
[RockPrecisionFixDiag]   rock 'Kerbin Zn3010000130' 'Grass00' #137 vertex 5: ground 600190.084668 m, vertex 600189.798266 m, -286.402 mm above the ground
[RockPrecisionFixDiag]   rock 'Kerbin Zn3010000130' 'Grass00' #137 vertex 6: ground 600190.091500 m, vertex 600191.292796 m, +1201.296 mm above the ground
[RockPrecisionFixDiag]   rock 'Kerbin Zn3010000130' 'Grass00' #137 vertex 7: ground 600190.084669 m, vertex 600191.293382 m, +1208.712 mm above the ground
[RockPrecisionFixDiag]   rock 'Kerbin Zn3010000130' 'Grass00' #138 vertex 0: ground 600199.808682 m, vertex 600199.514621 m, -294.061 mm above the ground
[RockPrecisionFixDiag]   rock 'Kerbin Zn3010000130' 'Grass00' #138 vertex 1: ground 600199.689759 m, vertex 600199.515300 m, -174.459 mm above the ground
[RockPrecisionFixDiag]   rock 'Kerbin Zn3010000130' 'Grass00' #138 vertex 2: ground 600199.808844 m, vertex 600200.666830 m, +857.987 mm above the ground
[RockPrecisionFixDiag]   rock 'Kerbin Zn3010000130' 'Grass00' #138 vertex 3: ground 600199.689923 m, vertex 600200.667484 m, +977.561 mm above the ground
[RockPrecisionFixDiag]   rock 'Kerbin Zn3010000130' 'Grass00' #138 vertex 4: ground 600199.808682 m, vertex 600199.514621 m, -294.061 mm above the ground
[RockPrecisionFixDiag]   rock 'Kerbin Zn3010000130' 'Grass00' #138 vertex 5: ground 600199.689759 m, vertex 600199.515300 m, -174.459 mm above the ground
[RockPrecisionFixDiag]   rock 'Kerbin Zn3010000130' 'Grass00' #138 vertex 6: ground 600199.808844 m, vertex 600200.666830 m, +857.987 mm above the ground
[RockPrecisionFixDiag]   rock 'Kerbin Zn3010000130' 'Grass00' #138 vertex 7: ground 600199.689923 m, vertex 600200.667484 m, +977.561 mm above the ground
[RockPrecisionFixDiag]   rock 'Kerbin Zn3010000130' 'Grass00' #139 vertex 0: ground 600194.077402 m, vertex 600193.784033 m, -293.369 mm above the ground
[RockPrecisionFixDiag]   rock 'Kerbin Zn3010000130' 'Grass00' #139 vertex 1: ground 600194.171211 m, vertex 600193.782923 m, -388.287 mm above the ground
[RockPrecisionFixDiag]   rock 'Kerbin Zn3010000130' 'Grass00' #139 vertex 2: ground 600194.077470 m, vertex 600195.252457 m, +1174.987 mm above the ground
[RockPrecisionFixDiag]   rock 'Kerbin Zn3010000130' 'Grass00' #139 vertex 3: ground 600194.171283 m, vertex 600195.251365 m, +1080.081 mm above the ground
[RockPrecisionFixDiag]   rock 'Kerbin Zn3010000130' 'Grass00' #139 vertex 4: ground 600194.077402 m, vertex 600193.784033 m, -293.369 mm above the ground
[RockPrecisionFixDiag]   rock 'Kerbin Zn3010000130' 'Grass00' #139 vertex 5: ground 600194.171211 m, vertex 600193.782923 m, -388.287 mm above the ground
[RockPrecisionFixDiag]   rock 'Kerbin Zn3010000130' 'Grass00' #139 vertex 6: ground 600194.077470 m, vertex 600195.252457 m, +1174.987 mm above the ground
[RockPrecisionFixDiag]   rock 'Kerbin Zn3010000130' 'Grass00' #139 vertex 7: ground 600194.171283 m, vertex 600195.251365 m, +1080.081 mm above the ground
[RockPrecisionFixDiag]   rock 'Kerbin Zn3010000130' 'Grass00' #140 vertex 0: ground 600196.714804 m, vertex 600196.374040 m, -340.764 mm above the ground
[RockPrecisionFixDiag]   rock 'Kerbin Zn3010000130' 'Grass00' #140 vertex 1: ground 600196.675512 m, vertex 600196.374381 m, -301.132 mm above the ground
[RockPrecisionFixDiag]   rock 'Kerbin Zn3010000130' 'Grass00' #140 vertex 2: ground 600196.714870 m, vertex 600197.534067 m, +819.198 mm above the ground
[RockPrecisionFixDiag]   rock 'Kerbin Zn3010000130' 'Grass00' #140 vertex 3: ground 600196.675603 m, vertex 600197.534417 m, +858.814 mm above the ground
[RockPrecisionFixDiag]   rock 'Kerbin Zn3010000130' 'Grass00' #140 vertex 4: ground 600196.714804 m, vertex 600196.374040 m, -340.764 mm above the ground
[RockPrecisionFixDiag]   rock 'Kerbin Zn3010000130' 'Grass00' #140 vertex 5: ground 600196.675512 m, vertex 600196.374381 m, -301.132 mm above the ground
[RockPrecisionFixDiag]   rock 'Kerbin Zn3010000130' 'Grass00' #140 vertex 6: ground 600196.714870 m, vertex 600197.534067 m, +819.198 mm above the ground
[RockPrecisionFixDiag]   rock 'Kerbin Zn3010000130' 'Grass00' #140 vertex 7: ground 600196.675603 m, vertex 600197.534417 m, +858.814 mm above the ground
[RockPrecisionFixDiag]   rock 'Kerbin Zn3010000130' 'Grass00' #141 vertex 0: ground 600186.546375 m, vertex 600186.252579 m, -293.796 mm above the ground
[RockPrecisionFixDiag]   rock 'Kerbin Zn3010000130' 'Grass00' #141 vertex 1: ground 600186.600186 m, vertex 600186.252465 m, -347.720 mm above the ground
[RockPrecisionFixDiag]   rock 'Kerbin Zn3010000130' 'Grass00' #141 vertex 2: ground 600186.546374 m, vertex 600187.643339 m, +1096.964 mm above the ground
[RockPrecisionFixDiag]   rock 'Kerbin Zn3010000130' 'Grass00' #141 vertex 3: ground 600186.600178 m, vertex 600187.643224 m, +1043.046 mm above the ground
[RockPrecisionFixDiag]   rock 'Kerbin Zn3010000130' 'Grass00' #141 vertex 4: ground 600186.546375 m, vertex 600186.252579 m, -293.796 mm above the ground
[RockPrecisionFixDiag]   rock 'Kerbin Zn3010000130' 'Grass00' #141 vertex 5: ground 600186.600186 m, vertex 600186.252465 m, -347.720 mm above the ground
[RockPrecisionFixDiag]   rock 'Kerbin Zn3010000130' 'Grass00' #141 vertex 6: ground 600186.546374 m, vertex 600187.643339 m, +1096.964 mm above the ground
[RockPrecisionFixDiag]   rock 'Kerbin Zn3010000130' 'Grass00' #141 vertex 7: ground 600186.600178 m, vertex 600187.643224 m, +1043.046 mm above the ground
[RockPrecisionFixDiag]   rock 'Kerbin Zn3010000130' 'Grass00' #142 vertex 0: ground 600188.749866 m, vertex 600188.456166 m, -293.700 mm above the ground
[RockPrecisionFixDiag]   rock 'Kerbin Zn3010000130' 'Grass00' #142 vertex 1: ground 600188.777520 m, vertex 600188.456612 m, -320.908 mm above the ground
[RockPrecisionFixDiag]   rock 'Kerbin Zn3010000130' 'Grass00' #142 vertex 2: ground 600188.749859 m, vertex 600189.698482 m, +948.623 mm above the ground
[RockPrecisionFixDiag]   rock 'Kerbin Zn3010000130' 'Grass00' #142 vertex 3: ground 600188.777506 m, vertex 600189.698926 m, +921.420 mm above the ground
[RockPrecisionFixDiag]   rock 'Kerbin Zn3010000130' 'Grass00' #142 vertex 4: ground 600188.749866 m, vertex 600188.456166 m, -293.700 mm above the ground
[RockPrecisionFixDiag]   rock 'Kerbin Zn3010000130' 'Grass00' #142 vertex 5: ground 600188.777520 m, vertex 600188.456612 m, -320.908 mm above the ground
[RockPrecisionFixDiag]   rock 'Kerbin Zn3010000130' 'Grass00' #142 vertex 6: ground 600188.749859 m, vertex 600189.698482 m, +948.623 mm above the ground
[RockPrecisionFixDiag]   rock 'Kerbin Zn3010000130' 'Grass00' #142 vertex 7: ground 600188.777506 m, vertex 600189.698926 m, +921.420 mm above the ground
[RockPrecisionFixDiag]   rock 'Kerbin Zn3010000130' 'Grass00' #143 vertex 0: ground 600188.449337 m, vertex 600188.156381 m, -292.957 mm above the ground
[RockPrecisionFixDiag]   rock 'Kerbin Zn3010000130' 'Grass00' #143 vertex 1: ground 600188.417672 m, vertex 600188.156829 m, -260.842 mm above the ground
[RockPrecisionFixDiag]   rock 'Kerbin Zn3010000130' 'Grass00' #143 vertex 2: ground 600188.449315 m, vertex 600189.216734 m, +767.419 mm above the ground
[RockPrecisionFixDiag]   rock 'Kerbin Zn3010000130' 'Grass00' #143 vertex 3: ground 600188.417664 m, vertex 600189.217195 m, +799.532 mm above the ground
[RockPrecisionFixDiag]   rock 'Kerbin Zn3010000130' 'Grass00' #143 vertex 4: ground 600188.449337 m, vertex 600188.156381 m, -292.957 mm above the ground
[RockPrecisionFixDiag]   rock 'Kerbin Zn3010000130' 'Grass00' #143 vertex 5: ground 600188.417672 m, vertex 600188.156829 m, -260.842 mm above the ground
[RockPrecisionFixDiag]   rock 'Kerbin Zn3010000130' 'Grass00' #143 vertex 6: ground 600188.449315 m, vertex 600189.216734 m, +767.419 mm above the ground
[RockPrecisionFixDiag]   rock 'Kerbin Zn3010000130' 'Grass00' #143 vertex 7: ground 600188.417664 m, vertex 600189.217195 m, +799.532 mm above the ground
[RockPrecisionFixDiag]   rock 'Kerbin Zn3010000130' 'Grass00' #144 vertex 0: ground 600190.613872 m, vertex 600191.163046 m, +549.173 mm above the ground
[RockPrecisionFixDiag]   rock 'Kerbin Zn3010000130' 'Grass00' #144 vertex 1: ground 600190.676761 m, vertex 600191.162949 m, +486.188 mm above the ground
[RockPrecisionFixDiag]   rock 'Kerbin Zn3010000130' 'Grass00' #144 vertex 2: ground 600190.613884 m, vertex 600192.387149 m, +1773.265 mm above the ground
[RockPrecisionFixDiag]   rock 'Kerbin Zn3010000130' 'Grass00' #144 vertex 3: ground 600190.676772 m, vertex 600192.387049 m, +1710.277 mm above the ground
[RockPrecisionFixDiag]   rock 'Kerbin Zn3010000130' 'Grass00' #144 vertex 4: ground 600190.613872 m, vertex 600191.163046 m, +549.173 mm above the ground
[RockPrecisionFixDiag]   rock 'Kerbin Zn3010000130' 'Grass00' #144 vertex 5: ground 600190.676761 m, vertex 600191.162949 m, +486.188 mm above the ground
[RockPrecisionFixDiag]   rock 'Kerbin Zn3010000130' 'Grass00' #144 vertex 6: ground 600190.613884 m, vertex 600192.387149 m, +1773.265 mm above the ground
[RockPrecisionFixDiag]   rock 'Kerbin Zn3010000130' 'Grass00' #144 vertex 7: ground 600190.676772 m, vertex 600192.387049 m, +1710.277 mm above the ground
[RockPrecisionFixDiag]   rock 'Kerbin Zn3010000130' 'Grass00' #145 vertex 0: ground 600189.555896 m, vertex 600189.262510 m, -293.385 mm above the ground
[RockPrecisionFixDiag]   rock 'Kerbin Zn3010000130' 'Grass00' #145 vertex 1: ground 600189.522613 m, vertex 600189.262020 m, -260.593 mm above the ground
[RockPrecisionFixDiag]   rock 'Kerbin Zn3010000130' 'Grass00' #145 vertex 2: ground 600189.555914 m, vertex 600190.492124 m, +936.210 mm above the ground
[RockPrecisionFixDiag]   rock 'Kerbin Zn3010000130' 'Grass00' #145 vertex 3: ground 600189.522627 m, vertex 600190.491629 m, +969.002 mm above the ground
[RockPrecisionFixDiag]   rock 'Kerbin Zn3010000130' 'Grass00' #145 vertex 4: ground 600189.555896 m, vertex 600189.262510 m, -293.385 mm above the ground
[RockPrecisionFixDiag]   rock 'Kerbin Zn3010000130' 'Grass00' #145 vertex 5: ground 600189.522613 m, vertex 600189.262020 m, -260.593 mm above the ground
[RockPrecisionFixDiag]   rock 'Kerbin Zn3010000130' 'Grass00' #145 vertex 6: ground 600189.555914 m, vertex 600190.492124 m, +936.210 mm above the ground
[RockPrecisionFixDiag]   rock 'Kerbin Zn3010000130' 'Grass00' #145 vertex 7: ground 600189.522627 m, vertex 600190.491629 m, +969.002 mm above the ground
[RockPrecisionFixDiag]   rock 'Kerbin Zn3010000130' 'Grass00' #146 vertex 0: ground 600196.978485 m, vertex 600196.685190 m, -293.294 mm above the ground
[RockPrecisionFixDiag]   rock 'Kerbin Zn3010000130' 'Grass00' #146 vertex 1: ground 600197.030279 m, vertex 600196.683737 m, -346.542 mm above the ground
[RockPrecisionFixDiag]   rock 'Kerbin Zn3010000130' 'Grass00' #146 vertex 2: ground 600196.978536 m, vertex 600198.352244 m, +1373.708 mm above the ground
[RockPrecisionFixDiag]   rock 'Kerbin Zn3010000130' 'Grass00' #146 vertex 3: ground 600197.030338 m, vertex 600198.350791 m, +1320.453 mm above the ground
[RockPrecisionFixDiag]   rock 'Kerbin Zn3010000130' 'Grass00' #146 vertex 4: ground 600196.978485 m, vertex 600196.685190 m, -293.294 mm above the ground
[RockPrecisionFixDiag]   rock 'Kerbin Zn3010000130' 'Grass00' #146 vertex 5: ground 600197.030279 m, vertex 600196.683737 m, -346.542 mm above the ground
[RockPrecisionFixDiag]   rock 'Kerbin Zn3010000130' 'Grass00' #146 vertex 6: ground 600196.978536 m, vertex 600198.352244 m, +1373.708 mm above the ground
[RockPrecisionFixDiag]   rock 'Kerbin Zn3010000130' 'Grass00' #146 vertex 7: ground 600197.030338 m, vertex 600198.350791 m, +1320.453 mm above the ground
[RockPrecisionFixDiag]   rock 'Kerbin Zn3010000130' 'Grass00' #147 vertex 0: ground 600202.330682 m, vertex 600202.036459 m, -294.222 mm above the ground
[RockPrecisionFixDiag]   rock 'Kerbin Zn3010000130' 'Grass00' #147 vertex 1: ground 600202.249898 m, vertex 600202.036776 m, -213.122 mm above the ground
[RockPrecisionFixDiag]   rock 'Kerbin Zn3010000130' 'Grass00' #147 vertex 2: ground 600202.330826 m, vertex 600203.159400 m, +828.574 mm above the ground
[RockPrecisionFixDiag]   rock 'Kerbin Zn3010000130' 'Grass00' #147 vertex 3: ground 600202.250051 m, vertex 600203.159718 m, +909.667 mm above the ground
[RockPrecisionFixDiag]   rock 'Kerbin Zn3010000130' 'Grass00' #147 vertex 4: ground 600202.330682 m, vertex 600202.036459 m, -294.222 mm above the ground
[RockPrecisionFixDiag]   rock 'Kerbin Zn3010000130' 'Grass00' #147 vertex 5: ground 600202.249898 m, vertex 600202.036776 m, -213.122 mm above the ground
[RockPrecisionFixDiag]   rock 'Kerbin Zn3010000130' 'Grass00' #147 vertex 6: ground 600202.330826 m, vertex 600203.159400 m, +828.574 mm above the ground
[RockPrecisionFixDiag]   rock 'Kerbin Zn3010000130' 'Grass00' #147 vertex 7: ground 600202.250051 m, vertex 600203.159718 m, +909.667 mm above the ground
[RockPrecisionFixDiag]   rock 'Kerbin Zn3010000130' 'Grass00' #148 vertex 0: ground 600189.500850 m, vertex 600188.895730 m, -605.120 mm above the ground
[RockPrecisionFixDiag]   rock 'Kerbin Zn3010000130' 'Grass00' #148 vertex 1: ground 600189.522197 m, vertex 600188.895670 m, -626.527 mm above the ground
[RockPrecisionFixDiag]   rock 'Kerbin Zn3010000130' 'Grass00' #148 vertex 2: ground 600189.500877 m, vertex 600190.528743 m, +1027.866 mm above the ground
[RockPrecisionFixDiag]   rock 'Kerbin Zn3010000130' 'Grass00' #148 vertex 3: ground 600189.522221 m, vertex 600190.528684 m, +1006.463 mm above the ground
[RockPrecisionFixDiag]   rock 'Kerbin Zn3010000130' 'Grass00' #148 vertex 4: ground 600189.500850 m, vertex 600188.895730 m, -605.120 mm above the ground
[RockPrecisionFixDiag]   rock 'Kerbin Zn3010000130' 'Grass00' #148 vertex 5: ground 600189.522197 m, vertex 600188.895670 m, -626.527 mm above the ground
[RockPrecisionFixDiag]   rock 'Kerbin Zn3010000130' 'Grass00' #148 vertex 6: ground 600189.500877 m, vertex 600190.528743 m, +1027.866 mm above the ground
[RockPrecisionFixDiag]   rock 'Kerbin Zn3010000130' 'Grass00' #148 vertex 7: ground 600189.522221 m, vertex 600190.528684 m, +1006.463 mm above the ground
[RockPrecisionFixDiag]   rock 'Kerbin Zn3010000130' 'Grass00' #149 vertex 0: ground 600197.440399 m, vertex 600197.146934 m, -293.464 mm above the ground
[RockPrecisionFixDiag]   rock 'Kerbin Zn3010000130' 'Grass00' #149 vertex 1: ground 600197.525990 m, vertex 600197.146287 m, -379.703 mm above the ground
[RockPrecisionFixDiag]   rock 'Kerbin Zn3010000130' 'Grass00' #149 vertex 2: ground 600197.440435 m, vertex 600198.778340 m, +1337.905 mm above the ground
[RockPrecisionFixDiag]   rock 'Kerbin Zn3010000130' 'Grass00' #149 vertex 3: ground 600197.526031 m, vertex 600198.777684 m, +1251.652 mm above the ground
[RockPrecisionFixDiag]   rock 'Kerbin Zn3010000130' 'Grass00' #149 vertex 4: ground 600197.440399 m, vertex 600197.146934 m, -293.464 mm above the ground
[RockPrecisionFixDiag]   rock 'Kerbin Zn3010000130' 'Grass00' #149 vertex 5: ground 600197.525990 m, vertex 600197.146287 m, -379.703 mm above the ground
[RockPrecisionFixDiag]   rock 'Kerbin Zn3010000130' 'Grass00' #149 vertex 6: ground 600197.440435 m, vertex 600198.778340 m, +1337.905 mm above the ground
[RockPrecisionFixDiag]   rock 'Kerbin Zn3010000130' 'Grass00' #149 vertex 7: ground 600197.526031 m, vertex 600198.777684 m, +1251.652 mm above the ground
[RockPrecisionFixDiag]   rock 'Kerbin Zn3010000130' 'Grass00' #150 vertex 0: ground 600191.223778 m, vertex 600190.397432 m, -826.346 mm above the ground
[RockPrecisionFixDiag]   rock 'Kerbin Zn3010000130' 'Grass00' #150 vertex 1: ground 600191.162806 m, vertex 600190.398618 m, -764.188 mm above the ground
[RockPrecisionFixDiag]   rock 'Kerbin Zn3010000130' 'Grass00' #150 vertex 2: ground 600191.223848 m, vertex 600191.958587 m, +734.739 mm above the ground
[RockPrecisionFixDiag]   rock 'Kerbin Zn3010000130' 'Grass00' #150 vertex 3: ground 600191.162851 m, vertex 600191.959790 m, +796.940 mm above the ground
[RockPrecisionFixDiag]   rock 'Kerbin Zn3010000130' 'Grass00' #150 vertex 4: ground 600191.223778 m, vertex 600190.397432 m, -826.346 mm above the ground
[RockPrecisionFixDiag]   rock 'Kerbin Zn3010000130' 'Grass00' #150 vertex 5: ground 600191.162806 m, vertex 600190.398618 m, -764.188 mm above the ground
[RockPrecisionFixDiag]   rock 'Kerbin Zn3010000130' 'Grass00' #150 vertex 6: ground 600191.223848 m, vertex 600191.958587 m, +734.739 mm above the ground
[RockPrecisionFixDiag]   rock 'Kerbin Zn3010000130' 'Grass00' #150 vertex 7: ground 600191.162851 m, vertex 600191.959790 m, +796.940 mm above the ground
[RockPrecisionFixDiag]   rock 'Kerbin Zn3010000130' 'Grass00' #151 vertex 0: ground 600190.848299 m, vertex 600190.075580 m, -772.719 mm above the ground
[RockPrecisionFixDiag]   rock 'Kerbin Zn3010000130' 'Grass00' #151 vertex 1: ground 600190.799264 m, vertex 600190.076680 m, -722.584 mm above the ground
[RockPrecisionFixDiag]   rock 'Kerbin Zn3010000130' 'Grass00' #151 vertex 2: ground 600190.848326 m, vertex 600191.863537 m, +1015.211 mm above the ground
[RockPrecisionFixDiag]   rock 'Kerbin Zn3010000130' 'Grass00' #151 vertex 3: ground 600190.799297 m, vertex 600191.864637 m, +1065.341 mm above the ground
[RockPrecisionFixDiag]   rock 'Kerbin Zn3010000130' 'Grass00' #151 vertex 4: ground 600190.848299 m, vertex 600190.075580 m, -772.719 mm above the ground
[RockPrecisionFixDiag]   rock 'Kerbin Zn3010000130' 'Grass00' #151 vertex 5: ground 600190.799264 m, vertex 600190.076680 m, -722.584 mm above the ground
[RockPrecisionFixDiag]   rock 'Kerbin Zn3010000130' 'Grass00' #151 vertex 6: ground 600190.848326 m, vertex 600191.863537 m, +1015.211 mm above the ground
[RockPrecisionFixDiag]   rock 'Kerbin Zn3010000130' 'Grass00' #151 vertex 7: ground 600190.799297 m, vertex 600191.864637 m, +1065.341 mm above the ground
[RockPrecisionFixDiag]   rock 'Kerbin Zn3010000130' 'Grass00' #152 vertex 0: ground 600211.804827 m, vertex 600211.511179 m, -293.649 mm above the ground
[RockPrecisionFixDiag]   rock 'Kerbin Zn3010000130' 'Grass00' #152 vertex 1: ground 600211.845005 m, vertex 600211.512047 m, -332.958 mm above the ground
[RockPrecisionFixDiag]   rock 'Kerbin Zn3010000130' 'Grass00' #152 vertex 2: ground 600211.804824 m, vertex 600212.519357 m, +714.534 mm above the ground
[RockPrecisionFixDiag]   rock 'Kerbin Zn3010000130' 'Grass00' #152 vertex 3: ground 600211.844997 m, vertex 600212.520226 m, +675.229 mm above the ground
[RockPrecisionFixDiag]   rock 'Kerbin Zn3010000130' 'Grass00' #152 vertex 4: ground 600211.804827 m, vertex 600211.511179 m, -293.649 mm above the ground
[RockPrecisionFixDiag]   rock 'Kerbin Zn3010000130' 'Grass00' #152 vertex 5: ground 600211.845005 m, vertex 600211.512047 m, -332.958 mm above the ground
[RockPrecisionFixDiag]   rock 'Kerbin Zn3010000130' 'Grass00' #152 vertex 6: ground 600211.804824 m, vertex 600212.519357 m, +714.534 mm above the ground
[RockPrecisionFixDiag]   rock 'Kerbin Zn3010000130' 'Grass00' #152 vertex 7: ground 600211.844997 m, vertex 600212.520226 m, +675.229 mm above the ground
[RockPrecisionFixDiag]   rock 'Kerbin Zn3010000130' 'Grass00' #153 vertex 0: ground 600187.297744 m, vertex 600187.003899 m, -293.845 mm above the ground
[RockPrecisionFixDiag]   rock 'Kerbin Zn3010000130' 'Grass00' #153 vertex 1: ground 600187.330924 m, vertex 600187.003219 m, -327.705 mm above the ground
[RockPrecisionFixDiag]   rock 'Kerbin Zn3010000130' 'Grass00' #153 vertex 2: ground 600187.297735 m, vertex 600188.313942 m, +1016.207 mm above the ground
[RockPrecisionFixDiag]   rock 'Kerbin Zn3010000130' 'Grass00' #153 vertex 3: ground 600187.330922 m, vertex 600188.313253 m, +982.331 mm above the ground
[RockPrecisionFixDiag]   rock 'Kerbin Zn3010000130' 'Grass00' #153 vertex 4: ground 600187.297744 m, vertex 600187.003899 m, -293.845 mm above the ground
[RockPrecisionFixDiag]   rock 'Kerbin Zn3010000130' 'Grass00' #153 vertex 5: ground 600187.330924 m, vertex 600187.003219 m, -327.705 mm above the ground
[RockPrecisionFixDiag]   rock 'Kerbin Zn3010000130' 'Grass00' #153 vertex 6: ground 600187.297735 m, vertex 600188.313942 m, +1016.207 mm above the ground
[RockPrecisionFixDiag]   rock 'Kerbin Zn3010000130' 'Grass00' #153 vertex 7: ground 600187.330922 m, vertex 600188.313253 m, +982.331 mm above the ground
[RockPrecisionFixDiag]   rock 'Kerbin Zn3010000130' 'Grass00' #154 vertex 0: ground 600187.049139 m, vertex 600186.755645 m, -293.494 mm above the ground
[RockPrecisionFixDiag]   rock 'Kerbin Zn3010000130' 'Grass00' #154 vertex 1: ground 600187.194253 m, vertex 600186.756370 m, -437.883 mm above the ground
[RockPrecisionFixDiag]   rock 'Kerbin Zn3010000130' 'Grass00' #154 vertex 2: ground 600187.049114 m, vertex 600188.501041 m, +1451.927 mm above the ground
[RockPrecisionFixDiag]   rock 'Kerbin Zn3010000130' 'Grass00' #154 vertex 3: ground 600187.194185 m, vertex 600188.501757 m, +1307.572 mm above the ground
[RockPrecisionFixDiag]   rock 'Kerbin Zn3010000130' 'Grass00' #154 vertex 4: ground 600187.049139 m, vertex 600186.755645 m, -293.494 mm above the ground
[RockPrecisionFixDiag]   rock 'Kerbin Zn3010000130' 'Grass00' #154 vertex 5: ground 600187.194253 m, vertex 600186.756370 m, -437.883 mm above the ground
[RockPrecisionFixDiag]   rock 'Kerbin Zn3010000130' 'Grass00' #154 vertex 6: ground 600187.049114 m, vertex 600188.501041 m, +1451.927 mm above the ground
[RockPrecisionFixDiag]   rock 'Kerbin Zn3010000130' 'Grass00' #154 vertex 7: ground 600187.194185 m, vertex 600188.501757 m, +1307.572 mm above the ground
[RockPrecisionFixDiag]   rock 'Kerbin Zn3010000130' 'Grass00' #155 vertex 0: ground 600186.733507 m, vertex 600186.440010 m, -293.497 mm above the ground
[RockPrecisionFixDiag]   rock 'Kerbin Zn3010000130' 'Grass00' #155 vertex 1: ground 600186.784160 m, vertex 600186.440727 m, -343.434 mm above the ground
[RockPrecisionFixDiag]   rock 'Kerbin Zn3010000130' 'Grass00' #155 vertex 2: ground 600186.733488 m, vertex 600187.799505 m, +1066.017 mm above the ground
[RockPrecisionFixDiag]   rock 'Kerbin Zn3010000130' 'Grass00' #155 vertex 3: ground 600186.784149 m, vertex 600187.800217 m, +1016.068 mm above the ground
[RockPrecisionFixDiag]   rock 'Kerbin Zn3010000130' 'Grass00' #155 vertex 4: ground 600186.733507 m, vertex 600186.440010 m, -293.497 mm above the ground
[RockPrecisionFixDiag]   rock 'Kerbin Zn3010000130' 'Grass00' #155 vertex 5: ground 600186.784160 m, vertex 600186.440727 m, -343.434 mm above the ground
[RockPrecisionFixDiag]   rock 'Kerbin Zn3010000130' 'Grass00' #155 vertex 6: ground 600186.733488 m, vertex 600187.799505 m, +1066.017 mm above the ground
[RockPrecisionFixDiag]   rock 'Kerbin Zn3010000130' 'Grass00' #155 vertex 7: ground 600186.784149 m, vertex 600187.800217 m, +1016.068 mm above the ground
[RockPrecisionFixDiag]   rock 'Kerbin Zn3010000130' 'Grass00' #156 vertex 0: ground 600186.371918 m, vertex 600186.078391 m, -293.527 mm above the ground
[RockPrecisionFixDiag]   rock 'Kerbin Zn3010000130' 'Grass00' #156 vertex 1: ground 600186.397584 m, vertex 600186.079213 m, -318.371 mm above the ground
[RockPrecisionFixDiag]   rock 'Kerbin Zn3010000130' 'Grass00' #156 vertex 2: ground 600186.371948 m, vertex 600187.371199 m, +999.251 mm above the ground
[RockPrecisionFixDiag]   rock 'Kerbin Zn3010000130' 'Grass00' #156 vertex 3: ground 600186.397539 m, vertex 600187.372038 m, +974.500 mm above the ground
[RockPrecisionFixDiag]   rock 'Kerbin Zn3010000130' 'Grass00' #156 vertex 4: ground 600186.371918 m, vertex 600186.078391 m, -293.527 mm above the ground
[RockPrecisionFixDiag]   rock 'Kerbin Zn3010000130' 'Grass00' #156 vertex 5: ground 600186.397584 m, vertex 600186.079213 m, -318.371 mm above the ground
[RockPrecisionFixDiag]   rock 'Kerbin Zn3010000130' 'Grass00' #156 vertex 6: ground 600186.371948 m, vertex 600187.371199 m, +999.251 mm above the ground
[RockPrecisionFixDiag]   rock 'Kerbin Zn3010000130' 'Grass00' #156 vertex 7: ground 600186.397539 m, vertex 600187.372038 m, +974.500 mm above the ground
[RockPrecisionFixDiag]   rock 'Kerbin Zn3010000130' 'Grass00' #157 vertex 0: ground 600196.224281 m, vertex 600195.930917 m, -293.364 mm above the ground
[RockPrecisionFixDiag]   rock 'Kerbin Zn3010000130' 'Grass00' #157 vertex 1: ground 600196.246198 m, vertex 600195.931253 m, -314.945 mm above the ground
[RockPrecisionFixDiag]   rock 'Kerbin Zn3010000130' 'Grass00' #157 vertex 2: ground 600196.224263 m, vertex 600197.062097 m, +837.834 mm above the ground
[RockPrecisionFixDiag]   rock 'Kerbin Zn3010000130' 'Grass00' #157 vertex 3: ground 600196.246161 m, vertex 600197.062433 m, +816.273 mm above the ground
[RockPrecisionFixDiag]   rock 'Kerbin Zn3010000130' 'Grass00' #157 vertex 4: ground 600196.224281 m, vertex 600195.930917 m, -293.364 mm above the ground
[RockPrecisionFixDiag]   rock 'Kerbin Zn3010000130' 'Grass00' #157 vertex 5: ground 600196.246198 m, vertex 600195.931253 m, -314.945 mm above the ground
[RockPrecisionFixDiag]   rock 'Kerbin Zn3010000130' 'Grass00' #157 vertex 6: ground 600196.224263 m, vertex 600197.062097 m, +837.834 mm above the ground
[RockPrecisionFixDiag]   rock 'Kerbin Zn3010000130' 'Grass00' #157 vertex 7: ground 600196.246161 m, vertex 600197.062433 m, +816.273 mm above the ground
[RockPrecisionFixDiag]   rock 'Kerbin Zn3010000130' 'Grass00' #158 vertex 0: ground 600204.345441 m, vertex 600204.051931 m, -293.510 mm above the ground
[RockPrecisionFixDiag]   rock 'Kerbin Zn3010000130' 'Grass00' #158 vertex 1: ground 600204.349346 m, vertex 600204.050968 m, -298.378 mm above the ground
[RockPrecisionFixDiag]   rock 'Kerbin Zn3010000130' 'Grass00' #158 vertex 2: ground 600204.345446 m, vertex 600205.269322 m, +923.876 mm above the ground
[RockPrecisionFixDiag]   rock 'Kerbin Zn3010000130' 'Grass00' #158 vertex 3: ground 600204.349368 m, vertex 600205.268360 m, +918.991 mm above the ground
[RockPrecisionFixDiag]   rock 'Kerbin Zn3010000130' 'Grass00' #158 vertex 4: ground 600204.345441 m, vertex 600204.051931 m, -293.510 mm above the ground
[RockPrecisionFixDiag]   rock 'Kerbin Zn3010000130' 'Grass00' #158 vertex 5: ground 600204.349346 m, vertex 600204.050968 m, -298.378 mm above the ground
[RockPrecisionFixDiag]   rock 'Kerbin Zn3010000130' 'Grass00' #158 vertex 6: ground 600204.345446 m, vertex 600205.269322 m, +923.876 mm above the ground
[RockPrecisionFixDiag]   rock 'Kerbin Zn3010000130' 'Grass00' #158 vertex 7: ground 600204.349368 m, vertex 600205.268360 m, +918.991 mm above the ground
[RockPrecisionFixDiag]   rock 'Kerbin Zn3010000130' 'Grass00' #159 vertex 0: ground 600190.841503 m, vertex 600190.548398 m, -293.105 mm above the ground
[RockPrecisionFixDiag]   rock 'Kerbin Zn3010000130' 'Grass00' #159 vertex 1: ground 600190.808308 m, vertex 600190.548406 m, -259.902 mm above the ground
[RockPrecisionFixDiag]   rock 'Kerbin Zn3010000130' 'Grass00' #159 vertex 2: ground 600190.841503 m, vertex 600192.262712 m, +1421.209 mm above the ground
[RockPrecisionFixDiag]   rock 'Kerbin Zn3010000130' 'Grass00' #159 vertex 3: ground 600190.808308 m, vertex 600192.262719 m, +1454.411 mm above the ground
[RockPrecisionFixDiag]   rock 'Kerbin Zn3010000130' 'Grass00' #159 vertex 4: ground 600190.841503 m, vertex 600190.548398 m, -293.105 mm above the ground
[RockPrecisionFixDiag]   rock 'Kerbin Zn3010000130' 'Grass00' #159 vertex 5: ground 600190.808308 m, vertex 600190.548406 m, -259.902 mm above the ground
[RockPrecisionFixDiag]   rock 'Kerbin Zn3010000130' 'Grass00' #159 vertex 6: ground 600190.841503 m, vertex 600192.262712 m, +1421.209 mm above the ground
[RockPrecisionFixDiag]   rock 'Kerbin Zn3010000130' 'Grass00' #159 vertex 7: ground 600190.808308 m, vertex 600192.262719 m, +1454.411 mm above the ground
[RockPrecisionFixDiag]   rock 'Kerbin Zn3010000130' 'Grass00' #160 vertex 0: ground 600201.389607 m, vertex 600201.012109 m, -377.498 mm above the ground
[RockPrecisionFixDiag]   rock 'Kerbin Zn3010000130' 'Grass00' #160 vertex 1: ground 600201.315389 m, vertex 600201.012284 m, -303.105 mm above the ground
[RockPrecisionFixDiag]   rock 'Kerbin Zn3010000130' 'Grass00' #160 vertex 2: ground 600201.389578 m, vertex 600202.847116 m, +1457.538 mm above the ground
[RockPrecisionFixDiag]   rock 'Kerbin Zn3010000130' 'Grass00' #160 vertex 3: ground 600201.315355 m, vertex 600202.847291 m, +1531.936 mm above the ground
[RockPrecisionFixDiag]   rock 'Kerbin Zn3010000130' 'Grass00' #160 vertex 4: ground 600201.389607 m, vertex 600201.012109 m, -377.498 mm above the ground
[RockPrecisionFixDiag]   rock 'Kerbin Zn3010000130' 'Grass00' #160 vertex 5: ground 600201.315389 m, vertex 600201.012284 m, -303.105 mm above the ground
[RockPrecisionFixDiag]   rock 'Kerbin Zn3010000130' 'Grass00' #160 vertex 6: ground 600201.389578 m, vertex 600202.847116 m, +1457.538 mm above the ground
[RockPrecisionFixDiag]   rock 'Kerbin Zn3010000130' 'Grass00' #160 vertex 7: ground 600201.315355 m, vertex 600202.847291 m, +1531.936 mm above the ground
[RockPrecisionFixDiag]   rock 'Kerbin Zn3010000130' 'Grass00' #161 vertex 0: ground 600198.078883 m, vertex 600198.798247 m, +719.364 mm above the ground
[RockPrecisionFixDiag]   rock 'Kerbin Zn3010000130' 'Grass00' #161 vertex 1: ground 600198.084094 m, vertex 600198.796973 m, +712.879 mm above the ground
[RockPrecisionFixDiag]   rock 'Kerbin Zn3010000130' 'Grass00' #161 vertex 2: ground 600198.078865 m, vertex 600200.523813 m, +2444.948 mm above the ground
[RockPrecisionFixDiag]   rock 'Kerbin Zn3010000130' 'Grass00' #161 vertex 3: ground 600198.084089 m, vertex 600200.522539 m, +2438.450 mm above the ground
[RockPrecisionFixDiag]   rock 'Kerbin Zn3010000130' 'Grass00' #161 vertex 4: ground 600198.078883 m, vertex 600198.798247 m, +719.364 mm above the ground
[RockPrecisionFixDiag]   rock 'Kerbin Zn3010000130' 'Grass00' #161 vertex 5: ground 600198.084094 m, vertex 600198.796973 m, +712.879 mm above the ground
[RockPrecisionFixDiag]   rock 'Kerbin Zn3010000130' 'Grass00' #161 vertex 6: ground 600198.078865 m, vertex 600200.523813 m, +2444.948 mm above the ground
[RockPrecisionFixDiag]   rock 'Kerbin Zn3010000130' 'Grass00' #161 vertex 7: ground 600198.084089 m, vertex 600200.522539 m, +2438.450 mm above the ground
[RockPrecisionFixDiag]   rock 'Kerbin Zn3010000130' 'Grass00' #162 vertex 0: ground 600205.332219 m, vertex 600205.038752 m, -293.466 mm above the ground
[RockPrecisionFixDiag]   rock 'Kerbin Zn3010000130' 'Grass00' #162 vertex 1: ground 600205.373888 m, vertex 600205.039715 m, -334.173 mm above the ground
[RockPrecisionFixDiag]   rock 'Kerbin Zn3010000130' 'Grass00' #162 vertex 2: ground 600205.332268 m, vertex 600206.608248 m, +1275.980 mm above the ground
[RockPrecisionFixDiag]   rock 'Kerbin Zn3010000130' 'Grass00' #162 vertex 3: ground 600205.373910 m, vertex 600206.609211 m, +1235.300 mm above the ground
[RockPrecisionFixDiag]   rock 'Kerbin Zn3010000130' 'Grass00' #162 vertex 4: ground 600205.332219 m, vertex 600205.038752 m, -293.466 mm above the ground
[RockPrecisionFixDiag]   rock 'Kerbin Zn3010000130' 'Grass00' #162 vertex 5: ground 600205.373888 m, vertex 600205.039715 m, -334.173 mm above the ground
[RockPrecisionFixDiag]   rock 'Kerbin Zn3010000130' 'Grass00' #162 vertex 6: ground 600205.332268 m, vertex 600206.608248 m, +1275.980 mm above the ground
[RockPrecisionFixDiag]   rock 'Kerbin Zn3010000130' 'Grass00' #162 vertex 7: ground 600205.373910 m, vertex 600206.609211 m, +1235.300 mm above the ground
[RockPrecisionFixDiag]   rock 'Kerbin Zn3010000130' 'Grass00' #163 vertex 0: ground 600188.882184 m, vertex 600188.588601 m, -293.583 mm above the ground
[RockPrecisionFixDiag]   rock 'Kerbin Zn3010000130' 'Grass00' #163 vertex 1: ground 600188.863637 m, vertex 600188.589393 m, -274.245 mm above the ground
[RockPrecisionFixDiag]   rock 'Kerbin Zn3010000130' 'Grass00' #163 vertex 2: ground 600188.882137 m, vertex 600190.532948 m, +1650.811 mm above the ground
[RockPrecisionFixDiag]   rock 'Kerbin Zn3010000130' 'Grass00' #163 vertex 3: ground 600188.863608 m, vertex 600190.533753 m, +1670.145 mm above the ground
[RockPrecisionFixDiag]   rock 'Kerbin Zn3010000130' 'Grass00' #163 vertex 4: ground 600188.882184 m, vertex 600188.588601 m, -293.583 mm above the ground
[RockPrecisionFixDiag]   rock 'Kerbin Zn3010000130' 'Grass00' #163 vertex 5: ground 600188.863637 m, vertex 600188.589393 m, -274.245 mm above the ground
[RockPrecisionFixDiag]   rock 'Kerbin Zn3010000130' 'Grass00' #163 vertex 6: ground 600188.882137 m, vertex 600190.532948 m, +1650.811 mm above the ground
[RockPrecisionFixDiag]   rock 'Kerbin Zn3010000130' 'Grass00' #163 vertex 7: ground 600188.863608 m, vertex 600190.533753 m, +1670.145 mm above the ground
[RockPrecisionFixDiag]   rock 'Kerbin Zn3010000130' 'Grass00' #164 vertex 0: ground 600191.319253 m, vertex 600191.025527 m, -293.726 mm above the ground
[RockPrecisionFixDiag]   rock 'Kerbin Zn3010000130' 'Grass00' #164 vertex 1: ground 600191.348729 m, vertex 600191.025069 m, -323.660 mm above the ground
[RockPrecisionFixDiag]   rock 'Kerbin Zn3010000130' 'Grass00' #164 vertex 2: ground 600191.319250 m, vertex 600192.586857 m, +1267.607 mm above the ground
[RockPrecisionFixDiag]   rock 'Kerbin Zn3010000130' 'Grass00' #164 vertex 3: ground 600191.348702 m, vertex 600192.586395 m, +1237.693 mm above the ground
[RockPrecisionFixDiag]   rock 'Kerbin Zn3010000130' 'Grass00' #164 vertex 4: ground 600191.319253 m, vertex 600191.025527 m, -293.726 mm above the ground
[RockPrecisionFixDiag]   rock 'Kerbin Zn3010000130' 'Grass00' #164 vertex 5: ground 600191.348729 m, vertex 600191.025069 m, -323.660 mm above the ground
[RockPrecisionFixDiag]   rock 'Kerbin Zn3010000130' 'Grass00' #164 vertex 6: ground 600191.319250 m, vertex 600192.586857 m, +1267.607 mm above the ground
[RockPrecisionFixDiag]   rock 'Kerbin Zn3010000130' 'Grass00' #164 vertex 7: ground 600191.348702 m, vertex 600192.586395 m, +1237.693 mm above the ground
[RockPrecisionFixDiag]   rock 'Kerbin Zn3010000130' 'Grass00' #165 vertex 0: ground 600201.564739 m, vertex 600201.271836 m, -292.903 mm above the ground
[RockPrecisionFixDiag]   rock 'Kerbin Zn3010000130' 'Grass00' #165 vertex 1: ground 600201.400111 m, vertex 600201.271483 m, -128.628 mm above the ground
[RockPrecisionFixDiag]   rock 'Kerbin Zn3010000130' 'Grass00' #165 vertex 2: ground 600201.564723 m, vertex 600203.225569 m, +1660.846 mm above the ground
[RockPrecisionFixDiag]   rock 'Kerbin Zn3010000130' 'Grass00' #165 vertex 3: ground 600201.400056 m, vertex 600203.225220 m, +1825.164 mm above the ground
[RockPrecisionFixDiag]   rock 'Kerbin Zn3010000130' 'Grass00' #165 vertex 4: ground 600201.564739 m, vertex 600201.271836 m, -292.903 mm above the ground
[RockPrecisionFixDiag]   rock 'Kerbin Zn3010000130' 'Grass00' #165 vertex 5: ground 600201.400111 m, vertex 600201.271483 m, -128.628 mm above the ground
[RockPrecisionFixDiag]   rock 'Kerbin Zn3010000130' 'Grass00' #165 vertex 6: ground 600201.564723 m, vertex 600203.225569 m, +1660.846 mm above the ground
[RockPrecisionFixDiag]   rock 'Kerbin Zn3010000130' 'Grass00' #165 vertex 7: ground 600201.400056 m, vertex 600203.225220 m, +1825.164 mm above the ground
[RockPrecisionFixDiag]   rock 'Kerbin Zn3010000130' 'Grass00' #166 vertex 0: ground 600204.666344 m, vertex 600204.237132 m, -429.212 mm above the ground
[RockPrecisionFixDiag]   rock 'Kerbin Zn3010000130' 'Grass00' #166 vertex 1: ground 600204.673345 m, vertex 600204.236330 m, -437.015 mm above the ground
[RockPrecisionFixDiag]   rock 'Kerbin Zn3010000130' 'Grass00' #166 vertex 2: ground 600204.666361 m, vertex 600206.213976 m, +1547.615 mm above the ground
[RockPrecisionFixDiag]   rock 'Kerbin Zn3010000130' 'Grass00' #166 vertex 3: ground 600204.673340 m, vertex 600206.213169 m, +1539.830 mm above the ground
[RockPrecisionFixDiag]   rock 'Kerbin Zn3010000130' 'Grass00' #166 vertex 4: ground 600204.666344 m, vertex 600204.237132 m, -429.212 mm above the ground
[RockPrecisionFixDiag]   rock 'Kerbin Zn3010000130' 'Grass00' #166 vertex 5: ground 600204.673345 m, vertex 600204.236330 m, -437.015 mm above the ground
[RockPrecisionFixDiag]   rock 'Kerbin Zn3010000130' 'Grass00' #166 vertex 6: ground 600204.666361 m, vertex 600206.213976 m, +1547.615 mm above the ground
[RockPrecisionFixDiag]   rock 'Kerbin Zn3010000130' 'Grass00' #166 vertex 7: ground 600204.673340 m, vertex 600206.213169 m, +1539.830 mm above the ground
[RockPrecisionFixDiag]   rock 'Kerbin Zn3010000130' 'Grass00' #167 vertex 0: ground 600199.344246 m, vertex 600197.968232 m, -1376.014 mm above the ground
[RockPrecisionFixDiag]   rock 'Kerbin Zn3010000130' 'Grass00' #167 vertex 1: ground 600199.362690 m, vertex 600197.968354 m, -1394.336 mm above the ground
[RockPrecisionFixDiag]   rock 'Kerbin Zn3010000130' 'Grass00' #167 vertex 2: ground 600199.344261 m, vertex 600199.003321 m, -340.940 mm above the ground
[RockPrecisionFixDiag]   rock 'Kerbin Zn3010000130' 'Grass00' #167 vertex 3: ground 600199.362718 m, vertex 600199.003438 m, -359.280 mm above the ground
[RockPrecisionFixDiag]   rock 'Kerbin Zn3010000130' 'Grass00' #167 vertex 4: ground 600199.344246 m, vertex 600197.968232 m, -1376.014 mm above the ground
[RockPrecisionFixDiag]   rock 'Kerbin Zn3010000130' 'Grass00' #167 vertex 5: ground 600199.362690 m, vertex 600197.968354 m, -1394.336 mm above the ground
[RockPrecisionFixDiag]   rock 'Kerbin Zn3010000130' 'Grass00' #167 vertex 6: ground 600199.344261 m, vertex 600199.003321 m, -340.940 mm above the ground
[RockPrecisionFixDiag]   rock 'Kerbin Zn3010000130' 'Grass00' #167 vertex 7: ground 600199.362718 m, vertex 600199.003438 m, -359.280 mm above the ground
[RockPrecisionFixDiag]   rock 'Kerbin Zn3010000130' 'Grass00' #168 vertex 0: ground 600186.470846 m, vertex 600186.177006 m, -293.840 mm above the ground
[RockPrecisionFixDiag]   rock 'Kerbin Zn3010000130' 'Grass00' #168 vertex 1: ground 600186.490366 m, vertex 600186.176921 m, -313.446 mm above the ground
[RockPrecisionFixDiag]   rock 'Kerbin Zn3010000130' 'Grass00' #168 vertex 2: ground 600186.470832 m, vertex 600187.799322 m, +1328.490 mm above the ground
[RockPrecisionFixDiag]   rock 'Kerbin Zn3010000130' 'Grass00' #168 vertex 3: ground 600186.490355 m, vertex 600187.799236 m, +1308.881 mm above the ground
[RockPrecisionFixDiag]   rock 'Kerbin Zn3010000130' 'Grass00' #168 vertex 4: ground 600186.470846 m, vertex 600186.177006 m, -293.840 mm above the ground
[RockPrecisionFixDiag]   rock 'Kerbin Zn3010000130' 'Grass00' #168 vertex 5: ground 600186.490366 m, vertex 600186.176921 m, -313.446 mm above the ground
[RockPrecisionFixDiag]   rock 'Kerbin Zn3010000130' 'Grass00' #168 vertex 6: ground 600186.470832 m, vertex 600187.799322 m, +1328.490 mm above the ground
[RockPrecisionFixDiag]   rock 'Kerbin Zn3010000130' 'Grass00' #168 vertex 7: ground 600186.490355 m, vertex 600187.799236 m, +1308.881 mm above the ground
[RockPrecisionFixDiag]   rock 'Kerbin Zn3010000130' 'Grass00' #169 vertex 0: ground 600201.172588 m, vertex 600200.878787 m, -293.801 mm above the ground
[RockPrecisionFixDiag]   rock 'Kerbin Zn3010000130' 'Grass00' #169 vertex 1: ground 600201.232780 m, vertex 600200.878068 m, -354.712 mm above the ground
[RockPrecisionFixDiag]   rock 'Kerbin Zn3010000130' 'Grass00' #169 vertex 2: ground 600201.172682 m, vertex 600201.938546 m, +765.864 mm above the ground
[RockPrecisionFixDiag]   rock 'Kerbin Zn3010000130' 'Grass00' #169 vertex 3: ground 600201.232806 m, vertex 600201.937839 m, +705.033 mm above the ground
[RockPrecisionFixDiag]   rock 'Kerbin Zn3010000130' 'Grass00' #169 vertex 4: ground 600201.172588 m, vertex 600200.878787 m, -293.801 mm above the ground
[RockPrecisionFixDiag]   rock 'Kerbin Zn3010000130' 'Grass00' #169 vertex 5: ground 600201.232780 m, vertex 600200.878068 m, -354.712 mm above the ground
[RockPrecisionFixDiag]   rock 'Kerbin Zn3010000130' 'Grass00' #169 vertex 6: ground 600201.172682 m, vertex 600201.938546 m, +765.864 mm above the ground
[RockPrecisionFixDiag]   rock 'Kerbin Zn3010000130' 'Grass00' #169 vertex 7: ground 600201.232806 m, vertex 600201.937839 m, +705.033 mm above the ground
[RockPrecisionFixDiag]   rock 'Kerbin Zn3010000130' 'Grass00' #170 vertex 0: ground 600200.717384 m, vertex 600200.423700 m, -293.684 mm above the ground
[RockPrecisionFixDiag]   rock 'Kerbin Zn3010000130' 'Grass00' #170 vertex 1: ground 600200.710075 m, vertex 600200.422042 m, -288.033 mm above the ground
[RockPrecisionFixDiag]   rock 'Kerbin Zn3010000130' 'Grass00' #170 vertex 2: ground 600200.717352 m, vertex 600202.265438 m, +1548.087 mm above the ground
[RockPrecisionFixDiag]   rock 'Kerbin Zn3010000130' 'Grass00' #170 vertex 3: ground 600200.710075 m, vertex 600202.263755 m, +1553.680 mm above the ground
[RockPrecisionFixDiag]   rock 'Kerbin Zn3010000130' 'Grass00' #170 vertex 4: ground 600200.717384 m, vertex 600200.423700 m, -293.684 mm above the ground
[RockPrecisionFixDiag]   rock 'Kerbin Zn3010000130' 'Grass00' #170 vertex 5: ground 600200.710075 m, vertex 600200.422042 m, -288.033 mm above the ground
[RockPrecisionFixDiag]   rock 'Kerbin Zn3010000130' 'Grass00' #170 vertex 6: ground 600200.717352 m, vertex 600202.265438 m, +1548.087 mm above the ground
[RockPrecisionFixDiag]   rock 'Kerbin Zn3010000130' 'Grass00' #170 vertex 7: ground 600200.710075 m, vertex 600202.263755 m, +1553.680 mm above the ground
[RockPrecisionFixDiag]   rock 'Kerbin Zn3010000130' 'Grass00' #171 vertex 0: ground 600201.357398 m, vertex 600201.067881 m, -289.517 mm above the ground
[RockPrecisionFixDiag]   rock 'Kerbin Zn3010000130' 'Grass00' #171 vertex 1: ground 600201.342716 m, vertex 600201.066779 m, -275.937 mm above the ground
[RockPrecisionFixDiag]   rock 'Kerbin Zn3010000130' 'Grass00' #171 vertex 2: ground 600201.357411 m, vertex 600202.947136 m, +1589.725 mm above the ground
[RockPrecisionFixDiag]   rock 'Kerbin Zn3010000130' 'Grass00' #171 vertex 3: ground 600201.342729 m, vertex 600202.945992 m, +1603.263 mm above the ground
[RockPrecisionFixDiag]   rock 'Kerbin Zn3010000130' 'Grass00' #171 vertex 4: ground 600201.357398 m, vertex 600201.067881 m, -289.517 mm above the ground
[RockPrecisionFixDiag]   rock 'Kerbin Zn3010000130' 'Grass00' #171 vertex 5: ground 600201.342716 m, vertex 600201.066779 m, -275.937 mm above the ground
[RockPrecisionFixDiag]   rock 'Kerbin Zn3010000130' 'Grass00' #171 vertex 6: ground 600201.357411 m, vertex 600202.947136 m, +1589.725 mm above the ground
[RockPrecisionFixDiag]   rock 'Kerbin Zn3010000130' 'Grass00' #171 vertex 7: ground 600201.342729 m, vertex 600202.945992 m, +1603.263 mm above the ground
[RockPrecisionFixDiag]   rock 'Kerbin Zn3010000130' 'Grass00' #172 vertex 0: ground 600194.657394 m, vertex 600194.363592 m, -293.801 mm above the ground
[RockPrecisionFixDiag]   rock 'Kerbin Zn3010000130' 'Grass00' #172 vertex 1: ground 600194.689103 m, vertex 600194.362628 m, -326.476 mm above the ground
[RockPrecisionFixDiag]   rock 'Kerbin Zn3010000130' 'Grass00' #172 vertex 2: ground 600194.657409 m, vertex 600195.463606 m, +806.197 mm above the ground
[RockPrecisionFixDiag]   rock 'Kerbin Zn3010000130' 'Grass00' #172 vertex 3: ground 600194.689151 m, vertex 600195.462659 m, +773.508 mm above the ground
[RockPrecisionFixDiag]   rock 'Kerbin Zn3010000130' 'Grass00' #172 vertex 4: ground 600194.657394 m, vertex 600194.363592 m, -293.801 mm above the ground
[RockPrecisionFixDiag]   rock 'Kerbin Zn3010000130' 'Grass00' #172 vertex 5: ground 600194.689103 m, vertex 600194.362628 m, -326.476 mm above the ground
[RockPrecisionFixDiag]   rock 'Kerbin Zn3010000130' 'Grass00' #172 vertex 6: ground 600194.657409 m, vertex 600195.463606 m, +806.197 mm above the ground
[RockPrecisionFixDiag]   rock 'Kerbin Zn3010000130' 'Grass00' #172 vertex 7: ground 600194.689151 m, vertex 600195.462659 m, +773.508 mm above the ground
[RockPrecisionFixDiag]   rock 'Kerbin Zn3010000130' 'Grass00' #173 vertex 0: ground 600208.407153 m, vertex 600208.113069 m, -294.084 mm above the ground
[RockPrecisionFixDiag]   rock 'Kerbin Zn3010000130' 'Grass00' #173 vertex 1: ground 600208.343456 m, vertex 600208.113780 m, -229.676 mm above the ground
[RockPrecisionFixDiag]   rock 'Kerbin Zn3010000130' 'Grass00' #173 vertex 2: ground 600208.407291 m, vertex 600209.813502 m, +1406.212 mm above the ground
[RockPrecisionFixDiag]   rock 'Kerbin Zn3010000130' 'Grass00' #173 vertex 3: ground 600208.343592 m, vertex 600209.814214 m, +1470.622 mm above the ground
[RockPrecisionFixDiag]   rock 'Kerbin Zn3010000130' 'Grass00' #173 vertex 4: ground 600208.407153 m, vertex 600208.113069 m, -294.084 mm above the ground
[RockPrecisionFixDiag]   rock 'Kerbin Zn3010000130' 'Grass00' #173 vertex 5: ground 600208.343456 m, vertex 600208.113780 m, -229.676 mm above the ground
[RockPrecisionFixDiag]   rock 'Kerbin Zn3010000130' 'Grass00' #173 vertex 6: ground 600208.407291 m, vertex 600209.813502 m, +1406.212 mm above the ground
[RockPrecisionFixDiag]   rock 'Kerbin Zn3010000130' 'Grass00' #173 vertex 7: ground 600208.343592 m, vertex 600209.814214 m, +1470.622 mm above the ground
[RockPrecisionFixDiag]   rock 'Kerbin Zn3010000130' 'Grass00' #174 vertex 0: ground 600196.596914 m, vertex 600196.303365 m, -293.550 mm above the ground
[RockPrecisionFixDiag]   rock 'Kerbin Zn3010000130' 'Grass00' #174 vertex 1: ground 600196.579699 m, vertex 600196.301370 m, -278.329 mm above the ground
[RockPrecisionFixDiag]   rock 'Kerbin Zn3010000130' 'Grass00' #174 vertex 2: ground 600196.596927 m, vertex 600198.152522 m, +1555.595 mm above the ground
[RockPrecisionFixDiag]   rock 'Kerbin Zn3010000130' 'Grass00' #174 vertex 3: ground 600196.579712 m, vertex 600198.150552 m, +1570.840 mm above the ground
[RockPrecisionFixDiag]   rock 'Kerbin Zn3010000130' 'Grass00' #174 vertex 4: ground 600196.596914 m, vertex 600196.303365 m, -293.550 mm above the ground
[RockPrecisionFixDiag]   rock 'Kerbin Zn3010000130' 'Grass00' #174 vertex 5: ground 600196.579699 m, vertex 600196.301370 m, -278.329 mm above the ground
[RockPrecisionFixDiag]   rock 'Kerbin Zn3010000130' 'Grass00' #174 vertex 6: ground 600196.596927 m, vertex 600198.152522 m, +1555.595 mm above the ground
[RockPrecisionFixDiag]   rock 'Kerbin Zn3010000130' 'Grass00' #174 vertex 7: ground 600196.579712 m, vertex 600198.150552 m, +1570.840 mm above the ground
[RockPrecisionFixDiag]   rock 'Kerbin Zn3010000130' 'Grass00' #175 vertex 0: ground 600191.654568 m, vertex 600191.361404 m, -293.164 mm above the ground
[RockPrecisionFixDiag]   rock 'Kerbin Zn3010000130' 'Grass00' #175 vertex 1: ground 600191.691404 m, vertex 600191.361148 m, -330.256 mm above the ground
[RockPrecisionFixDiag]   rock 'Kerbin Zn3010000130' 'Grass00' #175 vertex 2: ground 600191.654567 m, vertex 600192.608006 m, +953.440 mm above the ground
[RockPrecisionFixDiag]   rock 'Kerbin Zn3010000130' 'Grass00' #175 vertex 3: ground 600191.691411 m, vertex 600192.607752 m, +916.341 mm above the ground
[RockPrecisionFixDiag]   rock 'Kerbin Zn3010000130' 'Grass00' #175 vertex 4: ground 600191.654568 m, vertex 600191.361404 m, -293.164 mm above the ground
[RockPrecisionFixDiag]   rock 'Kerbin Zn3010000130' 'Grass00' #175 vertex 5: ground 600191.691404 m, vertex 600191.361148 m, -330.256 mm above the ground
[RockPrecisionFixDiag]   rock 'Kerbin Zn3010000130' 'Grass00' #175 vertex 6: ground 600191.654567 m, vertex 600192.608006 m, +953.440 mm above the ground
[RockPrecisionFixDiag]   rock 'Kerbin Zn3010000130' 'Grass00' #175 vertex 7: ground 600191.691411 m, vertex 600192.607752 m, +916.341 mm above the ground
[RockPrecisionFixDiag]   rock 'Kerbin Zn3010000130' 'Grass00' #176 vertex 0: ground 600199.934458 m, vertex 600199.641342 m, -293.117 mm above the ground
[RockPrecisionFixDiag]   rock 'Kerbin Zn3010000130' 'Grass00' #176 vertex 1: ground 600199.843803 m, vertex 600199.640646 m, -203.157 mm above the ground
[RockPrecisionFixDiag]   rock 'Kerbin Zn3010000130' 'Grass00' #176 vertex 2: ground 600199.934435 m, vertex 600201.424512 m, +1490.077 mm above the ground
[RockPrecisionFixDiag]   rock 'Kerbin Zn3010000130' 'Grass00' #176 vertex 3: ground 600199.843765 m, vertex 600201.423807 m, +1580.042 mm above the ground
[RockPrecisionFixDiag]   rock 'Kerbin Zn3010000130' 'Grass00' #176 vertex 4: ground 600199.934458 m, vertex 600199.641342 m, -293.117 mm above the ground
[RockPrecisionFixDiag]   rock 'Kerbin Zn3010000130' 'Grass00' #176 vertex 5: ground 600199.843803 m, vertex 600199.640646 m, -203.157 mm above the ground
[RockPrecisionFixDiag]   rock 'Kerbin Zn3010000130' 'Grass00' #176 vertex 6: ground 600199.934435 m, vertex 600201.424512 m, +1490.077 mm above the ground
[RockPrecisionFixDiag]   rock 'Kerbin Zn3010000130' 'Grass00' #176 vertex 7: ground 600199.843765 m, vertex 600201.423807 m, +1580.042 mm above the ground
[RockPrecisionFixDiag]   rock 'Kerbin Zn3010000130' 'Grass00' #177 vertex 0: ground 600207.664065 m, vertex 600207.369953 m, -294.111 mm above the ground
[RockPrecisionFixDiag]   rock 'Kerbin Zn3010000130' 'Grass00' #177 vertex 1: ground 600207.587716 m, vertex 600207.370650 m, -217.066 mm above the ground
[RockPrecisionFixDiag]   rock 'Kerbin Zn3010000130' 'Grass00' #177 vertex 2: ground 600207.664180 m, vertex 600208.885132 m, +1220.952 mm above the ground
[RockPrecisionFixDiag]   rock 'Kerbin Zn3010000130' 'Grass00' #177 vertex 3: ground 600207.587831 m, vertex 600208.885832 m, +1298.001 mm above the ground
[RockPrecisionFixDiag]   rock 'Kerbin Zn3010000130' 'Grass00' #177 vertex 4: ground 600207.664065 m, vertex 600207.369953 m, -294.111 mm above the ground
[RockPrecisionFixDiag]   rock 'Kerbin Zn3010000130' 'Grass00' #177 vertex 5: ground 600207.587716 m, vertex 600207.370650 m, -217.066 mm above the ground
[RockPrecisionFixDiag]   rock 'Kerbin Zn3010000130' 'Grass00' #177 vertex 6: ground 600207.664180 m, vertex 600208.885132 m, +1220.952 mm above the ground
[RockPrecisionFixDiag]   rock 'Kerbin Zn3010000130' 'Grass00' #177 vertex 7: ground 600207.587831 m, vertex 600208.885832 m, +1298.001 mm above the ground
[RockPrecisionFixDiag]   rock 'Kerbin Zn3010000130' 'Grass00' #178 vertex 0: ground 600193.000721 m, vertex 600192.706884 m, -293.837 mm above the ground
[RockPrecisionFixDiag]   rock 'Kerbin Zn3010000130' 'Grass00' #178 vertex 1: ground 600192.971764 m, vertex 600192.705275 m, -266.488 mm above the ground
[RockPrecisionFixDiag]   rock 'Kerbin Zn3010000130' 'Grass00' #178 vertex 2: ground 600193.000640 m, vertex 600194.325024 m, +1324.385 mm above the ground
[RockPrecisionFixDiag]   rock 'Kerbin Zn3010000130' 'Grass00' #178 vertex 3: ground 600192.971759 m, vertex 600194.323416 m, +1351.657 mm above the ground
[RockPrecisionFixDiag]   rock 'Kerbin Zn3010000130' 'Grass00' #178 vertex 4: ground 600193.000721 m, vertex 600192.706884 m, -293.837 mm above the ground
[RockPrecisionFixDiag]   rock 'Kerbin Zn3010000130' 'Grass00' #178 vertex 5: ground 600192.971764 m, vertex 600192.705275 m, -266.488 mm above the ground
[RockPrecisionFixDiag]   rock 'Kerbin Zn3010000130' 'Grass00' #178 vertex 6: ground 600193.000640 m, vertex 600194.325024 m, +1324.385 mm above the ground
[RockPrecisionFixDiag]   rock 'Kerbin Zn3010000130' 'Grass00' #178 vertex 7: ground 600192.971759 m, vertex 600194.323416 m, +1351.657 mm above the ground
[RockPrecisionFixDiag]   rock 'Kerbin Zn3010000130' 'Grass00' #179 vertex 0: ground 600188.956902 m, vertex 600188.671304 m, -285.598 mm above the ground
[RockPrecisionFixDiag]   rock 'Kerbin Zn3010000130' 'Grass00' #179 vertex 1: ground 600188.928744 m, vertex 600188.672161 m, -256.584 mm above the ground
[RockPrecisionFixDiag]   rock 'Kerbin Zn3010000130' 'Grass00' #179 vertex 2: ground 600188.956939 m, vertex 600190.362246 m, +1405.308 mm above the ground
[RockPrecisionFixDiag]   rock 'Kerbin Zn3010000130' 'Grass00' #179 vertex 3: ground 600188.928814 m, vertex 600190.363073 m, +1434.259 mm above the ground
[RockPrecisionFixDiag]   rock 'Kerbin Zn3010000130' 'Grass00' #179 vertex 4: ground 600188.956902 m, vertex 600188.671304 m, -285.598 mm above the ground
[RockPrecisionFixDiag]   rock 'Kerbin Zn3010000130' 'Grass00' #179 vertex 5: ground 600188.928744 m, vertex 600188.672161 m, -256.584 mm above the ground
[RockPrecisionFixDiag]   rock 'Kerbin Zn3010000130' 'Grass00' #179 vertex 6: ground 600188.956939 m, vertex 600190.362246 m, +1405.308 mm above the ground
[RockPrecisionFixDiag]   rock 'Kerbin Zn3010000130' 'Grass00' #179 vertex 7: ground 600188.928814 m, vertex 600190.363073 m, +1434.259 mm above the ground
[RockPrecisionFixDiag]   rock 'Kerbin Zn3010000130' 'Grass00' #180 vertex 0: ground 600202.280214 m, vertex 600201.986900 m, -293.314 mm above the ground
[RockPrecisionFixDiag]   rock 'Kerbin Zn3010000130' 'Grass00' #180 vertex 1: ground 600202.256426 m, vertex 600201.987801 m, -268.625 mm above the ground
[RockPrecisionFixDiag]   rock 'Kerbin Zn3010000130' 'Grass00' #180 vertex 2: ground 600202.280270 m, vertex 600203.096484 m, +816.214 mm above the ground
[RockPrecisionFixDiag]   rock 'Kerbin Zn3010000130' 'Grass00' #180 vertex 3: ground 600202.256470 m, vertex 600203.097368 m, +840.898 mm above the ground
[RockPrecisionFixDiag]   rock 'Kerbin Zn3010000130' 'Grass00' #180 vertex 4: ground 600202.280214 m, vertex 600201.986900 m, -293.314 mm above the ground
[RockPrecisionFixDiag]   rock 'Kerbin Zn3010000130' 'Grass00' #180 vertex 5: ground 600202.256426 m, vertex 600201.987801 m, -268.625 mm above the ground
[RockPrecisionFixDiag]   rock 'Kerbin Zn3010000130' 'Grass00' #180 vertex 6: ground 600202.280270 m, vertex 600203.096484 m, +816.214 mm above the ground
[RockPrecisionFixDiag]   rock 'Kerbin Zn3010000130' 'Grass00' #180 vertex 7: ground 600202.256470 m, vertex 600203.097368 m, +840.898 mm above the ground
[RockPrecisionFixDiag]   rock 'Kerbin Zn3010000130' 'Grass00' #181 vertex 0: ground 600189.820151 m, vertex 600189.643112 m, -177.039 mm above the ground
[RockPrecisionFixDiag]   rock 'Kerbin Zn3010000130' 'Grass00' #181 vertex 1: ground 600189.780271 m, vertex 600189.642938 m, -137.333 mm above the ground
[RockPrecisionFixDiag]   rock 'Kerbin Zn3010000130' 'Grass00' #181 vertex 2: ground 600189.820146 m, vertex 600190.787244 m, +967.098 mm above the ground
[RockPrecisionFixDiag]   rock 'Kerbin Zn3010000130' 'Grass00' #181 vertex 3: ground 600189.780258 m, vertex 600190.787070 m, +1006.812 mm above the ground
[RockPrecisionFixDiag]   rock 'Kerbin Zn3010000130' 'Grass00' #181 vertex 4: ground 600189.820151 m, vertex 600189.643112 m, -177.039 mm above the ground
[RockPrecisionFixDiag]   rock 'Kerbin Zn3010000130' 'Grass00' #181 vertex 5: ground 600189.780271 m, vertex 600189.642938 m, -137.333 mm above the ground
[RockPrecisionFixDiag]   rock 'Kerbin Zn3010000130' 'Grass00' #181 vertex 6: ground 600189.820146 m, vertex 600190.787244 m, +967.098 mm above the ground
[RockPrecisionFixDiag]   rock 'Kerbin Zn3010000130' 'Grass00' #181 vertex 7: ground 600189.780258 m, vertex 600190.787070 m, +1006.812 mm above the ground
[RockPrecisionFixDiag]   rock 'Kerbin Zn3010000130' 'Grass00' #182 vertex 0: ground 600190.405867 m, vertex 600190.111929 m, -293.938 mm above the ground
[RockPrecisionFixDiag]   rock 'Kerbin Zn3010000130' 'Grass00' #182 vertex 1: ground 600190.383746 m, vertex 600190.112439 m, -271.307 mm above the ground
[RockPrecisionFixDiag]   rock 'Kerbin Zn3010000130' 'Grass00' #182 vertex 2: ground 600190.405932 m, vertex 600191.193292 m, +787.360 mm above the ground
[RockPrecisionFixDiag]   rock 'Kerbin Zn3010000130' 'Grass00' #182 vertex 3: ground 600190.383799 m, vertex 600191.193802 m, +810.003 mm above the ground
[RockPrecisionFixDiag]   rock 'Kerbin Zn3010000130' 'Grass00' #182 vertex 4: ground 600190.405867 m, vertex 600190.111929 m, -293.938 mm above the ground
[RockPrecisionFixDiag]   rock 'Kerbin Zn3010000130' 'Grass00' #182 vertex 5: ground 600190.383746 m, vertex 600190.112439 m, -271.307 mm above the ground
[RockPrecisionFixDiag]   rock 'Kerbin Zn3010000130' 'Grass00' #182 vertex 6: ground 600190.405932 m, vertex 600191.193292 m, +787.360 mm above the ground
[RockPrecisionFixDiag]   rock 'Kerbin Zn3010000130' 'Grass00' #182 vertex 7: ground 600190.383799 m, vertex 600191.193802 m, +810.003 mm above the ground
[RockPrecisionFixDiag]   rock 'Kerbin Zn3010000130' 'Grass00' #183 vertex 0: ground 600194.443210 m, vertex 600194.149399 m, -293.811 mm above the ground
[RockPrecisionFixDiag]   rock 'Kerbin Zn3010000130' 'Grass00' #183 vertex 1: ground 600194.468511 m, vertex 600194.148538 m, -319.973 mm above the ground
[RockPrecisionFixDiag]   rock 'Kerbin Zn3010000130' 'Grass00' #183 vertex 2: ground 600194.443181 m, vertex 600195.161816 m, +718.635 mm above the ground
[RockPrecisionFixDiag]   rock 'Kerbin Zn3010000130' 'Grass00' #183 vertex 3: ground 600194.468524 m, vertex 600195.160963 m, +692.438 mm above the ground
[RockPrecisionFixDiag]   rock 'Kerbin Zn3010000130' 'Grass00' #183 vertex 4: ground 600194.443210 m, vertex 600194.149399 m, -293.811 mm above the ground
[RockPrecisionFixDiag]   rock 'Kerbin Zn3010000130' 'Grass00' #183 vertex 5: ground 600194.468511 m, vertex 600194.148538 m, -319.973 mm above the ground
[RockPrecisionFixDiag]   rock 'Kerbin Zn3010000130' 'Grass00' #183 vertex 6: ground 600194.443181 m, vertex 600195.161816 m, +718.635 mm above the ground
[RockPrecisionFixDiag]   rock 'Kerbin Zn3010000130' 'Grass00' #183 vertex 7: ground 600194.468524 m, vertex 600195.160963 m, +692.438 mm above the ground
[RockPrecisionFixDiag]   rock 'Kerbin Zn3010000130' 'Grass00' #184 vertex 0: ground 600205.343764 m, vertex 600205.050151 m, -293.613 mm above the ground
[RockPrecisionFixDiag]   rock 'Kerbin Zn3010000130' 'Grass00' #184 vertex 1: ground 600205.326509 m, vertex 600205.049489 m, -277.020 mm above the ground
[RockPrecisionFixDiag]   rock 'Kerbin Zn3010000130' 'Grass00' #184 vertex 2: ground 600205.343752 m, vertex 600206.126608 m, +782.856 mm above the ground
[RockPrecisionFixDiag]   rock 'Kerbin Zn3010000130' 'Grass00' #184 vertex 3: ground 600205.326492 m, vertex 600206.125921 m, +799.429 mm above the ground
[RockPrecisionFixDiag]   rock 'Kerbin Zn3010000130' 'Grass00' #184 vertex 4: ground 600205.343764 m, vertex 600205.050151 m, -293.613 mm above the ground
[RockPrecisionFixDiag]   rock 'Kerbin Zn3010000130' 'Grass00' #184 vertex 5: ground 600205.326509 m, vertex 600205.049489 m, -277.020 mm above the ground
[RockPrecisionFixDiag]   rock 'Kerbin Zn3010000130' 'Grass00' #184 vertex 6: ground 600205.343752 m, vertex 600206.126608 m, +782.856 mm above the ground
[RockPrecisionFixDiag]   rock 'Kerbin Zn3010000130' 'Grass00' #184 vertex 7: ground 600205.326492 m, vertex 600206.125921 m, +799.429 mm above the ground
[RockPrecisionFixDiag]   rock 'Kerbin Zn3010000130' 'Grass00' #185 vertex 0: ground 600194.103743 m, vertex 600193.809975 m, -293.768 mm above the ground
[RockPrecisionFixDiag]   rock 'Kerbin Zn3010000130' 'Grass00' #185 vertex 1: ground 600194.010706 m, vertex 600193.810468 m, -200.238 mm above the ground
[RockPrecisionFixDiag]   rock 'Kerbin Zn3010000130' 'Grass00' #185 vertex 2: ground 600194.103787 m, vertex 600195.599623 m, +1495.837 mm above the ground
[RockPrecisionFixDiag]   rock 'Kerbin Zn3010000130' 'Grass00' #185 vertex 3: ground 600194.010742 m, vertex 600195.600117 m, +1589.375 mm above the ground
[RockPrecisionFixDiag]   rock 'Kerbin Zn3010000130' 'Grass00' #185 vertex 4: ground 600194.103743 m, vertex 600193.809975 m, -293.768 mm above the ground
[RockPrecisionFixDiag]   rock 'Kerbin Zn3010000130' 'Grass00' #185 vertex 5: ground 600194.010706 m, vertex 600193.810468 m, -200.238 mm above the ground
[RockPrecisionFixDiag]   rock 'Kerbin Zn3010000130' 'Grass00' #185 vertex 6: ground 600194.103787 m, vertex 600195.599623 m, +1495.837 mm above the ground
[RockPrecisionFixDiag]   rock 'Kerbin Zn3010000130' 'Grass00' #185 vertex 7: ground 600194.010742 m, vertex 600195.600117 m, +1589.375 mm above the ground
[RockPrecisionFixDiag]   rock 'Kerbin Zn3010000130' 'Grass00' #186 vertex 0: ground 600191.621676 m, vertex 600191.328519 m, -293.157 mm above the ground
[RockPrecisionFixDiag]   rock 'Kerbin Zn3010000130' 'Grass00' #186 vertex 1: ground 600191.655126 m, vertex 600191.328915 m, -326.212 mm above the ground
[RockPrecisionFixDiag]   rock 'Kerbin Zn3010000130' 'Grass00' #186 vertex 2: ground 600191.621664 m, vertex 600192.387837 m, +766.173 mm above the ground
[RockPrecisionFixDiag]   rock 'Kerbin Zn3010000130' 'Grass00' #186 vertex 3: ground 600191.655118 m, vertex 600192.388239 m, +733.121 mm above the ground
[RockPrecisionFixDiag]   rock 'Kerbin Zn3010000130' 'Grass00' #186 vertex 4: ground 600191.621676 m, vertex 600191.328519 m, -293.157 mm above the ground
[RockPrecisionFixDiag]   rock 'Kerbin Zn3010000130' 'Grass00' #186 vertex 5: ground 600191.655126 m, vertex 600191.328915 m, -326.212 mm above the ground
[RockPrecisionFixDiag]   rock 'Kerbin Zn3010000130' 'Grass00' #186 vertex 6: ground 600191.621664 m, vertex 600192.387837 m, +766.173 mm above the ground
[RockPrecisionFixDiag]   rock 'Kerbin Zn3010000130' 'Grass00' #186 vertex 7: ground 600191.655118 m, vertex 600192.388239 m, +733.121 mm above the ground
[RockPrecisionFixDiag]   rock 'Kerbin Zn3010000130' 'Grass00' #187 vertex 0: ground 600190.435443 m, vertex 600190.141745 m, -293.698 mm above the ground
[RockPrecisionFixDiag]   rock 'Kerbin Zn3010000130' 'Grass00' #187 vertex 1: ground 600190.457907 m, vertex 600190.141730 m, -316.177 mm above the ground
[RockPrecisionFixDiag]   rock 'Kerbin Zn3010000130' 'Grass00' #187 vertex 2: ground 600190.435428 m, vertex 600191.538165 m, +1102.736 mm above the ground
[RockPrecisionFixDiag]   rock 'Kerbin Zn3010000130' 'Grass00' #187 vertex 3: ground 600190.457850 m, vertex 600191.538148 m, +1080.298 mm above the ground
[RockPrecisionFixDiag]   rock 'Kerbin Zn3010000130' 'Grass00' #187 vertex 4: ground 600190.435443 m, vertex 600190.141745 m, -293.698 mm above the ground
[RockPrecisionFixDiag]   rock 'Kerbin Zn3010000130' 'Grass00' #187 vertex 5: ground 600190.457907 m, vertex 600190.141730 m, -316.177 mm above the ground
[RockPrecisionFixDiag]   rock 'Kerbin Zn3010000130' 'Grass00' #187 vertex 6: ground 600190.435428 m, vertex 600191.538165 m, +1102.736 mm above the ground
[RockPrecisionFixDiag]   rock 'Kerbin Zn3010000130' 'Grass00' #187 vertex 7: ground 600190.457850 m, vertex 600191.538148 m, +1080.298 mm above the ground
[RockPrecisionFixDiag]   rock 'Kerbin Zn3010000130' 'Grass00' #188 vertex 0: ground 600190.369628 m, vertex 600190.075900 m, -293.728 mm above the ground
[RockPrecisionFixDiag]   rock 'Kerbin Zn3010000130' 'Grass00' #188 vertex 1: ground 600190.310650 m, vertex 600190.075347 m, -235.303 mm above the ground
[RockPrecisionFixDiag]   rock 'Kerbin Zn3010000130' 'Grass00' #188 vertex 2: ground 600190.369584 m, vertex 600191.511296 m, +1141.711 mm above the ground
[RockPrecisionFixDiag]   rock 'Kerbin Zn3010000130' 'Grass00' #188 vertex 3: ground 600190.310595 m, vertex 600191.510749 m, +1200.154 mm above the ground
[RockPrecisionFixDiag]   rock 'Kerbin Zn3010000130' 'Grass00' #188 vertex 4: ground 600190.369628 m, vertex 600190.075900 m, -293.728 mm above the ground
[RockPrecisionFixDiag]   rock 'Kerbin Zn3010000130' 'Grass00' #188 vertex 5: ground 600190.310650 m, vertex 600190.075347 m, -235.303 mm above the ground
[RockPrecisionFixDiag]   rock 'Kerbin Zn3010000130' 'Grass00' #188 vertex 6: ground 600190.369584 m, vertex 600191.511296 m, +1141.711 mm above the ground
[RockPrecisionFixDiag]   rock 'Kerbin Zn3010000130' 'Grass00' #188 vertex 7: ground 600190.310595 m, vertex 600191.510749 m, +1200.154 mm above the ground
[RockPrecisionFixDiag]   rock 'Kerbin Zn3010000130' 'Grass00' #189 vertex 0: ground 600202.966426 m, vertex 600202.672894 m, -293.532 mm above the ground
[RockPrecisionFixDiag]   rock 'Kerbin Zn3010000130' 'Grass00' #189 vertex 1: ground 600202.944905 m, vertex 600202.672499 m, -272.406 mm above the ground
[RockPrecisionFixDiag]   rock 'Kerbin Zn3010000130' 'Grass00' #189 vertex 2: ground 600202.966442 m, vertex 600204.023887 m, +1057.445 mm above the ground
[RockPrecisionFixDiag]   rock 'Kerbin Zn3010000130' 'Grass00' #189 vertex 3: ground 600202.944936 m, vertex 600204.023492 m, +1078.556 mm above the ground
[RockPrecisionFixDiag]   rock 'Kerbin Zn3010000130' 'Grass00' #189 vertex 4: ground 600202.966426 m, vertex 600202.672894 m, -293.532 mm above the ground
[RockPrecisionFixDiag]   rock 'Kerbin Zn3010000130' 'Grass00' #189 vertex 5: ground 600202.944905 m, vertex 600202.672499 m, -272.406 mm above the ground
[RockPrecisionFixDiag]   rock 'Kerbin Zn3010000130' 'Grass00' #189 vertex 6: ground 600202.966442 m, vertex 600204.023887 m, +1057.445 mm above the ground
[RockPrecisionFixDiag]   rock 'Kerbin Zn3010000130' 'Grass00' #189 vertex 7: ground 600202.944936 m, vertex 600204.023492 m, +1078.556 mm above the ground
[RockPrecisionFixDiag]   rock 'Kerbin Zn3010000130' 'Grass00' #190 vertex 0: ground 600196.507437 m, vertex 600196.213743 m, -293.695 mm above the ground
[RockPrecisionFixDiag]   rock 'Kerbin Zn3010000130' 'Grass00' #190 vertex 1: ground 600196.548073 m, vertex 600196.213563 m, -334.510 mm above the ground
[RockPrecisionFixDiag]   rock 'Kerbin Zn3010000130' 'Grass00' #190 vertex 2: ground 600196.507457 m, vertex 600198.161416 m, +1653.959 mm above the ground
[RockPrecisionFixDiag]   rock 'Kerbin Zn3010000130' 'Grass00' #190 vertex 3: ground 600196.548085 m, vertex 600198.161251 m, +1613.166 mm above the ground
[RockPrecisionFixDiag]   rock 'Kerbin Zn3010000130' 'Grass00' #190 vertex 4: ground 600196.507437 m, vertex 600196.213743 m, -293.695 mm above the ground
[RockPrecisionFixDiag]   rock 'Kerbin Zn3010000130' 'Grass00' #190 vertex 5: ground 600196.548073 m, vertex 600196.213563 m, -334.510 mm above the ground
[RockPrecisionFixDiag]   rock 'Kerbin Zn3010000130' 'Grass00' #190 vertex 6: ground 600196.507457 m, vertex 600198.161416 m, +1653.959 mm above the ground
[RockPrecisionFixDiag]   rock 'Kerbin Zn3010000130' 'Grass00' #190 vertex 7: ground 600196.548085 m, vertex 600198.161251 m, +1613.166 mm above the ground
[RockPrecisionFixDiag]   rock 'Kerbin Zn3010000130' 'Grass00' #191 vertex 0: ground 600187.818413 m, vertex 600187.524898 m, -293.515 mm above the ground
[RockPrecisionFixDiag]   rock 'Kerbin Zn3010000130' 'Grass00' #191 vertex 1: ground 600187.794656 m, vertex 600187.525780 m, -268.876 mm above the ground
[RockPrecisionFixDiag]   rock 'Kerbin Zn3010000130' 'Grass00' #191 vertex 2: ground 600187.818422 m, vertex 600189.266455 m, +1448.033 mm above the ground
[RockPrecisionFixDiag]   rock 'Kerbin Zn3010000130' 'Grass00' #191 vertex 3: ground 600187.794634 m, vertex 600189.267356 m, +1472.722 mm above the ground
[RockPrecisionFixDiag]   rock 'Kerbin Zn3010000130' 'Grass00' #191 vertex 4: ground 600187.818413 m, vertex 600187.524898 m, -293.515 mm above the ground
[RockPrecisionFixDiag]   rock 'Kerbin Zn3010000130' 'Grass00' #191 vertex 5: ground 600187.794656 m, vertex 600187.525780 m, -268.876 mm above the ground
[RockPrecisionFixDiag]   rock 'Kerbin Zn3010000130' 'Grass00' #191 vertex 6: ground 600187.818422 m, vertex 600189.266455 m, +1448.033 mm above the ground
[RockPrecisionFixDiag]   rock 'Kerbin Zn3010000130' 'Grass00' #191 vertex 7: ground 600187.794634 m, vertex 600189.267356 m, +1472.722 mm above the ground
[RockPrecisionFixDiag]   rock 'Kerbin Zn3010000130' 'Grass00' #192 vertex 0: ground 600198.501049 m, vertex 600198.654686 m, +153.637 mm above the ground
[RockPrecisionFixDiag]   rock 'Kerbin Zn3010000130' 'Grass00' #192 vertex 1: ground 600198.446500 m, vertex 600198.655037 m, +208.538 mm above the ground
[RockPrecisionFixDiag]   rock 'Kerbin Zn3010000130' 'Grass00' #192 vertex 2: ground 600198.501056 m, vertex 600200.088294 m, +1587.237 mm above the ground
[RockPrecisionFixDiag]   rock 'Kerbin Zn3010000130' 'Grass00' #192 vertex 3: ground 600198.446488 m, vertex 600200.088645 m, +1642.156 mm above the ground
[RockPrecisionFixDiag]   rock 'Kerbin Zn3010000130' 'Grass00' #192 vertex 4: ground 600198.501049 m, vertex 600198.654686 m, +153.637 mm above the ground
[RockPrecisionFixDiag]   rock 'Kerbin Zn3010000130' 'Grass00' #192 vertex 5: ground 600198.446500 m, vertex 600198.655037 m, +208.538 mm above the ground
[RockPrecisionFixDiag]   rock 'Kerbin Zn3010000130' 'Grass00' #192 vertex 6: ground 600198.501056 m, vertex 600200.088294 m, +1587.237 mm above the ground
[RockPrecisionFixDiag]   rock 'Kerbin Zn3010000130' 'Grass00' #192 vertex 7: ground 600198.446488 m, vertex 600200.088645 m, +1642.156 mm above the ground
[RockPrecisionFixDiag]   rock 'Kerbin Zn3010000130' 'Grass00' #193 vertex 0: ground 600204.931815 m, vertex 600204.750666 m, -181.150 mm above the ground
[RockPrecisionFixDiag]   rock 'Kerbin Zn3010000130' 'Grass00' #193 vertex 1: ground 600204.885110 m, vertex 600204.749765 m, -135.345 mm above the ground
[RockPrecisionFixDiag]   rock 'Kerbin Zn3010000130' 'Grass00' #193 vertex 2: ground 600204.931761 m, vertex 600206.067538 m, +1135.777 mm above the ground
[RockPrecisionFixDiag]   rock 'Kerbin Zn3010000130' 'Grass00' #193 vertex 3: ground 600204.885055 m, vertex 600206.066630 m, +1181.574 mm above the ground
[RockPrecisionFixDiag]   rock 'Kerbin Zn3010000130' 'Grass00' #193 vertex 4: ground 600204.931815 m, vertex 600204.750666 m, -181.150 mm above the ground
[RockPrecisionFixDiag]   rock 'Kerbin Zn3010000130' 'Grass00' #193 vertex 5: ground 600204.885110 m, vertex 600204.749765 m, -135.345 mm above the ground
[RockPrecisionFixDiag]   rock 'Kerbin Zn3010000130' 'Grass00' #193 vertex 6: ground 600204.931761 m, vertex 600206.067538 m, +1135.777 mm above the ground
[RockPrecisionFixDiag]   rock 'Kerbin Zn3010000130' 'Grass00' #193 vertex 7: ground 600204.885055 m, vertex 600206.066630 m, +1181.574 mm above the ground
[RockPrecisionFixDiag]   rock 'Kerbin Zn3010000130' 'Grass00' #194 vertex 0: ground 600197.520450 m, vertex 600197.226191 m, -294.259 mm above the ground
[RockPrecisionFixDiag]   rock 'Kerbin Zn3010000130' 'Grass00' #194 vertex 1: ground 600197.485282 m, vertex 600197.224864 m, -260.418 mm above the ground
[RockPrecisionFixDiag]   rock 'Kerbin Zn3010000130' 'Grass00' #194 vertex 2: ground 600197.520519 m, vertex 600198.797023 m, +1276.504 mm above the ground
[RockPrecisionFixDiag]   rock 'Kerbin Zn3010000130' 'Grass00' #194 vertex 3: ground 600197.485186 m, vertex 600198.795691 m, +1310.505 mm above the ground
[RockPrecisionFixDiag]   rock 'Kerbin Zn3010000130' 'Grass00' #194 vertex 4: ground 600197.520450 m, vertex 600197.226191 m, -294.259 mm above the ground
[RockPrecisionFixDiag]   rock 'Kerbin Zn3010000130' 'Grass00' #194 vertex 5: ground 600197.485282 m, vertex 600197.224864 m, -260.418 mm above the ground
[RockPrecisionFixDiag]   rock 'Kerbin Zn3010000130' 'Grass00' #194 vertex 6: ground 600197.520519 m, vertex 600198.797023 m, +1276.504 mm above the ground
[RockPrecisionFixDiag]   rock 'Kerbin Zn3010000130' 'Grass00' #194 vertex 7: ground 600197.485186 m, vertex 600198.795691 m, +1310.505 mm above the ground
[RockPrecisionFixDiag]   rock 'Kerbin Zn3010000130' 'Grass00' #195 vertex 0: ground 600196.816216 m, vertex 600196.522853 m, -293.363 mm above the ground
[RockPrecisionFixDiag]   rock 'Kerbin Zn3010000130' 'Grass00' #195 vertex 1: ground 600196.829661 m, vertex 600196.523211 m, -306.449 mm above the ground
[RockPrecisionFixDiag]   rock 'Kerbin Zn3010000130' 'Grass00' #195 vertex 2: ground 600196.816183 m, vertex 600197.961633 m, +1145.450 mm above the ground
[RockPrecisionFixDiag]   rock 'Kerbin Zn3010000130' 'Grass00' #195 vertex 3: ground 600196.829636 m, vertex 600197.961991 m, +1132.355 mm above the ground
[RockPrecisionFixDiag]   rock 'Kerbin Zn3010000130' 'Grass00' #195 vertex 4: ground 600196.816216 m, vertex 600196.522853 m, -293.363 mm above the ground
[RockPrecisionFixDiag]   rock 'Kerbin Zn3010000130' 'Grass00' #195 vertex 5: ground 600196.829661 m, vertex 600196.523211 m, -306.449 mm above the ground
[RockPrecisionFixDiag]   rock 'Kerbin Zn3010000130' 'Grass00' #195 vertex 6: ground 600196.816183 m, vertex 600197.961633 m, +1145.450 mm above the ground
[RockPrecisionFixDiag]   rock 'Kerbin Zn3010000130' 'Grass00' #195 vertex 7: ground 600196.829636 m, vertex 600197.961991 m, +1132.355 mm above the ground
[RockPrecisionFixDiag]   rock 'Kerbin Zn3010000130' 'Grass00' #196 vertex 0: ground 600196.505472 m, vertex 600196.212364 m, -293.108 mm above the ground
[RockPrecisionFixDiag]   rock 'Kerbin Zn3010000130' 'Grass00' #196 vertex 1: ground 600196.497602 m, vertex 600196.211627 m, -285.976 mm above the ground
[RockPrecisionFixDiag]   rock 'Kerbin Zn3010000130' 'Grass00' #196 vertex 2: ground 600196.505518 m, vertex 600197.871139 m, +1365.621 mm above the ground
[RockPrecisionFixDiag]   rock 'Kerbin Zn3010000130' 'Grass00' #196 vertex 3: ground 600196.497601 m, vertex 600197.870390 m, +1372.789 mm above the ground
[RockPrecisionFixDiag]   rock 'Kerbin Zn3010000130' 'Grass00' #196 vertex 4: ground 600196.505472 m, vertex 600196.212364 m, -293.108 mm above the ground
[RockPrecisionFixDiag]   rock 'Kerbin Zn3010000130' 'Grass00' #196 vertex 5: ground 600196.497602 m, vertex 600196.211627 m, -285.976 mm above the ground
[RockPrecisionFixDiag]   rock 'Kerbin Zn3010000130' 'Grass00' #196 vertex 6: ground 600196.505518 m, vertex 600197.871139 m, +1365.621 mm above the ground
[RockPrecisionFixDiag]   rock 'Kerbin Zn3010000130' 'Grass00' #196 vertex 7: ground 600196.497601 m, vertex 600197.870390 m, +1372.789 mm above the ground
[RockPrecisionFixDiag]   rock 'Kerbin Zn3010000130' 'Grass00' #197 vertex 0: ground 600214.710931 m, vertex 600214.484129 m, -226.802 mm above the ground
[RockPrecisionFixDiag]   rock 'Kerbin Zn3010000130' 'Grass00' #197 vertex 1: ground 600214.733252 m, vertex 600214.484975 m, -248.277 mm above the ground
[RockPrecisionFixDiag]   rock 'Kerbin Zn3010000130' 'Grass00' #197 vertex 2: ground 600214.710940 m, vertex 600215.692636 m, +981.695 mm above the ground
[RockPrecisionFixDiag]   rock 'Kerbin Zn3010000130' 'Grass00' #197 vertex 3: ground 600214.733259 m, vertex 600215.693470 m, +960.210 mm above the ground
[RockPrecisionFixDiag]   rock 'Kerbin Zn3010000130' 'Grass00' #197 vertex 4: ground 600214.710931 m, vertex 600214.484129 m, -226.802 mm above the ground
[RockPrecisionFixDiag]   rock 'Kerbin Zn3010000130' 'Grass00' #197 vertex 5: ground 600214.733252 m, vertex 600214.484975 m, -248.277 mm above the ground
[RockPrecisionFixDiag]   rock 'Kerbin Zn3010000130' 'Grass00' #197 vertex 6: ground 600214.710940 m, vertex 600215.692636 m, +981.695 mm above the ground
[RockPrecisionFixDiag]   rock 'Kerbin Zn3010000130' 'Grass00' #197 vertex 7: ground 600214.733259 m, vertex 600215.693470 m, +960.210 mm above the ground
[RockPrecisionFixDiag]   rock 'Kerbin Zn3010000130' 'Grass00' #198 vertex 0: ground 600196.980257 m, vertex 600196.686928 m, -293.329 mm above the ground
[RockPrecisionFixDiag]   rock 'Kerbin Zn3010000130' 'Grass00' #198 vertex 1: ground 600197.010179 m, vertex 600196.685963 m, -324.216 mm above the ground
[RockPrecisionFixDiag]   rock 'Kerbin Zn3010000130' 'Grass00' #198 vertex 2: ground 600196.980282 m, vertex 600197.769733 m, +789.452 mm above the ground
[RockPrecisionFixDiag]   rock 'Kerbin Zn3010000130' 'Grass00' #198 vertex 3: ground 600197.010179 m, vertex 600197.768726 m, +758.548 mm above the ground
[RockPrecisionFixDiag]   rock 'Kerbin Zn3010000130' 'Grass00' #198 vertex 4: ground 600196.980257 m, vertex 600196.686928 m, -293.329 mm above the ground
[RockPrecisionFixDiag]   rock 'Kerbin Zn3010000130' 'Grass00' #198 vertex 5: ground 600197.010179 m, vertex 600196.685963 m, -324.216 mm above the ground
[RockPrecisionFixDiag]   rock 'Kerbin Zn3010000130' 'Grass00' #198 vertex 6: ground 600196.980282 m, vertex 600197.769733 m, +789.452 mm above the ground
[RockPrecisionFixDiag]   rock 'Kerbin Zn3010000130' 'Grass00' #198 vertex 7: ground 600197.010179 m, vertex 600197.768726 m, +758.548 mm above the ground
[RockPrecisionFixDiag]   rock 'Kerbin Zn3010000130' 'Grass00' #199 vertex 0: ground 600197.798429 m, vertex 600197.504876 m, -293.553 mm above the ground
[RockPrecisionFixDiag]   rock 'Kerbin Zn3010000130' 'Grass00' #199 vertex 1: ground 600197.798961 m, vertex 600197.504860 m, -294.101 mm above the ground
[RockPrecisionFixDiag]   rock 'Kerbin Zn3010000130' 'Grass00' #199 vertex 2: ground 600197.798483 m, vertex 600199.412741 m, +1614.258 mm above the ground
[RockPrecisionFixDiag]   rock 'Kerbin Zn3010000130' 'Grass00' #199 vertex 3: ground 600197.798947 m, vertex 600199.412721 m, +1613.774 mm above the ground
[RockPrecisionFixDiag]   rock 'Kerbin Zn3010000130' 'Grass00' #199 vertex 4: ground 600197.798429 m, vertex 600197.504876 m, -293.553 mm above the ground
[RockPrecisionFixDiag]   rock 'Kerbin Zn3010000130' 'Grass00' #199 vertex 5: ground 600197.798961 m, vertex 600197.504860 m, -294.101 mm above the ground
[RockPrecisionFixDiag]   rock 'Kerbin Zn3010000130' 'Grass00' #199 vertex 6: ground 600197.798483 m, vertex 600199.412741 m, +1614.258 mm above the ground
[RockPrecisionFixDiag]   rock 'Kerbin Zn3010000130' 'Grass00' #199 vertex 7: ground 600197.798947 m, vertex 600199.412721 m, +1613.774 mm above the ground
[RockPrecisionFixDiag]   rock 'Kerbin Zn3010000130' 'Tree00' #0 vertex 11: ground 600193.519872 m, vertex 600192.389152 m, -1130.720 mm above the ground
[RockPrecisionFixDiag]   rock 'Kerbin Zn3010000130' 'Tree00' #0 vertex 47: ground 600193.555434 m, vertex 600211.807034 m, +18251.600 mm above the ground
[RockPrecisionFixDiag]   rock 'Kerbin Zn3010000130' 'Tree00' #0 vertex 31: ground 600193.174747 m, vertex 600211.792958 m, +18618.211 mm above the ground
[RockPrecisionFixDiag]   rock 'Kerbin Zn3010000130' 'Tree00' #0 vertex 55: ground 600193.091694 m, vertex 600211.799383 m, +18707.689 mm above the ground
[RockPrecisionFixDiag]   rock 'Kerbin Zn3010000130' 'Tree00' #0 vertex 39: ground 600193.456687 m, vertex 600211.800608 m, +18343.921 mm above the ground
[RockPrecisionFixDiag]   rock 'Kerbin Zn3010000130' 'Tree00' #0 vertex 48: ground 600193.770629 m, vertex 600199.494417 m, +5723.788 mm above the ground
[RockPrecisionFixDiag]   rock 'Kerbin Zn3010000130' 'Tree00' #0 vertex 37: ground 600193.223733 m, vertex 600199.493459 m, +6269.726 mm above the ground
[RockPrecisionFixDiag]   rock 'Kerbin Zn3010000130' 'Tree00' #0 vertex 40: ground 600193.216506 m, vertex 600199.484468 m, +6267.962 mm above the ground
[RockPrecisionFixDiag]   rock 'Kerbin Zn3010000130' 'Tree00' #0 vertex 12: ground 600193.549529 m, vertex 600205.095576 m, +11546.048 mm above the ground
[RockPrecisionFixDiag]   rock 'Kerbin Zn3010000130' 'Tree00' #0 vertex 32: ground 600193.242846 m, vertex 600199.483428 m, +6240.582 mm above the ground
[RockPrecisionFixDiag]   rock 'Kerbin Zn3010000130' 'Tree00' #1 vertex 11: ground 600189.118994 m, vertex 600187.916304 m, -1202.690 mm above the ground
[RockPrecisionFixDiag]   rock 'Kerbin Zn3010000130' 'Tree00' #1 vertex 47: ground 600189.396885 m, vertex 600218.044631 m, +28647.746 mm above the ground
[RockPrecisionFixDiag]   rock 'Kerbin Zn3010000130' 'Tree00' #1 vertex 31: ground 600189.148170 m, vertex 600218.047764 m, +28899.594 mm above the ground
[RockPrecisionFixDiag]   rock 'Kerbin Zn3010000130' 'Tree00' #1 vertex 55: ground 600188.907035 m, vertex 600218.050757 m, +29143.722 mm above the ground
[RockPrecisionFixDiag]   rock 'Kerbin Zn3010000130' 'Tree00' #1 vertex 39: ground 600190.546312 m, vertex 600218.041643 m, +27495.331 mm above the ground
[RockPrecisionFixDiag]   rock 'Kerbin Zn3010000130' 'Tree00' #1 vertex 48: ground 600190.135079 m, vertex 600198.931235 m, +8796.157 mm above the ground
[RockPrecisionFixDiag]   rock 'Kerbin Zn3010000130' 'Tree00' #1 vertex 37: ground 600189.147035 m, vertex 600198.937637 m, +9790.603 mm above the ground
[RockPrecisionFixDiag]   rock 'Kerbin Zn3010000130' 'Tree00' #1 vertex 40: ground 600190.146937 m, vertex 600198.933340 m, +8786.404 mm above the ground
[RockPrecisionFixDiag]   rock 'Kerbin Zn3010000130' 'Tree00' #1 vertex 12: ground 600189.151807 m, vertex 600207.639115 m, +18487.308 mm above the ground
[RockPrecisionFixDiag]   rock 'Kerbin Zn3010000130' 'Tree00' #1 vertex 32: ground 600188.817331 m, vertex 600198.939821 m, +10122.490 mm above the ground
[RockPrecisionFixDiag]   rock 'Kerbin Zn3010000130' 'Tree00' #2 vertex 11: ground 600190.600766 m, vertex 600188.896782 m, -1703.983 mm above the ground
[RockPrecisionFixDiag]   rock 'Kerbin Zn3010000130' 'Tree00' #2 vertex 47: ground 600189.810733 m, vertex 600243.572031 m, +53761.298 mm above the ground
[RockPrecisionFixDiag]   rock 'Kerbin Zn3010000130' 'Tree00' #2 vertex 31: ground 600192.517576 m, vertex 600243.559897 m, +51042.321 mm above the ground
[RockPrecisionFixDiag]   rock 'Kerbin Zn3010000130' 'Tree00' #2 vertex 55: ground 600190.712554 m, vertex 600243.543917 m, +52831.363 mm above the ground
[RockPrecisionFixDiag]   rock 'Kerbin Zn3010000130' 'Tree00' #2 vertex 39: ground 600191.518472 m, vertex 600243.588007 m, +52069.535 mm above the ground
[RockPrecisionFixDiag]   rock 'Kerbin Zn3010000130' 'Tree00' #2 vertex 48: ground 600191.012170 m, vertex 600208.912220 m, +17900.050 mm above the ground
[RockPrecisionFixDiag]   rock 'Kerbin Zn3010000130' 'Tree00' #2 vertex 37: ground 600189.413625 m, vertex 600208.881226 m, +19467.601 mm above the ground
[RockPrecisionFixDiag]   rock 'Kerbin Zn3010000130' 'Tree00' #2 vertex 40: ground 600192.116802 m, vertex 600208.904181 m, +16787.379 mm above the ground
[RockPrecisionFixDiag]   rock 'Kerbin Zn3010000130' 'Tree00' #2 vertex 12: ground 600190.342715 m, vertex 600224.682514 m, +34339.799 mm above the ground
[RockPrecisionFixDiag]   rock 'Kerbin Zn3010000130' 'Tree00' #2 vertex 32: ground 600191.904889 m, vertex 600208.872846 m, +16967.957 mm above the ground
[RockPrecisionFixDiag]   rock 'Kerbin Zn3010000130' 'Tree00' #3 vertex 11: ground 600204.597912 m, vertex 600203.474426 m, -1123.486 mm above the ground
[RockPrecisionFixDiag]   rock 'Kerbin Zn3010000130' 'Tree00' #3 vertex 47: ground 600204.473186 m, vertex 600218.682120 m, +14208.933 mm above the ground
[RockPrecisionFixDiag]   rock 'Kerbin Zn3010000130' 'Tree00' #3 vertex 31: ground 600204.707035 m, vertex 600218.696781 m, +13989.746 mm above the ground
[RockPrecisionFixDiag]   rock 'Kerbin Zn3010000130' 'Tree00' #3 vertex 55: ground 600204.444600 m, vertex 600218.689209 m, +14244.609 mm above the ground
[RockPrecisionFixDiag]   rock 'Kerbin Zn3010000130' 'Tree00' #3 vertex 39: ground 600204.735621 m, vertex 600218.689703 m, +13954.082 mm above the ground
[RockPrecisionFixDiag]   rock 'Kerbin Zn3010000130' 'Tree00' #3 vertex 48: ground 600204.607212 m, vertex 600209.033335 m, +4426.123 mm above the ground
[RockPrecisionFixDiag]   rock 'Kerbin Zn3010000130' 'Tree00' #3 vertex 37: ground 600204.404729 m, vertex 600209.033090 m, +4628.361 mm above the ground
[RockPrecisionFixDiag]   rock 'Kerbin Zn3010000130' 'Tree00' #3 vertex 40: ground 600204.776153 m, vertex 600209.043696 m, +4267.542 mm above the ground
[RockPrecisionFixDiag]   rock 'Kerbin Zn3010000130' 'Tree00' #3 vertex 12: ground 600204.587052 m, vertex 600213.433858 m, +8846.806 mm above the ground
[RockPrecisionFixDiag]   rock 'Kerbin Zn3010000130' 'Tree00' #3 vertex 32: ground 600204.573296 m, vertex 600209.043546 m, +4470.250 mm above the ground
[RockPrecisionFixDiag]   rock 'Kerbin Zn3010000130' 'Tree00' #4 vertex 11: ground 600201.690203 m, vertex 600200.470934 m, -1219.269 mm above the ground
[RockPrecisionFixDiag]   rock 'Kerbin Zn3010000130' 'Tree00' #4 vertex 47: ground 600202.086388 m, vertex 600241.615100 m, +39528.712 mm above the ground
[RockPrecisionFixDiag]   rock 'Kerbin Zn3010000130' 'Tree00' #4 vertex 31: ground 600201.169914 m, vertex 600241.647885 m, +40477.971 mm above the ground
[RockPrecisionFixDiag]   rock 'Kerbin Zn3010000130' 'Tree00' #4 vertex 55: ground 600200.791779 m, vertex 600241.633891 m, +40842.112 mm above the ground
[RockPrecisionFixDiag]   rock 'Kerbin Zn3010000130' 'Tree00' #4 vertex 39: ground 600202.151805 m, vertex 600241.629109 m, +39477.304 mm above the ground
[RockPrecisionFixDiag]   rock 'Kerbin Zn3010000130' 'Tree00' #4 vertex 48: ground 600202.488935 m, vertex 600215.509877 m, +13020.942 mm above the ground
[RockPrecisionFixDiag]   rock 'Kerbin Zn3010000130' 'Tree00' #4 vertex 37: ground 600201.292611 m, vertex 600215.513440 m, +14220.829 mm above the ground
[RockPrecisionFixDiag]   rock 'Kerbin Zn3010000130' 'Tree00' #4 vertex 40: ground 600201.618022 m, vertex 600215.533004 m, +13914.982 mm above the ground
[RockPrecisionFixDiag]   rock 'Kerbin Zn3010000130' 'Tree00' #4 vertex 12: ground 600201.754711 m, vertex 600227.413782 m, +25659.071 mm above the ground
[RockPrecisionFixDiag]   rock 'Kerbin Zn3010000130' 'Tree00' #4 vertex 32: ground 600200.884511 m, vertex 600215.536807 m, +14652.296 mm above the ground
[RockPrecisionFixDiag]   rock 'Kerbin Zn3010000130' 'Tree00' #5 vertex 11: ground 600193.529440 m, vertex 600192.312029 m, -1217.410 mm above the ground
[RockPrecisionFixDiag]   rock 'Kerbin Zn3010000130' 'Tree00' #5 vertex 47: ground 600195.047128 m, vertex 600226.475007 m, +31427.880 mm above the ground
[RockPrecisionFixDiag]   rock 'Kerbin Zn3010000130' 'Tree00' #5 vertex 31: ground 600193.121262 m, vertex 600226.487241 m, +33365.979 mm above the ground
[RockPrecisionFixDiag]   rock 'Kerbin Zn3010000130' 'Tree00' #5 vertex 55: ground 600193.674203 m, vertex 600226.482969 m, +32808.766 mm above the ground
[RockPrecisionFixDiag]   rock 'Kerbin Zn3010000130' 'Tree00' #5 vertex 39: ground 600193.641442 m, vertex 600226.479287 m, +32837.845 mm above the ground
[RockPrecisionFixDiag]   rock 'Kerbin Zn3010000130' 'Tree00' #5 vertex 48: ground 600194.674846 m, vertex 600204.802574 m, +10127.729 mm above the ground
[RockPrecisionFixDiag]   rock 'Kerbin Zn3010000130' 'Tree00' #5 vertex 37: ground 600194.579852 m, vertex 600204.805230 m, +10225.378 mm above the ground
[RockPrecisionFixDiag]   rock 'Kerbin Zn3010000130' 'Tree00' #5 vertex 40: ground 600193.199781 m, vertex 600204.811179 m, +11611.398 mm above the ground
[RockPrecisionFixDiag]   rock 'Kerbin Zn3010000130' 'Tree00' #5 vertex 12: ground 600193.582356 m, vertex 600214.678673 m, +21096.317 mm above the ground
[RockPrecisionFixDiag]   rock 'Kerbin Zn3010000130' 'Tree00' #5 vertex 32: ground 600193.312589 m, vertex 600204.813935 m, +11501.345 mm above the ground
[RockPrecisionFixDiag]   rock 'Kerbin Zn3010000130' 'Tree00' #6 vertex 11: ground 600197.232809 m, vertex 600196.007994 m, -1224.815 mm above the ground
[RockPrecisionFixDiag]   rock 'Kerbin Zn3010000130' 'Tree00' #6 vertex 47: ground 600197.278007 m, vertex 600220.880255 m, +23602.249 mm above the ground
[RockPrecisionFixDiag]   rock 'Kerbin Zn3010000130' 'Tree00' #6 vertex 31: ground 600197.191356 m, vertex 600220.880695 m, +23689.339 mm above the ground
[RockPrecisionFixDiag]   rock 'Kerbin Zn3010000130' 'Tree00' #6 vertex 55: ground 600197.528133 m, vertex 600220.871931 m, +23343.798 mm above the ground
[RockPrecisionFixDiag]   rock 'Kerbin Zn3010000130' 'Tree00' #6 vertex 39: ground 600196.920771 m, vertex 600220.889019 m, +23968.248 mm above the ground
[RockPrecisionFixDiag]   rock 'Kerbin Zn3010000130' 'Tree00' #6 vertex 48: ground 600197.053185 m, vertex 600205.110715 m, +8057.529 mm above the ground
[RockPrecisionFixDiag]   rock 'Kerbin Zn3010000130' 'Tree00' #6 vertex 37: ground 600197.473365 m, vertex 600205.098737 m, +7625.372 mm above the ground
[RockPrecisionFixDiag]   rock 'Kerbin Zn3010000130' 'Tree00' #6 vertex 40: ground 600196.979173 m, vertex 600205.111257 m, +8132.085 mm above the ground
[RockPrecisionFixDiag]   rock 'Kerbin Zn3010000130' 'Tree00' #6 vertex 12: ground 600197.230206 m, vertex 600212.289225 m, +15059.019 mm above the ground
[RockPrecisionFixDiag]   rock 'Kerbin Zn3010000130' 'Tree00' #6 vertex 32: ground 600197.412720 m, vertex 600205.099154 m, +7686.434 mm above the ground
[RockPrecisionFixDiag]   rock 'Kerbin Zn3010000130' 'Tree00' #7 vertex 11: ground 600202.754425 m, vertex 600201.391787 m, -1362.638 mm above the ground
[RockPrecisionFixDiag]   rock 'Kerbin Zn3010000130' 'Tree00' #7 vertex 47: ground 600202.593423 m, vertex 600254.817681 m, +52224.259 mm above the ground
[RockPrecisionFixDiag]   rock 'Kerbin Zn3010000130' 'Tree00' #7 vertex 31: ground 600202.566213 m, vertex 600254.880506 m, +52314.292 mm above the ground
[RockPrecisionFixDiag]   rock 'Kerbin Zn3010000130' 'Tree00' #7 vertex 55: ground 600202.591963 m, vertex 600254.846990 m, +52255.027 mm above the ground
[RockPrecisionFixDiag]   rock 'Kerbin Zn3010000130' 'Tree00' #7 vertex 39: ground 600203.186561 m, vertex 600254.851198 m, +51664.637 mm above the ground
[RockPrecisionFixDiag]   rock 'Kerbin Zn3010000130' 'Tree00' #7 vertex 48: ground 600203.234940 m, vertex 600220.919393 m, +17684.453 mm above the ground
[RockPrecisionFixDiag]   rock 'Kerbin Zn3010000130' 'Tree00' #7 vertex 37: ground 600202.223928 m, vertex 600220.916827 m, +18692.900 mm above the ground
[RockPrecisionFixDiag]   rock 'Kerbin Zn3010000130' 'Tree00' #7 vertex 40: ground 600202.761061 m, vertex 600220.963854 m, +18202.793 mm above the ground
[RockPrecisionFixDiag]   rock 'Kerbin Zn3010000130' 'Tree00' #7 vertex 12: ground 600202.784952 m, vertex 600236.383356 m, +33598.404 mm above the ground
[RockPrecisionFixDiag]   rock 'Kerbin Zn3010000130' 'Tree00' #7 vertex 32: ground 600202.514938 m, vertex 600220.961635 m, +18446.697 mm above the ground
[RockPrecisionFixDiag]   rock 'Kerbin Zn3010000130' 'Tree00' #8 vertex 11: ground 600189.892927 m, vertex 600188.568600 m, -1324.327 mm above the ground
[RockPrecisionFixDiag]   rock 'Kerbin Zn3010000130' 'Tree00' #8 vertex 47: ground 600191.927506 m, vertex 600237.697479 m, +45769.973 mm above the ground
[RockPrecisionFixDiag]   rock 'Kerbin Zn3010000130' 'Tree00' #8 vertex 31: ground 600189.944363 m, vertex 600237.696893 m, +47752.530 mm above the ground
[RockPrecisionFixDiag]   rock 'Kerbin Zn3010000130' 'Tree00' #8 vertex 55: ground 600189.657977 m, vertex 600237.708446 m, +48050.469 mm above the ground
[RockPrecisionFixDiag]   rock 'Kerbin Zn3010000130' 'Tree00' #8 vertex 39: ground 600190.331823 m, vertex 600237.685935 m, +47354.112 mm above the ground
[RockPrecisionFixDiag]   rock 'Kerbin Zn3010000130' 'Tree00' #8 vertex 48: ground 600191.400964 m, vertex 600206.528720 m, +15127.756 mm above the ground
[RockPrecisionFixDiag]   rock 'Kerbin Zn3010000130' 'Tree00' #8 vertex 37: ground 600191.143851 m, vertex 600206.544490 m, +15400.639 mm above the ground
[RockPrecisionFixDiag]   rock 'Kerbin Zn3010000130' 'Tree00' #8 vertex 40: ground 600190.321509 m, vertex 600206.528021 m, +16206.512 mm above the ground
[RockPrecisionFixDiag]   rock 'Kerbin Zn3010000130' 'Tree00' #8 vertex 12: ground 600189.925219 m, vertex 600220.727842 m, +30802.623 mm above the ground
[RockPrecisionFixDiag]   rock 'Kerbin Zn3010000130' 'Tree00' #8 vertex 32: ground 600189.452331 m, vertex 600206.543930 m, +17091.599 mm above the ground
[RockPrecisionFixDiag]   rock 'Kerbin Zn3010000130' 'Tree00' #9 vertex 11: ground 600217.566618 m, vertex 600216.547178 m, -1019.440 mm above the ground
[RockPrecisionFixDiag]   rock 'Kerbin Zn3010000130' 'Tree00' #9 vertex 47: ground 600218.484034 m, vertex 600236.544031 m, +18059.998 mm above the ground
[RockPrecisionFixDiag]   rock 'Kerbin Zn3010000130' 'Tree00' #9 vertex 31: ground 600216.794967 m, vertex 600236.548638 m, +19753.671 mm above the ground
[RockPrecisionFixDiag]   rock 'Kerbin Zn3010000130' 'Tree00' #9 vertex 55: ground 600217.008723 m, vertex 600236.558688 m, +19549.966 mm above the ground
[RockPrecisionFixDiag]   rock 'Kerbin Zn3010000130' 'Tree00' #9 vertex 39: ground 600218.425950 m, vertex 600236.533963 m, +18108.013 mm above the ground
[RockPrecisionFixDiag]   rock 'Kerbin Zn3010000130' 'Tree00' #9 vertex 48: ground 600218.770171 m, vertex 600223.850660 m, +5080.489 mm above the ground
[RockPrecisionFixDiag]   rock 'Kerbin Zn3010000130' 'Tree00' #9 vertex 37: ground 600217.752546 m, vertex 600223.868013 m, +6115.467 mm above the ground
[RockPrecisionFixDiag]   rock 'Kerbin Zn3010000130' 'Tree00' #9 vertex 40: ground 600217.580694 m, vertex 600223.853601 m, +6272.908 mm above the ground
[RockPrecisionFixDiag]   rock 'Kerbin Zn3010000130' 'Tree00' #9 vertex 12: ground 600217.691950 m, vertex 600229.638594 m, +11946.644 mm above the ground
[RockPrecisionFixDiag]   rock 'Kerbin Zn3010000130' 'Tree00' #9 vertex 32: ground 600216.570522 m, vertex 600223.871165 m, +7300.643 mm above the ground
[RockPrecisionFixDiag]   rock 'Kerbin Zn3010000130' 'Tree00' #10 vertex 11: ground 600211.937300 m, vertex 600210.598566 m, -1338.733 mm above the ground
[RockPrecisionFixDiag]   rock 'Kerbin Zn3010000130' 'Tree00' #10 vertex 47: ground 600210.313542 m, vertex 600256.363231 m, +46049.689 mm above the ground
[RockPrecisionFixDiag]   rock 'Kerbin Zn3010000130' 'Tree00' #10 vertex 31: ground 600212.212068 m, vertex 600256.375656 m, +44163.588 mm above the ground
[RockPrecisionFixDiag]   rock 'Kerbin Zn3010000130' 'Tree00' #10 vertex 55: ground 600211.054793 m, vertex 600256.391448 m, +45336.655 mm above the ground
[RockPrecisionFixDiag]   rock 'Kerbin Zn3010000130' 'Tree00' #10 vertex 39: ground 600212.771977 m, vertex 600256.347436 m, +43575.459 mm above the ground
[RockPrecisionFixDiag]   rock 'Kerbin Zn3010000130' 'Tree00' #10 vertex 48: ground 600211.518902 m, vertex 600227.317592 m, +15798.691 mm above the ground
[RockPrecisionFixDiag]   rock 'Kerbin Zn3010000130' 'Tree00' #10 vertex 37: ground 600209.705075 m, vertex 600227.348512 m, +17643.437 mm above the ground
[RockPrecisionFixDiag]   rock 'Kerbin Zn3010000130' 'Tree00' #10 vertex 40: ground 600212.761883 m, vertex 600227.325819 m, +14563.935 mm above the ground
[RockPrecisionFixDiag]   rock 'Kerbin Zn3010000130' 'Tree00' #10 vertex 12: ground 600211.925922 m, vertex 600240.559858 m, +28633.936 mm above the ground
[RockPrecisionFixDiag]   rock 'Kerbin Zn3010000130' 'Tree00' #10 vertex 32: ground 600211.529428 m, vertex 600227.357108 m, +15827.680 mm above the ground
[RockPrecisionFixDiag]   rock 'Kerbin Zn3010000130' 'Tree00' #11 vertex 11: ground 600194.367336 m, vertex 600192.422719 m, -1944.617 mm above the ground
[RockPrecisionFixDiag]   rock 'Kerbin Zn3010000130' 'Tree00' #11 vertex 47: ground 600194.152756 m, vertex 600244.355777 m, +50203.022 mm above the ground
[RockPrecisionFixDiag]   rock 'Kerbin Zn3010000130' 'Tree00' #11 vertex 31: ground 600194.262952 m, vertex 600244.322697 m, +50059.745 mm above the ground
[RockPrecisionFixDiag]   rock 'Kerbin Zn3010000130' 'Tree00' #11 vertex 55: ground 600195.972931 m, vertex 600244.329364 m, +48356.433 mm above the ground
[RockPrecisionFixDiag]   rock 'Kerbin Zn3010000130' 'Tree00' #11 vertex 39: ground 600192.454877 m, vertex 600244.349111 m, +51894.233 mm above the ground
[RockPrecisionFixDiag]   rock 'Kerbin Zn3010000130' 'Tree00' #11 vertex 48: ground 600192.827009 m, vertex 600211.430929 m, +18603.921 mm above the ground
[RockPrecisionFixDiag]   rock 'Kerbin Zn3010000130' 'Tree00' #11 vertex 37: ground 600195.490654 m, vertex 600211.416875 m, +15926.221 mm above the ground
[RockPrecisionFixDiag]   rock 'Kerbin Zn3010000130' 'Tree00' #11 vertex 40: ground 600193.051604 m, vertex 600211.407782 m, +18356.178 mm above the ground
[RockPrecisionFixDiag]   rock 'Kerbin Zn3010000130' 'Tree00' #11 vertex 12: ground 600194.335467 m, vertex 600226.407109 m, +32071.642 mm above the ground
[RockPrecisionFixDiag]   rock 'Kerbin Zn3010000130' 'Tree00' #11 vertex 32: ground 600195.441802 m, vertex 600211.393410 m, +15951.608 mm above the ground
[RockPrecisionFixDiag]   rock 'Kerbin Zn3010000130' 'Tree00' #12 vertex 11: ground 600189.124282 m, vertex 600188.355735 m, -768.547 mm above the ground
[RockPrecisionFixDiag]   rock 'Kerbin Zn3010000130' 'Tree00' #12 vertex 47: ground 600189.668017 m, vertex 600236.385752 m, +46717.735 mm above the ground
[RockPrecisionFixDiag]   rock 'Kerbin Zn3010000130' 'Tree00' #12 vertex 31: ground 600188.763846 m, vertex 600236.383884 m, +47620.038 mm above the ground
[RockPrecisionFixDiag]   rock 'Kerbin Zn3010000130' 'Tree00' #12 vertex 55: ground 600188.835499 m, vertex 600236.387159 m, +47551.660 mm above the ground
[RockPrecisionFixDiag]   rock 'Kerbin Zn3010000130' 'Tree00' #12 vertex 39: ground 600189.493083 m, vertex 600236.382475 m, +46889.392 mm above the ground
[RockPrecisionFixDiag]   rock 'Kerbin Zn3010000130' 'Tree00' #12 vertex 48: ground 600189.739750 m, vertex 600205.920724 m, +16180.975 mm above the ground
[RockPrecisionFixDiag]   rock 'Kerbin Zn3010000130' 'Tree00' #12 vertex 37: ground 600188.920413 m, vertex 600205.923988 m, +17003.575 mm above the ground
[RockPrecisionFixDiag]   rock 'Kerbin Zn3010000130' 'Tree00' #12 vertex 40: ground 600189.087066 m, vertex 600205.919342 m, +16832.276 mm above the ground
[RockPrecisionFixDiag]   rock 'Kerbin Zn3010000130' 'Tree00' #12 vertex 12: ground 600189.185061 m, vertex 600219.795153 m, +30610.091 mm above the ground
[RockPrecisionFixDiag]   rock 'Kerbin Zn3010000130' 'Tree00' #12 vertex 32: ground 600188.765800 m, vertex 600205.922632 m, +17156.832 mm above the ground
[RockPrecisionFixDiag]   rock 'Kerbin Zn3010000130' 'Tree00' #13 vertex 11: ground 600188.246924 m, vertex 600186.809981 m, -1436.942 mm above the ground
[RockPrecisionFixDiag]   rock 'Kerbin Zn3010000130' 'Tree00' #13 vertex 47: ground 600187.805942 m, vertex 600209.979351 m, +22173.409 mm above the ground
[RockPrecisionFixDiag]   rock 'Kerbin Zn3010000130' 'Tree00' #13 vertex 31: ground 600188.581753 m, vertex 600209.974497 m, +21392.743 mm above the ground
[RockPrecisionFixDiag]   rock 'Kerbin Zn3010000130' 'Tree00' #13 vertex 55: ground 600188.242300 m, vertex 600209.976168 m, +21733.868 mm above the ground
[RockPrecisionFixDiag]   rock 'Kerbin Zn3010000130' 'Tree00' #13 vertex 39: ground 600188.144046 m, vertex 600209.977682 m, +21833.636 mm above the ground
[RockPrecisionFixDiag]   rock 'Kerbin Zn3010000130' 'Tree00' #13 vertex 48: ground 600187.855396 m, vertex 600195.285385 m, +7429.989 mm above the ground
[RockPrecisionFixDiag]   rock 'Kerbin Zn3010000130' 'Tree00' #13 vertex 37: ground 600187.953697 m, vertex 600195.284289 m, +7330.592 mm above the ground
[RockPrecisionFixDiag]   rock 'Kerbin Zn3010000130' 'Tree00' #13 vertex 40: ground 600188.428295 m, vertex 600195.281971 m, +6853.677 mm above the ground
[RockPrecisionFixDiag]   rock 'Kerbin Zn3010000130' 'Tree00' #13 vertex 12: ground 600188.200542 m, vertex 600201.974973 m, +13774.431 mm above the ground
[RockPrecisionFixDiag]   rock 'Kerbin Zn3010000130' 'Tree00' #13 vertex 32: ground 600188.506478 m, vertex 600195.280838 m, +6774.361 mm above the ground
[RockPrecisionFixDiag]   rock 'Kerbin Zn3010000130' 'Tree00' #14 vertex 11: ground 600198.205649 m, vertex 600196.880749 m, -1324.900 mm above the ground
[RockPrecisionFixDiag]   rock 'Kerbin Zn3010000130' 'Tree00' #14 vertex 47: ground 600197.868136 m, vertex 600230.525924 m, +32657.788 mm above the ground
[RockPrecisionFixDiag]   rock 'Kerbin Zn3010000130' 'Tree00' #14 vertex 31: ground 600198.608341 m, vertex 600230.520537 m, +31912.196 mm above the ground
[RockPrecisionFixDiag]   rock 'Kerbin Zn3010000130' 'Tree00' #14 vertex 55: ground 600198.884400 m, vertex 600230.537296 m, +31652.896 mm above the ground
[RockPrecisionFixDiag]   rock 'Kerbin Zn3010000130' 'Tree00' #14 vertex 39: ground 600197.268816 m, vertex 600230.509165 m, +33240.349 mm above the ground
[RockPrecisionFixDiag]   rock 'Kerbin Zn3010000130' 'Tree00' #14 vertex 48: ground 600197.438485 m, vertex 600209.176861 m, +11738.376 mm above the ground
[RockPrecisionFixDiag]   rock 'Kerbin Zn3010000130' 'Tree00' #14 vertex 37: ground 600198.470490 m, vertex 600209.196525 m, +10726.035 mm above the ground
[RockPrecisionFixDiag]   rock 'Kerbin Zn3010000130' 'Tree00' #14 vertex 40: ground 600197.555800 m, vertex 600209.172714 m, +11616.914 mm above the ground
[RockPrecisionFixDiag]   rock 'Kerbin Zn3010000130' 'Tree00' #14 vertex 12: ground 600198.178294 m, vertex 600218.903136 m, +20724.842 mm above the ground
[RockPrecisionFixDiag]   rock 'Kerbin Zn3010000130' 'Tree00' #14 vertex 32: ground 600198.986896 m, vertex 600209.192517 m, +10205.621 mm above the ground
[RockPrecisionFixDiag]   rock 'Kerbin Zn3010000130' 'Tree00' #15 vertex 11: ground 600199.818590 m, vertex 600198.401850 m, -1416.740 mm above the ground
[RockPrecisionFixDiag]   rock 'Kerbin Zn3010000130' 'Tree00' #15 vertex 47: ground 600200.662944 m, vertex 600222.635244 m, +21972.300 mm above the ground
[RockPrecisionFixDiag]   rock 'Kerbin Zn3010000130' 'Tree00' #15 vertex 31: ground 600199.186362 m, vertex 600222.655434 m, +23469.072 mm above the ground
[RockPrecisionFixDiag]   rock 'Kerbin Zn3010000130' 'Tree00' #15 vertex 55: ground 600199.771789 m, vertex 600222.641784 m, +22869.994 mm above the ground
[RockPrecisionFixDiag]   rock 'Kerbin Zn3010000130' 'Tree00' #15 vertex 39: ground 600200.077491 m, vertex 600222.648882 m, +22571.391 mm above the ground
[RockPrecisionFixDiag]   rock 'Kerbin Zn3010000130' 'Tree00' #15 vertex 48: ground 600200.561246 m, vertex 600207.262969 m, +6701.724 mm above the ground
[RockPrecisionFixDiag]   rock 'Kerbin Zn3010000130' 'Tree00' #15 vertex 37: ground 600200.337875 m, vertex 600207.258129 m, +6920.254 mm above the ground
[RockPrecisionFixDiag]   rock 'Kerbin Zn3010000130' 'Tree00' #15 vertex 40: ground 600199.521102 m, vertex 600207.277350 m, +7756.248 mm above the ground
[RockPrecisionFixDiag]   rock 'Kerbin Zn3010000130' 'Tree00' #15 vertex 12: ground 600199.909118 m, vertex 600214.271099 m, +14361.980 mm above the ground
[RockPrecisionFixDiag]   rock 'Kerbin Zn3010000130' 'Tree00' #15 vertex 32: ground 600199.286565 m, vertex 600207.272566 m, +7986.001 mm above the ground
[RockPrecisionFixDiag]   rock 'Kerbin Zn3010000130' 'Tree00' #16 vertex 11: ground 600188.935495 m, vertex 600187.578470 m, -1357.025 mm above the ground
[RockPrecisionFixDiag]   rock 'Kerbin Zn3010000130' 'Tree00' #16 vertex 47: ground 600189.575323 m, vertex 600229.975890 m, +40400.567 mm above the ground
[RockPrecisionFixDiag]   rock 'Kerbin Zn3010000130' 'Tree00' #16 vertex 31: ground 600189.313604 m, vertex 600229.955984 m, +40642.380 mm above the ground
[RockPrecisionFixDiag]   rock 'Kerbin Zn3010000130' 'Tree00' #16 vertex 55: ground 600188.490712 m, vertex 600229.958512 m, +41467.800 mm above the ground
[RockPrecisionFixDiag]   rock 'Kerbin Zn3010000130' 'Tree00' #16 vertex 39: ground 600189.432632 m, vertex 600229.973361 m, +40540.729 mm above the ground
[RockPrecisionFixDiag]   rock 'Kerbin Zn3010000130' 'Tree00' #16 vertex 48: ground 600189.680658 m, vertex 600203.094441 m, +13413.783 mm above the ground
[RockPrecisionFixDiag]   rock 'Kerbin Zn3010000130' 'Tree00' #16 vertex 37: ground 600189.084537 m, vertex 600203.083904 m, +13999.366 mm above the ground
[RockPrecisionFixDiag]   rock 'Kerbin Zn3010000130' 'Tree00' #16 vertex 40: ground 600189.566058 m, vertex 600203.080549 m, +13514.490 mm above the ground
[RockPrecisionFixDiag]   rock 'Kerbin Zn3010000130' 'Tree00' #16 vertex 12: ground 600188.899047 m, vertex 600215.325122 m, +26426.076 mm above the ground
[RockPrecisionFixDiag]   rock 'Kerbin Zn3010000130' 'Tree00' #16 vertex 32: ground 600188.838070 m, vertex 600203.069800 m, +14231.730 mm above the ground
[RockPrecisionFixDiag]   rock 'Kerbin Zn3010000130' 'Tree00' #17 vertex 11: ground 600203.023730 m, vertex 600201.901480 m, -1122.249 mm above the ground
[RockPrecisionFixDiag]   rock 'Kerbin Zn3010000130' 'Tree00' #17 vertex 47: ground 600203.234162 m, vertex 600220.814452 m, +17580.290 mm above the ground
[RockPrecisionFixDiag]   rock 'Kerbin Zn3010000130' 'Tree00' #17 vertex 31: ground 600202.849490 m, vertex 600220.826712 m, +17977.221 mm above the ground
[RockPrecisionFixDiag]   rock 'Kerbin Zn3010000130' 'Tree00' #17 vertex 55: ground 600202.710079 m, vertex 600220.824889 m, +18114.811 mm above the ground
[RockPrecisionFixDiag]   rock 'Kerbin Zn3010000130' 'Tree00' #17 vertex 39: ground 600202.653097 m, vertex 600220.816276 m, +18163.178 mm above the ground
[RockPrecisionFixDiag]   rock 'Kerbin Zn3010000130' 'Tree00' #17 vertex 48: ground 600202.897817 m, vertex 600208.812747 m, +5914.930 mm above the ground
[RockPrecisionFixDiag]   rock 'Kerbin Zn3010000130' 'Tree00' #17 vertex 37: ground 600202.973894 m, vertex 600208.818856 m, +5844.961 mm above the ground
[RockPrecisionFixDiag]   rock 'Kerbin Zn3010000130' 'Tree00' #17 vertex 40: ground 600202.658142 m, vertex 600208.821307 m, +6163.165 mm above the ground
[RockPrecisionFixDiag]   rock 'Kerbin Zn3010000130' 'Tree00' #17 vertex 12: ground 600203.057856 m, vertex 600214.285674 m, +11227.818 mm above the ground
[RockPrecisionFixDiag]   rock 'Kerbin Zn3010000130' 'Tree00' #17 vertex 32: ground 600202.659759 m, vertex 600208.827548 m, +6167.789 mm above the ground
[RockPrecisionFixDiag] End of record 4: 64 quads with rocks, 118 holders (0 not built yet); nearest quad 'Kerbin Zn3010000130': 218 rocks, 1780 vertices measured, 0 without ground under them
