[RockPrecisionFixDiag] Record 6 on Kerbin: scatter on. Heights are distances from the centre of Kerbin, in metres
[RockPrecisionFixDiag]   quad 'Kerbin Zn1232222230': height 600176.961705 m, matrix 600176.961705 m, up 0.000 mm, across 0.000 mm
[RockPrecisionFixDiag]     holder 'Grass00': built, height 600176.961705 m, matrix 600176.961705 m, up 0.000 mm, across 0.000 mm
[RockPrecisionFixDiag]     holder 'Tree00': built, height 600176.961705 m, matrix 600176.961705 m, up 0.000 mm, across 0.000 mm
[RockPrecisionFixDiag]   quad 'Kerbin Zn1232222231': height 600177.399115 m, matrix 600177.399115 m, up 0.000 mm, across 0.000 mm
[RockPrecisionFixDiag]     holder 'Grass00': built, height 600177.399115 m, matrix 600177.399115 m, up 0.000 mm, across 0.000 mm
[RockPrecisionFixDiag]     holder 'Tree00': built, height 600177.399115 m, matrix 600177.399115 m, up 0.000 mm, across 0.000 mm
[RockPrecisionFixDiag]   quad 'Kerbin Zn1232222232': height 600186.663292 m, matrix 600186.663292 m, up 0.000 mm, across 0.000 mm
[RockPrecisionFixDiag]     holder 'Grass00': built, height 600186.663292 m, matrix 600186.663292 m, up 0.000 mm, across 0.000 mm
[RockPrecisionFixDiag]     holder 'Tree00': built, height 600186.663292 m, matrix 600186.663292 m, up 0.000 mm, across 0.000 mm
[RockPrecisionFixDiag]   quad 'Kerbin Zn1232222233': height 600173.786903 m, matrix 600173.786903 m, up 0.000 mm, across 0.000 mm
[RockPrecisionFixDiag]     holder 'Grass00': built, height 600173.786903 m, matrix 600173.810990 m, up +24.087 mm, across 19.909 mm
[RockPrecisionFixDiag]     holder 'Tree00': built, height 600173.786903 m, matrix 600173.810990 m, up +24.087 mm, across 19.909 mm
[RockPrecisionFixDiag]   quad 'Kerbin Zn1232222300': height 600211.094746 m, matrix 600211.094746 m, up 0.000 mm, across 0.000 mm
[RockPrecisionFixDiag]     holder 'Grass00': built, height 600211.094746 m, matrix 600211.118796 m, up +24.050 mm, across 19.954 mm
[RockPrecisionFixDiag]     holder 'Tree00': built, height 600211.094746 m, matrix 600211.118796 m, up +24.050 mm, across 19.954 mm
[RockPrecisionFixDiag]   quad 'Kerbin Zn1232222302': height 600210.895192 m, matrix 600210.895192 m, up 0.000 mm, across 0.000 mm
[RockPrecisionFixDiag]     holder 'Grass00': built, height 600210.895192 m, matrix 600210.895192 m, up 0.000 mm, across 0.000 mm
[RockPrecisionFixDiag]     holder 'Tree00': built, height 600210.895192 m, matrix 600210.895192 m, up 0.000 mm, across 0.000 mm
[RockPrecisionFixDiag]   quad 'Kerbin Zn1232222320': height 600203.362482 m, matrix 600203.362482 m, up 0.000 mm, across 0.000 mm
[RockPrecisionFixDiag]     holder 'Grass00': built, height 600203.362482 m, matrix 600203.318479 m, up -44.004 mm, across 4.099 mm
[RockPrecisionFixDiag]     holder 'Tree00': built, height 600203.362482 m, matrix 600203.318479 m, up -44.004 mm, across 4.099 mm
[RockPrecisionFixDiag]   quad 'Kerbin Zn1232222322': height 600241.144301 m, matrix 600241.144301 m, up 0.000 mm, across 0.000 mm
[RockPrecisionFixDiag]     holder 'Grass00': built, height 600241.144301 m, matrix 600241.120250 m, up -24.051 mm, across 19.953 mm
[RockPrecisionFixDiag]     holder 'Tree00': built, height 600241.144301 m, matrix 600241.120250 m, up -24.051 mm, across 19.953 mm
[RockPrecisionFixDiag]   quad 'Kerbin Zn3010000000': height 600249.667542 m, matrix 600249.667542 m, up 0.000 mm, across 0.000 mm
[RockPrecisionFixDiag]     holder 'Grass00': built, height 600249.667542 m, matrix 600249.715934 m, up +48.393 mm, across 39.553 mm
[RockPrecisionFixDiag]     holder 'Tree00': built, height 600249.667542 m, matrix 600249.715934 m, up +48.393 mm, across 39.553 mm
[RockPrecisionFixDiag]   quad 'Kerbin Zn3010000001': height 600248.300055 m, matrix 600248.300055 m, up 0.000 mm, across 0.000 mm
[RockPrecisionFixDiag]     holder 'Grass00': built, height 600248.300055 m, matrix 600248.300055 m, up 0.000 mm, across 0.000 mm
[RockPrecisionFixDiag]     holder 'Tree00': built, height 600248.300055 m, matrix 600248.300055 m, up 0.000 mm, across 0.000 mm
[RockPrecisionFixDiag]   quad 'Kerbin Zn3010000002': height 600219.579152 m, matrix 600219.579152 m, up 0.000 mm, across 0.000 mm
[RockPrecisionFixDiag]     holder 'Grass00': built, height 600219.579152 m, matrix 600219.579152 m, up 0.000 mm, across 0.000 mm
[RockPrecisionFixDiag]     holder 'Tree00': built, height 600219.579152 m, matrix 600219.579152 m, up 0.000 mm, across 0.000 mm
[RockPrecisionFixDiag]   quad 'Kerbin Zn3010000003': height 600238.552461 m, matrix 600238.552461 m, up 0.000 mm, across 0.000 mm
[RockPrecisionFixDiag]     holder 'Grass00': built, height 600238.552461 m, matrix 600238.572281 m, up +19.821 mm, across 24.160 mm
[RockPrecisionFixDiag]     holder 'Tree00': built, height 600238.552461 m, matrix 600238.572281 m, up +19.821 mm, across 24.160 mm
[RockPrecisionFixDiag]   quad 'Kerbin Zn3010000010': height 600189.728311 m, matrix 600189.728311 m, up 0.000 mm, across 0.000 mm
[RockPrecisionFixDiag]     holder 'Grass00': built, height 600189.728311 m, matrix 600189.728311 m, up 0.000 mm, across 0.000 mm
[RockPrecisionFixDiag]     holder 'Tree00': built, height 600189.728311 m, matrix 600189.728311 m, up 0.000 mm, across 0.000 mm
[RockPrecisionFixDiag]   quad 'Kerbin Zn3010000011': height 600220.752748 m, matrix 600220.752748 m, up 0.000 mm, across 0.000 mm
[RockPrecisionFixDiag]     holder 'Grass00': built, height 600220.752748 m, matrix 600220.820831 m, up +68.083 mm, across 15.731 mm
[RockPrecisionFixDiag]     holder 'Tree00': built, height 600220.752748 m, matrix 600220.820831 m, up +68.083 mm, across 15.731 mm
[RockPrecisionFixDiag]   quad 'Kerbin Zn3010000012': height 600273.447698 m, matrix 600273.447698 m, up 0.000 mm, across 0.000 mm
[RockPrecisionFixDiag]     holder 'Grass00': built, height 600273.447698 m, matrix 600273.467563 m, up +19.865 mm, across 24.124 mm
[RockPrecisionFixDiag]     holder 'Tree00': built, height 600273.447698 m, matrix 600273.467563 m, up +19.865 mm, across 24.124 mm
[RockPrecisionFixDiag]   quad 'Kerbin Zn3010000013': height 600242.658774 m, matrix 600242.658774 m, up 0.000 mm, across 0.000 mm
[RockPrecisionFixDiag]     holder 'Grass00': built, height 600242.658774 m, matrix 600242.702770 m, up +43.996 mm, across 4.180 mm
[RockPrecisionFixDiag]     holder 'Tree00': built, height 600242.658774 m, matrix 600242.702770 m, up +43.996 mm, across 4.180 mm
[RockPrecisionFixDiag]   quad 'Kerbin Zn3010000020': height 600242.413895 m, matrix 600242.413895 m, up 0.000 mm, across 0.000 mm
[RockPrecisionFixDiag]     holder 'Grass00': built, height 600242.413895 m, matrix 600242.365503 m, up -48.392 mm, across 39.553 mm
[RockPrecisionFixDiag]     holder 'Tree00': built, height 600242.413895 m, matrix 600242.365503 m, up -48.392 mm, across 39.553 mm
[RockPrecisionFixDiag]   quad 'Kerbin Zn3010000021': height 600225.930478 m, matrix 600225.930478 m, up 0.000 mm, across 0.000 mm
[RockPrecisionFixDiag]     holder 'Grass00': built, height 600225.930478 m, matrix 600225.930478 m, up 0.000 mm, across 0.000 mm
[RockPrecisionFixDiag]     holder 'Tree00': built, height 600225.930478 m, matrix 600225.930478 m, up 0.000 mm, across 0.000 mm
[RockPrecisionFixDiag]   quad 'Kerbin Zn3010000022': height 600288.849905 m, matrix 600288.849905 m, up 0.000 mm, across 0.000 mm
[RockPrecisionFixDiag]     holder 'Grass00': built, height 600288.849905 m, matrix 600288.849905 m, up 0.000 mm, across 0.000 mm
[RockPrecisionFixDiag]     holder 'Tree00': built, height 600288.849905 m, matrix 600288.849905 m, up 0.000 mm, across 0.000 mm
[RockPrecisionFixDiag]   quad 'Kerbin Zn3010000023': height 600244.734710 m, matrix 600244.734710 m, up 0.000 mm, across 0.000 mm
[RockPrecisionFixDiag]     holder 'Grass00': built, height 600244.734710 m, matrix 600244.710551 m, up -24.159 mm, across 19.821 mm
[RockPrecisionFixDiag]     holder 'Tree00': built, height 600244.734710 m, matrix 600244.710551 m, up -24.159 mm, across 19.821 mm
[RockPrecisionFixDiag]   quad 'Kerbin Zn3010000030': height 600256.965244 m, matrix 600256.965244 m, up 0.000 mm, across 0.000 mm
[RockPrecisionFixDiag]     holder 'Grass00': built, height 600256.965244 m, matrix 600256.965244 m, up 0.000 mm, across 0.000 mm
[RockPrecisionFixDiag]     holder 'Tree00': built, height 600256.965244 m, matrix 600256.965244 m, up 0.000 mm, across 0.000 mm
[RockPrecisionFixDiag]   quad 'Kerbin Zn3010000031': height 600280.020675 m, matrix 600280.020675 m, up 0.000 mm, across 0.000 mm
[RockPrecisionFixDiag]     holder 'Grass00': built, height 600280.020675 m, matrix 600280.092935 m, up +72.260 mm, across 59.729 mm
[RockPrecisionFixDiag]     holder 'Tree00': built, height 600280.020675 m, matrix 600280.092935 m, up +72.260 mm, across 59.729 mm
[RockPrecisionFixDiag]   quad 'Kerbin Zn3010000032': height 600248.714361 m, matrix 600248.714361 m, up 0.000 mm, across 0.000 mm
[RockPrecisionFixDiag]     holder 'Grass00': built, height 600248.714361 m, matrix 600248.738484 m, up +24.123 mm, across 19.866 mm
[RockPrecisionFixDiag]     holder 'Tree00': built, height 600248.714361 m, matrix 600248.738484 m, up +24.123 mm, across 19.866 mm
[RockPrecisionFixDiag]   quad 'Kerbin Zn3010000033': height 600313.769831 m, matrix 600313.769831 m, up 0.000 mm, across 0.000 mm
[RockPrecisionFixDiag]     holder 'Grass00': built, height 600313.769831 m, matrix 600313.818004 m, up +48.173 mm, across 39.820 mm
[RockPrecisionFixDiag]     holder 'Tree00': built, height 600313.769831 m, matrix 600313.818004 m, up +48.173 mm, across 39.820 mm
[RockPrecisionFixDiag]   quad 'Kerbin Zn3010000100': height 600253.787831 m, matrix 600253.787831 m, up 0.000 mm, across 0.000 mm
[RockPrecisionFixDiag]     holder 'Grass00': built, height 600253.787831 m, matrix 600253.835932 m, up +48.101 mm, across 39.907 mm
[RockPrecisionFixDiag]     holder 'Tree00': built, height 600253.787831 m, matrix 600253.835932 m, up +48.101 mm, across 39.907 mm
[RockPrecisionFixDiag]   quad 'Kerbin Zn3010000101': height 600260.036074 m, matrix 600260.036074 m, up 0.000 mm, across 0.000 mm
[RockPrecisionFixDiag]     holder 'Grass00': built, height 600260.036074 m, matrix 600260.012060 m, up -24.014 mm, across 19.997 mm
[RockPrecisionFixDiag]     holder 'Tree00': built, height 600260.036074 m, matrix 600260.012060 m, up -24.014 mm, across 19.997 mm
[RockPrecisionFixDiag]   quad 'Kerbin Zn3010000102': height 600230.814557 m, matrix 600230.814557 m, up 0.000 mm, across 0.000 mm
[RockPrecisionFixDiag]     holder 'Grass00': built, height 600230.814557 m, matrix 600230.814557 m, up 0.000 mm, across 0.000 mm
[RockPrecisionFixDiag]     holder 'Tree00': built, height 600230.814557 m, matrix 600230.814557 m, up 0.000 mm, across 0.000 mm
[RockPrecisionFixDiag]   quad 'Kerbin Zn3010000103': height 600230.090723 m, matrix 600230.090723 m, up 0.000 mm, across 0.000 mm
[RockPrecisionFixDiag]     holder 'Grass00': built, height 600230.090723 m, matrix 600230.162764 m, up +72.042 mm, across 59.992 mm
[RockPrecisionFixDiag]     holder 'Tree00': built, height 600230.090723 m, matrix 600230.162764 m, up +72.042 mm, across 59.992 mm
[RockPrecisionFixDiag]   quad 'Kerbin Zn3010000112': height 600227.213539 m, matrix 600227.213539 m, up 0.000 mm, across 0.000 mm
[RockPrecisionFixDiag]     holder 'Grass00': built, height 600227.213539 m, matrix 600227.261494 m, up +47.955 mm, across 40.082 mm
[RockPrecisionFixDiag]     holder 'Tree00': built, height 600227.213539 m, matrix 600227.261494 m, up +47.955 mm, across 40.082 mm
[RockPrecisionFixDiag]   quad 'Kerbin Zn3010000120': height 600226.583884 m, matrix 600226.583884 m, up 0.000 mm, across 0.000 mm
[RockPrecisionFixDiag]     holder 'Grass00': built, height 600226.583884 m, matrix 600226.603837 m, up +19.953 mm, across 24.051 mm
[RockPrecisionFixDiag]     holder 'Tree00': built, height 600226.583884 m, matrix 600226.603837 m, up +19.953 mm, across 24.051 mm
[RockPrecisionFixDiag]   quad 'Kerbin Zn3010000121': height 600217.341464 m, matrix 600217.341464 m, up 0.000 mm, across 0.000 mm
[RockPrecisionFixDiag]     holder 'Grass00': built, height 600217.341464 m, matrix 600217.341464 m, up 0.000 mm, across 0.000 mm
[RockPrecisionFixDiag]     holder 'Tree00': built, height 600217.341464 m, matrix 600217.341464 m, up 0.000 mm, across 0.000 mm
[RockPrecisionFixDiag]   quad 'Kerbin Zn3010000122': height 600239.543568 m, matrix 600239.543568 m, up 0.000 mm, across 0.000 mm
[RockPrecisionFixDiag]     holder 'Grass00': built, height 600239.543568 m, matrix 600239.591668 m, up +48.100 mm, across 39.908 mm
[RockPrecisionFixDiag]     holder 'Tree00': built, height 600239.543568 m, matrix 600239.591668 m, up +48.100 mm, across 39.908 mm
[RockPrecisionFixDiag]   quad 'Kerbin Zn3010000123': height 600203.426658 m, matrix 600203.426658 m, up 0.000 mm, across 0.000 mm
[RockPrecisionFixDiag]     holder 'Grass00': built, height 600203.426658 m, matrix 600203.402645 m, up -24.013 mm, across 19.998 mm
[RockPrecisionFixDiag]     holder 'Tree00': built, height 600203.426658 m, matrix 600203.402645 m, up -24.013 mm, across 19.998 mm
[RockPrecisionFixDiag]   quad 'Kerbin Zn3010000130': height 600190.676968 m, matrix 600190.676968 m, up 0.000 mm, across 0.000 mm
[RockPrecisionFixDiag]     holder 'Grass00': built, height 600190.676968 m, matrix 600190.724922 m, up +47.954 mm, across 40.083 mm
[RockPrecisionFixDiag]     holder 'Tree00': built, height 600190.676968 m, matrix 600190.724922 m, up +47.954 mm, across 40.083 mm
[RockPrecisionFixDiag]   quad 'Kerbin Zn3010000131': height 600164.389785 m, matrix 600164.389785 m, up 0.000 mm, across 0.000 mm
[RockPrecisionFixDiag]     holder 'Grass00': built, height 600164.389785 m, matrix 600164.413726 m, up +23.941 mm, across 20.085 mm
[RockPrecisionFixDiag]     holder 'Tree00': built, height 600164.389785 m, matrix 600164.413726 m, up +23.941 mm, across 20.085 mm
[RockPrecisionFixDiag]   quad 'Kerbin Zn3010000132': height 600212.410782 m, matrix 600212.410782 m, up 0.000 mm, across 0.000 mm
[RockPrecisionFixDiag]     holder 'Grass00': built, height 600212.410782 m, matrix 600212.434759 m, up +23.977 mm, across 20.042 mm
[RockPrecisionFixDiag]     holder 'Tree00': built, height 600212.410782 m, matrix 600212.434759 m, up +23.977 mm, across 20.042 mm
[RockPrecisionFixDiag]   quad 'Kerbin Zn3010000133': height 600126.890429 m, matrix 600126.890429 m, up 0.000 mm, across 0.000 mm
[RockPrecisionFixDiag]     holder 'Grass00': built, height 600126.890429 m, matrix 600126.890429 m, up 0.000 mm, across 0.000 mm
[RockPrecisionFixDiag]     holder 'Tree00': built, height 600126.890429 m, matrix 600126.890429 m, up 0.000 mm, across 0.000 mm
[RockPrecisionFixDiag]   quad 'Kerbin Zn3010000200': height 600249.096685 m, matrix 600249.096685 m, up 0.000 mm, across 0.000 mm
[RockPrecisionFixDiag]     holder 'Grass00': built, height 600249.096685 m, matrix 600249.048294 m, up -48.391 mm, across 39.555 mm
[RockPrecisionFixDiag]     holder 'Tree00': built, height 600249.096685 m, matrix 600249.048294 m, up -48.391 mm, across 39.555 mm
[RockPrecisionFixDiag]   quad 'Kerbin Zn3010000201': height 600253.967005 m, matrix 600253.967005 m, up 0.000 mm, across 0.000 mm
[RockPrecisionFixDiag]     holder 'Grass00': built, height 600253.967005 m, matrix 600253.942846 m, up -24.159 mm, across 19.822 mm
[RockPrecisionFixDiag]     holder 'Tree00': built, height 600253.967005 m, matrix 600253.942846 m, up -24.159 mm, across 19.822 mm
[RockPrecisionFixDiag]   quad 'Kerbin Zn3010000202': height 600240.810885 m, matrix 600240.810885 m, up 0.000 mm, across 0.000 mm
[RockPrecisionFixDiag]     holder 'Grass00': built, height 600240.810885 m, matrix 600240.738301 m, up -72.585 mm, across 59.334 mm
[RockPrecisionFixDiag]     holder 'Tree00': built, height 600240.810885 m, matrix 600240.738301 m, up -72.585 mm, across 59.334 mm
[RockPrecisionFixDiag]   quad 'Kerbin Zn3010000203': height 600237.344263 m, matrix 600237.344263 m, up 0.000 mm, across 0.000 mm
[RockPrecisionFixDiag]     holder 'Grass00': built, height 600237.344263 m, matrix 600237.324443 m, up -19.820 mm, across 24.161 mm
[RockPrecisionFixDiag]     holder 'Tree00': built, height 600237.344263 m, matrix 600237.324443 m, up -19.820 mm, across 24.161 mm
[RockPrecisionFixDiag]   quad 'Kerbin Zn3010000210': height 600271.419532 m, matrix 600271.419532 m, up 0.000 mm, across 0.000 mm
[RockPrecisionFixDiag]     holder 'Grass00': built, height 600271.419532 m, matrix 600271.391151 m, up -28.381 mm, across 63.854 mm
[RockPrecisionFixDiag]     holder 'Tree00': built, height 600271.419532 m, matrix 600271.391151 m, up -28.381 mm, across 63.854 mm
[RockPrecisionFixDiag]   quad 'Kerbin Zn3010000211': height 600331.705626 m, matrix 600331.705626 m, up 0.000 mm, across 0.000 mm
[RockPrecisionFixDiag]     holder 'Grass00': built, height 600331.705626 m, matrix 600331.757976 m, up +52.350 mm, across 83.816 mm
[RockPrecisionFixDiag]     holder 'Tree00': built, height 600331.705626 m, matrix 600331.757976 m, up +52.350 mm, across 83.816 mm
[RockPrecisionFixDiag]   quad 'Kerbin Zn3010000212': height 600278.987947 m, matrix 600278.987947 m, up 0.000 mm, across 0.000 mm
[RockPrecisionFixDiag]     holder 'Grass00': built, height 600278.987947 m, matrix 600278.987947 m, up 0.000 mm, across 0.000 mm
[RockPrecisionFixDiag]     holder 'Tree00': built, height 600278.987947 m, matrix 600278.987947 m, up 0.000 mm, across 0.000 mm
[RockPrecisionFixDiag]   quad 'Kerbin Zn3010000213': height 600292.256988 m, matrix 600292.256988 m, up 0.000 mm, across 0.000 mm
[RockPrecisionFixDiag]     holder 'Grass00': built, height 600292.256988 m, matrix 600292.305160 m, up +48.171 mm, across 39.822 mm
[RockPrecisionFixDiag]     holder 'Tree00': built, height 600292.256988 m, matrix 600292.305160 m, up +48.171 mm, across 39.822 mm
[RockPrecisionFixDiag]   quad 'Kerbin Zn3010000230': height 600239.667657 m, matrix 600239.667657 m, up 0.000 mm, across 0.000 mm
[RockPrecisionFixDiag]     holder 'Grass00': built, height 600239.667657 m, matrix 600239.715900 m, up +48.243 mm, across 39.734 mm
[RockPrecisionFixDiag]     holder 'Tree00': built, height 600239.667657 m, matrix 600239.715900 m, up +48.243 mm, across 39.734 mm
[RockPrecisionFixDiag]   quad 'Kerbin Zn3010000231': height 600273.757173 m, matrix 600273.757173 m, up 0.000 mm, across 0.000 mm
[RockPrecisionFixDiag]     holder 'Grass00': built, height 600273.757173 m, matrix 600273.829429 m, up +72.256 mm, across 59.734 mm
[RockPrecisionFixDiag]     holder 'Tree00': built, height 600273.757173 m, matrix 600273.829429 m, up +72.256 mm, across 59.734 mm
[RockPrecisionFixDiag]   quad 'Kerbin Zn3010000232': height 600245.928295 m, matrix 600245.928295 m, up 0.000 mm, across 0.000 mm
[RockPrecisionFixDiag]     holder 'Grass00': built, height 600245.928295 m, matrix 600245.928295 m, up 0.000 mm, across 0.000 mm
[RockPrecisionFixDiag]     holder 'Tree00': built, height 600245.928295 m, matrix 600245.928295 m, up 0.000 mm, across 0.000 mm
[RockPrecisionFixDiag]   quad 'Kerbin Zn3010000233': height 600281.517208 m, matrix 600281.517208 m, up 0.000 mm, across 0.000 mm
[RockPrecisionFixDiag]     holder 'Grass00': built, height 600281.517208 m, matrix 600281.517208 m, up 0.000 mm, across 0.000 mm
[RockPrecisionFixDiag]     holder 'Tree00': built, height 600281.517208 m, matrix 600281.517208 m, up 0.000 mm, across 0.000 mm
[RockPrecisionFixDiag]   quad 'Kerbin Zn3010000300': height 600251.504361 m, matrix 600251.504361 m, up 0.000 mm, across 0.000 mm
[RockPrecisionFixDiag]     holder 'Grass00': built, height 600251.504361 m, matrix 600251.528411 m, up +24.050 mm, across 19.954 mm
[RockPrecisionFixDiag]     holder 'Tree00': built, height 600251.504361 m, matrix 600251.528411 m, up +24.050 mm, across 19.954 mm
[RockPrecisionFixDiag]   quad 'Kerbin Zn3010000301': height 600205.323428 m, matrix 600205.323428 m, up 0.000 mm, across 0.000 mm
[RockPrecisionFixDiag]     holder 'Grass00': built, height 600205.323428 m, matrix 600205.275401 m, up -48.026 mm, across 39.997 mm
[RockPrecisionFixDiag]     holder 'Tree00': built, height 600205.323428 m, matrix 600205.275401 m, up -48.026 mm, across 39.997 mm
[RockPrecisionFixDiag]   quad 'Kerbin Zn3010000302': height 600253.046610 m, matrix 600253.046610 m, up 0.000 mm, across 0.000 mm
[RockPrecisionFixDiag]     holder 'Grass00': built, height 600253.046610 m, matrix 600253.046610 m, up 0.000 mm, across 0.000 mm
[RockPrecisionFixDiag]     holder 'Tree00': built, height 600253.046610 m, matrix 600253.046610 m, up 0.000 mm, across 0.000 mm
[RockPrecisionFixDiag]   quad 'Kerbin Zn3010000303': height 600185.523339 m, matrix 600185.523339 m, up 0.000 mm, across 0.000 mm
[RockPrecisionFixDiag]     holder 'Grass00': built, height 600185.523339 m, matrix 600185.527355 m, up +4.017 mm, across 44.011 mm
[RockPrecisionFixDiag]     holder 'Tree00': built, height 600185.523339 m, matrix 600185.527355 m, up +4.017 mm, across 44.011 mm
[RockPrecisionFixDiag]   quad 'Kerbin Zn3010000310': height 600205.600671 m, matrix 600205.600671 m, up 0.000 mm, across 0.000 mm
[RockPrecisionFixDiag]     holder 'Grass00': built, height 600205.600671 m, matrix 600205.648624 m, up +47.953 mm, across 40.084 mm
[RockPrecisionFixDiag]     holder 'Tree00': built, height 600205.600671 m, matrix 600205.648624 m, up +47.953 mm, across 40.084 mm
[RockPrecisionFixDiag]   quad 'Kerbin Zn3010000311': height 600080.213612 m, matrix 600080.213612 m, up 0.000 mm, across 0.000 mm
[RockPrecisionFixDiag]     holder 'Grass00': built, height 600080.213612 m, matrix 600080.213612 m, up 0.000 mm, across 0.000 mm
[RockPrecisionFixDiag]   quad 'Kerbin Zn3010000312': height 600141.471168 m, matrix 600141.471168 m, up 0.000 mm, across 0.000 mm
[RockPrecisionFixDiag]     holder 'Grass00': built, height 600141.471168 m, matrix 600141.523057 m, up +51.888 mm, across 84.102 mm
[RockPrecisionFixDiag]   quad 'Kerbin Zn3010000320': height 600226.058810 m, matrix 600226.058810 m, up 0.000 mm, across 0.000 mm
[RockPrecisionFixDiag]     holder 'Grass00': built, height 600226.058810 m, matrix 600226.058810 m, up 0.000 mm, across 0.000 mm
[RockPrecisionFixDiag]   quad 'Kerbin Zn3010000321': height 600207.503790 m, matrix 600207.503790 m, up 0.000 mm, across 0.000 mm
[RockPrecisionFixDiag]     holder 'Grass00': built, height 600207.503790 m, matrix 600207.531819 m, up +28.029 mm, across 64.009 mm
[RockPrecisionFixDiag]   quad 'Kerbin Zn3010000323': height 600194.885625 m, matrix 600194.885625 m, up 0.000 mm, across 0.000 mm
[RockPrecisionFixDiag]     holder 'Grass00': built, height 600194.885625 m, matrix 600194.861613 m, up -24.012 mm, across 20.000 mm
[RockPrecisionFixDiag]   quad 'Kerbin Zn3010000322': height 600203.831455 m, matrix 600203.831455 m, up 0.000 mm, across 0.000 mm
[RockPrecisionFixDiag]     holder 'Grass00': built, height 600203.831455 m, matrix 600203.903599 m, up +72.144 mm, across 59.869 mm
[RockPrecisionFixDiag]   quad 'Kerbin Zn3010000313': height 600041.796152 m, matrix 600041.796152 m, up 0.000 mm, across 0.000 mm
[RockPrecisionFixDiag]     holder 'boulder': built, height 600041.796152 m, matrix 600041.820092 m, up +23.939 mm, across 20.086 mm
[RockPrecisionFixDiag]   quad 'Kerbin Zn3010000330': height 599959.303847 m, matrix 599959.303847 m, up 0.000 mm, across 0.000 mm
[RockPrecisionFixDiag]     holder 'boulder': built, height 599959.303847 m, matrix 599959.279872 m, up -23.976 mm, across 20.043 mm
[RockPrecisionFixDiag]   quad 'Kerbin Zn3010001022': height 599978.151753 m, matrix 599978.151753 m, up 0.000 mm, across 0.000 mm
[RockPrecisionFixDiag]     holder 'boulder': built, height 599978.151753 m, matrix 599978.151753 m, up 0.000 mm, across 0.000 mm
[RockPrecisionFixDiag]   quad 'Kerbin Zn3010001200': height 599940.007279 m, matrix 599940.007279 m, up 0.000 mm, across 0.000 mm
[RockPrecisionFixDiag]     holder 'boulder': built, height 599940.007279 m, matrix 599940.051310 m, up +44.031 mm, across 3.794 mm
[RockPrecisionFixDiag]   rock 'Kerbin Zn3010000130' 'Grass00' #0 vertex 0: ground 600188.842790 m, vertex 600188.443377 m, -399.412 mm above the ground
[RockPrecisionFixDiag]   rock 'Kerbin Zn3010000130' 'Grass00' #0 vertex 1: ground 600188.733271 m, vertex 600188.443894 m, -289.377 mm above the ground
[RockPrecisionFixDiag]   rock 'Kerbin Zn3010000130' 'Grass00' #0 vertex 2: ground 600188.842854 m, vertex 600189.809598 m, +966.744 mm above the ground
[RockPrecisionFixDiag]   rock 'Kerbin Zn3010000130' 'Grass00' #0 vertex 3: ground 600188.733341 m, vertex 600189.810114 m, +1076.773 mm above the ground
[RockPrecisionFixDiag]   rock 'Kerbin Zn3010000130' 'Grass00' #0 vertex 4: ground 600188.842790 m, vertex 600188.443377 m, -399.412 mm above the ground
[RockPrecisionFixDiag]   rock 'Kerbin Zn3010000130' 'Grass00' #0 vertex 5: ground 600188.733271 m, vertex 600188.443894 m, -289.377 mm above the ground
[RockPrecisionFixDiag]   rock 'Kerbin Zn3010000130' 'Grass00' #0 vertex 6: ground 600188.842854 m, vertex 600189.809598 m, +966.744 mm above the ground
[RockPrecisionFixDiag]   rock 'Kerbin Zn3010000130' 'Grass00' #0 vertex 7: ground 600188.733341 m, vertex 600189.810114 m, +1076.773 mm above the ground
[RockPrecisionFixDiag]   rock 'Kerbin Zn3010000130' 'Grass00' #1 vertex 0: ground 600200.018245 m, vertex 600199.818665 m, -199.581 mm above the ground
[RockPrecisionFixDiag]   rock 'Kerbin Zn3010000130' 'Grass00' #1 vertex 1: ground 600199.895633 m, vertex 600199.818819 m, -76.814 mm above the ground
[RockPrecisionFixDiag]   rock 'Kerbin Zn3010000130' 'Grass00' #1 vertex 2: ground 600200.018233 m, vertex 600201.407258 m, +1389.025 mm above the ground
[RockPrecisionFixDiag]   rock 'Kerbin Zn3010000130' 'Grass00' #1 vertex 3: ground 600199.895639 m, vertex 600201.407411 m, +1511.772 mm above the ground
[RockPrecisionFixDiag]   rock 'Kerbin Zn3010000130' 'Grass00' #1 vertex 4: ground 600200.018245 m, vertex 600199.818665 m, -199.581 mm above the ground
[RockPrecisionFixDiag]   rock 'Kerbin Zn3010000130' 'Grass00' #1 vertex 5: ground 600199.895633 m, vertex 600199.818819 m, -76.814 mm above the ground
[RockPrecisionFixDiag]   rock 'Kerbin Zn3010000130' 'Grass00' #1 vertex 6: ground 600200.018233 m, vertex 600201.407258 m, +1389.025 mm above the ground
[RockPrecisionFixDiag]   rock 'Kerbin Zn3010000130' 'Grass00' #1 vertex 7: ground 600199.895639 m, vertex 600201.407411 m, +1511.772 mm above the ground
[RockPrecisionFixDiag]   rock 'Kerbin Zn3010000130' 'Grass00' #2 vertex 0: ground 600187.238885 m, vertex 600187.036519 m, -202.366 mm above the ground
[RockPrecisionFixDiag]   rock 'Kerbin Zn3010000130' 'Grass00' #2 vertex 1: ground 600187.220514 m, vertex 600187.037193 m, -183.321 mm above the ground
[RockPrecisionFixDiag]   rock 'Kerbin Zn3010000130' 'Grass00' #2 vertex 2: ground 600187.238881 m, vertex 600188.084471 m, +845.590 mm above the ground
[RockPrecisionFixDiag]   rock 'Kerbin Zn3010000130' 'Grass00' #2 vertex 3: ground 600187.220542 m, vertex 600188.085146 m, +864.604 mm above the ground
[RockPrecisionFixDiag]   rock 'Kerbin Zn3010000130' 'Grass00' #2 vertex 4: ground 600187.238885 m, vertex 600187.036519 m, -202.366 mm above the ground
[RockPrecisionFixDiag]   rock 'Kerbin Zn3010000130' 'Grass00' #2 vertex 5: ground 600187.220514 m, vertex 600187.037193 m, -183.321 mm above the ground
[RockPrecisionFixDiag]   rock 'Kerbin Zn3010000130' 'Grass00' #2 vertex 6: ground 600187.238881 m, vertex 600188.084471 m, +845.590 mm above the ground
[RockPrecisionFixDiag]   rock 'Kerbin Zn3010000130' 'Grass00' #2 vertex 7: ground 600187.220542 m, vertex 600188.085146 m, +864.604 mm above the ground
[RockPrecisionFixDiag]   rock 'Kerbin Zn3010000130' 'Grass00' #3 vertex 0: ground 600199.291450 m, vertex 600199.091272 m, -200.177 mm above the ground
[RockPrecisionFixDiag]   rock 'Kerbin Zn3010000130' 'Grass00' #3 vertex 1: ground 600199.245318 m, vertex 600199.092354 m, -152.964 mm above the ground
[RockPrecisionFixDiag]   rock 'Kerbin Zn3010000130' 'Grass00' #3 vertex 2: ground 600199.291447 m, vertex 600200.708492 m, +1417.045 mm above the ground
[RockPrecisionFixDiag]   rock 'Kerbin Zn3010000130' 'Grass00' #3 vertex 3: ground 600199.245378 m, vertex 600200.709574 m, +1464.196 mm above the ground
[RockPrecisionFixDiag]   rock 'Kerbin Zn3010000130' 'Grass00' #3 vertex 4: ground 600199.291450 m, vertex 600199.091272 m, -200.177 mm above the ground
[RockPrecisionFixDiag]   rock 'Kerbin Zn3010000130' 'Grass00' #3 vertex 5: ground 600199.245318 m, vertex 600199.092354 m, -152.964 mm above the ground
[RockPrecisionFixDiag]   rock 'Kerbin Zn3010000130' 'Grass00' #3 vertex 6: ground 600199.291447 m, vertex 600200.708492 m, +1417.045 mm above the ground
[RockPrecisionFixDiag]   rock 'Kerbin Zn3010000130' 'Grass00' #3 vertex 7: ground 600199.245378 m, vertex 600200.709574 m, +1464.196 mm above the ground
[RockPrecisionFixDiag]   rock 'Kerbin Zn3010000130' 'Grass00' #4 vertex 0: ground 600203.970568 m, vertex 600203.851611 m, -118.957 mm above the ground
[RockPrecisionFixDiag]   rock 'Kerbin Zn3010000130' 'Grass00' #4 vertex 1: ground 600203.957662 m, vertex 600203.851178 m, -106.484 mm above the ground
[RockPrecisionFixDiag]   rock 'Kerbin Zn3010000130' 'Grass00' #4 vertex 2: ground 600203.970580 m, vertex 600205.033184 m, +1062.604 mm above the ground
[RockPrecisionFixDiag]   rock 'Kerbin Zn3010000130' 'Grass00' #4 vertex 3: ground 600203.957695 m, vertex 600205.032740 m, +1075.045 mm above the ground
[RockPrecisionFixDiag]   rock 'Kerbin Zn3010000130' 'Grass00' #4 vertex 4: ground 600203.970568 m, vertex 600203.851611 m, -118.957 mm above the ground
[RockPrecisionFixDiag]   rock 'Kerbin Zn3010000130' 'Grass00' #4 vertex 5: ground 600203.957662 m, vertex 600203.851178 m, -106.484 mm above the ground
[RockPrecisionFixDiag]   rock 'Kerbin Zn3010000130' 'Grass00' #4 vertex 6: ground 600203.970580 m, vertex 600205.033184 m, +1062.604 mm above the ground
[RockPrecisionFixDiag]   rock 'Kerbin Zn3010000130' 'Grass00' #4 vertex 7: ground 600203.957695 m, vertex 600205.032740 m, +1075.045 mm above the ground
[RockPrecisionFixDiag]   rock 'Kerbin Zn3010000130' 'Grass00' #5 vertex 0: ground 600188.463888 m, vertex 600188.115666 m, -348.222 mm above the ground
[RockPrecisionFixDiag]   rock 'Kerbin Zn3010000130' 'Grass00' #5 vertex 1: ground 600188.464916 m, vertex 600188.115716 m, -349.200 mm above the ground
[RockPrecisionFixDiag]   rock 'Kerbin Zn3010000130' 'Grass00' #5 vertex 2: ground 600188.463874 m, vertex 600189.997876 m, +1534.002 mm above the ground
[RockPrecisionFixDiag]   rock 'Kerbin Zn3010000130' 'Grass00' #5 vertex 3: ground 600188.464903 m, vertex 600189.997927 m, +1533.024 mm above the ground
[RockPrecisionFixDiag]   rock 'Kerbin Zn3010000130' 'Grass00' #5 vertex 4: ground 600188.463888 m, vertex 600188.115666 m, -348.222 mm above the ground
[RockPrecisionFixDiag]   rock 'Kerbin Zn3010000130' 'Grass00' #5 vertex 5: ground 600188.464916 m, vertex 600188.115716 m, -349.200 mm above the ground
[RockPrecisionFixDiag]   rock 'Kerbin Zn3010000130' 'Grass00' #5 vertex 6: ground 600188.463874 m, vertex 600189.997876 m, +1534.002 mm above the ground
[RockPrecisionFixDiag]   rock 'Kerbin Zn3010000130' 'Grass00' #5 vertex 7: ground 600188.464903 m, vertex 600189.997927 m, +1533.024 mm above the ground
[RockPrecisionFixDiag]   rock 'Kerbin Zn3010000130' 'Grass00' #6 vertex 0: ground 600195.739803 m, vertex 600195.538735 m, -201.069 mm above the ground
[RockPrecisionFixDiag]   rock 'Kerbin Zn3010000130' 'Grass00' #6 vertex 1: ground 600195.712784 m, vertex 600195.540181 m, -172.603 mm above the ground
[RockPrecisionFixDiag]   rock 'Kerbin Zn3010000130' 'Grass00' #6 vertex 2: ground 600195.739827 m, vertex 600197.299998 m, +1560.171 mm above the ground
[RockPrecisionFixDiag]   rock 'Kerbin Zn3010000130' 'Grass00' #6 vertex 3: ground 600195.712788 m, vertex 600197.301444 m, +1588.657 mm above the ground
[RockPrecisionFixDiag]   rock 'Kerbin Zn3010000130' 'Grass00' #6 vertex 4: ground 600195.739803 m, vertex 600195.538735 m, -201.069 mm above the ground
[RockPrecisionFixDiag]   rock 'Kerbin Zn3010000130' 'Grass00' #6 vertex 5: ground 600195.712784 m, vertex 600195.540181 m, -172.603 mm above the ground
[RockPrecisionFixDiag]   rock 'Kerbin Zn3010000130' 'Grass00' #6 vertex 6: ground 600195.739827 m, vertex 600197.299998 m, +1560.171 mm above the ground
[RockPrecisionFixDiag]   rock 'Kerbin Zn3010000130' 'Grass00' #6 vertex 7: ground 600195.712788 m, vertex 600197.301444 m, +1588.657 mm above the ground
[RockPrecisionFixDiag]   rock 'Kerbin Zn3010000130' 'Grass00' #7 vertex 0: ground 600190.766237 m, vertex 600189.697576 m, -1068.661 mm above the ground
[RockPrecisionFixDiag]   rock 'Kerbin Zn3010000130' 'Grass00' #7 vertex 1: ground 600190.758363 m, vertex 600189.697925 m, -1060.438 mm above the ground
[RockPrecisionFixDiag]   rock 'Kerbin Zn3010000130' 'Grass00' #7 vertex 2: ground 600190.766248 m, vertex 600190.714193 m, -52.055 mm above the ground
[RockPrecisionFixDiag]   rock 'Kerbin Zn3010000130' 'Grass00' #7 vertex 3: ground 600190.758371 m, vertex 600190.714539 m, -43.832 mm above the ground
[RockPrecisionFixDiag]   rock 'Kerbin Zn3010000130' 'Grass00' #7 vertex 4: ground 600190.766237 m, vertex 600189.697576 m, -1068.661 mm above the ground
[RockPrecisionFixDiag]   rock 'Kerbin Zn3010000130' 'Grass00' #7 vertex 5: ground 600190.758363 m, vertex 600189.697925 m, -1060.438 mm above the ground
[RockPrecisionFixDiag]   rock 'Kerbin Zn3010000130' 'Grass00' #7 vertex 6: ground 600190.766248 m, vertex 600190.714193 m, -52.055 mm above the ground
[RockPrecisionFixDiag]   rock 'Kerbin Zn3010000130' 'Grass00' #7 vertex 7: ground 600190.758371 m, vertex 600190.714539 m, -43.832 mm above the ground
[RockPrecisionFixDiag]   rock 'Kerbin Zn3010000130' 'Grass00' #8 vertex 0: ground 600196.550659 m, vertex 600196.348571 m, -202.088 mm above the ground
[RockPrecisionFixDiag]   rock 'Kerbin Zn3010000130' 'Grass00' #8 vertex 1: ground 600196.475429 m, vertex 600196.348329 m, -127.100 mm above the ground
[RockPrecisionFixDiag]   rock 'Kerbin Zn3010000130' 'Grass00' #8 vertex 2: ground 600196.550598 m, vertex 600197.778505 m, +1227.907 mm above the ground
[RockPrecisionFixDiag]   rock 'Kerbin Zn3010000130' 'Grass00' #8 vertex 3: ground 600196.475369 m, vertex 600197.778263 m, +1302.894 mm above the ground
[RockPrecisionFixDiag]   rock 'Kerbin Zn3010000130' 'Grass00' #8 vertex 4: ground 600196.550659 m, vertex 600196.348571 m, -202.088 mm above the ground
[RockPrecisionFixDiag]   rock 'Kerbin Zn3010000130' 'Grass00' #8 vertex 5: ground 600196.475429 m, vertex 600196.348329 m, -127.100 mm above the ground
[RockPrecisionFixDiag]   rock 'Kerbin Zn3010000130' 'Grass00' #8 vertex 6: ground 600196.550598 m, vertex 600197.778505 m, +1227.907 mm above the ground
[RockPrecisionFixDiag]   rock 'Kerbin Zn3010000130' 'Grass00' #8 vertex 7: ground 600196.475369 m, vertex 600197.778263 m, +1302.894 mm above the ground
[RockPrecisionFixDiag]   rock 'Kerbin Zn3010000130' 'Grass00' #9 vertex 0: ground 600202.560708 m, vertex 600202.360168 m, -200.540 mm above the ground
[RockPrecisionFixDiag]   rock 'Kerbin Zn3010000130' 'Grass00' #9 vertex 1: ground 600202.464637 m, vertex 600202.359438 m, -105.199 mm above the ground
[RockPrecisionFixDiag]   rock 'Kerbin Zn3010000130' 'Grass00' #9 vertex 2: ground 600202.560659 m, vertex 600204.223783 m, +1663.124 mm above the ground
[RockPrecisionFixDiag]   rock 'Kerbin Zn3010000130' 'Grass00' #9 vertex 3: ground 600202.464588 m, vertex 600204.223053 m, +1758.465 mm above the ground
[RockPrecisionFixDiag]   rock 'Kerbin Zn3010000130' 'Grass00' #9 vertex 4: ground 600202.560708 m, vertex 600202.360168 m, -200.540 mm above the ground
[RockPrecisionFixDiag]   rock 'Kerbin Zn3010000130' 'Grass00' #9 vertex 5: ground 600202.464637 m, vertex 600202.359438 m, -105.199 mm above the ground
[RockPrecisionFixDiag]   rock 'Kerbin Zn3010000130' 'Grass00' #9 vertex 6: ground 600202.560659 m, vertex 600204.223783 m, +1663.124 mm above the ground
[RockPrecisionFixDiag]   rock 'Kerbin Zn3010000130' 'Grass00' #9 vertex 7: ground 600202.464588 m, vertex 600204.223053 m, +1758.465 mm above the ground
[RockPrecisionFixDiag]   rock 'Kerbin Zn3010000130' 'Grass00' #10 vertex 0: ground 600187.277554 m, vertex 600187.362773 m, +85.219 mm above the ground
[RockPrecisionFixDiag]   rock 'Kerbin Zn3010000130' 'Grass00' #10 vertex 1: ground 600187.242662 m, vertex 600187.362632 m, +119.970 mm above the ground
[RockPrecisionFixDiag]   rock 'Kerbin Zn3010000130' 'Grass00' #10 vertex 2: ground 600187.277542 m, vertex 600188.966104 m, +1688.562 mm above the ground
[RockPrecisionFixDiag]   rock 'Kerbin Zn3010000130' 'Grass00' #10 vertex 3: ground 600187.242650 m, vertex 600188.965963 m, +1723.313 mm above the ground
[RockPrecisionFixDiag]   rock 'Kerbin Zn3010000130' 'Grass00' #10 vertex 4: ground 600187.277554 m, vertex 600187.362773 m, +85.219 mm above the ground
[RockPrecisionFixDiag]   rock 'Kerbin Zn3010000130' 'Grass00' #10 vertex 5: ground 600187.242662 m, vertex 600187.362632 m, +119.970 mm above the ground
[RockPrecisionFixDiag]   rock 'Kerbin Zn3010000130' 'Grass00' #10 vertex 6: ground 600187.277542 m, vertex 600188.966104 m, +1688.562 mm above the ground
[RockPrecisionFixDiag]   rock 'Kerbin Zn3010000130' 'Grass00' #10 vertex 7: ground 600187.242650 m, vertex 600188.965963 m, +1723.313 mm above the ground
[RockPrecisionFixDiag]   rock 'Kerbin Zn3010000130' 'Grass00' #11 vertex 0: ground 600191.961202 m, vertex 600191.759997 m, -201.205 mm above the ground
[RockPrecisionFixDiag]   rock 'Kerbin Zn3010000130' 'Grass00' #11 vertex 1: ground 600191.878148 m, vertex 600191.760503 m, -117.645 mm above the ground
[RockPrecisionFixDiag]   rock 'Kerbin Zn3010000130' 'Grass00' #11 vertex 2: ground 600191.961238 m, vertex 600192.864958 m, +903.720 mm above the ground
[RockPrecisionFixDiag]   rock 'Kerbin Zn3010000130' 'Grass00' #11 vertex 3: ground 600191.878183 m, vertex 600192.865465 m, +987.282 mm above the ground
[RockPrecisionFixDiag]   rock 'Kerbin Zn3010000130' 'Grass00' #11 vertex 4: ground 600191.961202 m, vertex 600191.759997 m, -201.205 mm above the ground
[RockPrecisionFixDiag]   rock 'Kerbin Zn3010000130' 'Grass00' #11 vertex 5: ground 600191.878148 m, vertex 600191.760503 m, -117.645 mm above the ground
[RockPrecisionFixDiag]   rock 'Kerbin Zn3010000130' 'Grass00' #11 vertex 6: ground 600191.961238 m, vertex 600192.864958 m, +903.720 mm above the ground
[RockPrecisionFixDiag]   rock 'Kerbin Zn3010000130' 'Grass00' #11 vertex 7: ground 600191.878183 m, vertex 600192.865465 m, +987.282 mm above the ground
[RockPrecisionFixDiag]   rock 'Kerbin Zn3010000130' 'Grass00' #12 vertex 0: ground 600186.836927 m, vertex 600186.634571 m, -202.356 mm above the ground
[RockPrecisionFixDiag]   rock 'Kerbin Zn3010000130' 'Grass00' #12 vertex 1: ground 600186.887570 m, vertex 600186.635549 m, -252.022 mm above the ground
[RockPrecisionFixDiag]   rock 'Kerbin Zn3010000130' 'Grass00' #12 vertex 2: ground 600186.836918 m, vertex 600188.484988 m, +1648.070 mm above the ground
[RockPrecisionFixDiag]   rock 'Kerbin Zn3010000130' 'Grass00' #12 vertex 3: ground 600186.887517 m, vertex 600188.485976 m, +1598.460 mm above the ground
[RockPrecisionFixDiag]   rock 'Kerbin Zn3010000130' 'Grass00' #12 vertex 4: ground 600186.836927 m, vertex 600186.634571 m, -202.356 mm above the ground
[RockPrecisionFixDiag]   rock 'Kerbin Zn3010000130' 'Grass00' #12 vertex 5: ground 600186.887570 m, vertex 600186.635549 m, -252.022 mm above the ground
[RockPrecisionFixDiag]   rock 'Kerbin Zn3010000130' 'Grass00' #12 vertex 6: ground 600186.836918 m, vertex 600188.484988 m, +1648.070 mm above the ground
[RockPrecisionFixDiag]   rock 'Kerbin Zn3010000130' 'Grass00' #12 vertex 7: ground 600186.887517 m, vertex 600188.485976 m, +1598.460 mm above the ground
[RockPrecisionFixDiag]   rock 'Kerbin Zn3010000130' 'Grass00' #13 vertex 0: ground 600187.190180 m, vertex 600186.986663 m, -203.518 mm above the ground
[RockPrecisionFixDiag]   rock 'Kerbin Zn3010000130' 'Grass00' #13 vertex 1: ground 600187.151098 m, vertex 600186.986526 m, -164.573 mm above the ground
[RockPrecisionFixDiag]   rock 'Kerbin Zn3010000130' 'Grass00' #13 vertex 2: ground 600187.190189 m, vertex 600188.596974 m, +1406.785 mm above the ground
[RockPrecisionFixDiag]   rock 'Kerbin Zn3010000130' 'Grass00' #13 vertex 3: ground 600187.151107 m, vertex 600188.596837 m, +1445.729 mm above the ground
[RockPrecisionFixDiag]   rock 'Kerbin Zn3010000130' 'Grass00' #13 vertex 4: ground 600187.190180 m, vertex 600186.986663 m, -203.518 mm above the ground
[RockPrecisionFixDiag]   rock 'Kerbin Zn3010000130' 'Grass00' #13 vertex 5: ground 600187.151098 m, vertex 600186.986526 m, -164.573 mm above the ground
[RockPrecisionFixDiag]   rock 'Kerbin Zn3010000130' 'Grass00' #13 vertex 6: ground 600187.190189 m, vertex 600188.596974 m, +1406.785 mm above the ground
[RockPrecisionFixDiag]   rock 'Kerbin Zn3010000130' 'Grass00' #13 vertex 7: ground 600187.151107 m, vertex 600188.596837 m, +1445.729 mm above the ground
[RockPrecisionFixDiag]   rock 'Kerbin Zn3010000130' 'Grass00' #14 vertex 0: ground 600193.650041 m, vertex 600193.238791 m, -411.251 mm above the ground
[RockPrecisionFixDiag]   rock 'Kerbin Zn3010000130' 'Grass00' #14 vertex 1: ground 600193.739691 m, vertex 600193.238786 m, -500.905 mm above the ground
[RockPrecisionFixDiag]   rock 'Kerbin Zn3010000130' 'Grass00' #14 vertex 2: ground 600193.649996 m, vertex 600194.840278 m, +1190.282 mm above the ground
[RockPrecisionFixDiag]   rock 'Kerbin Zn3010000130' 'Grass00' #14 vertex 3: ground 600193.739642 m, vertex 600194.840273 m, +1100.631 mm above the ground
[RockPrecisionFixDiag]   rock 'Kerbin Zn3010000130' 'Grass00' #14 vertex 4: ground 600193.650041 m, vertex 600193.238791 m, -411.251 mm above the ground
[RockPrecisionFixDiag]   rock 'Kerbin Zn3010000130' 'Grass00' #14 vertex 5: ground 600193.739691 m, vertex 600193.238786 m, -500.905 mm above the ground
[RockPrecisionFixDiag]   rock 'Kerbin Zn3010000130' 'Grass00' #14 vertex 6: ground 600193.649996 m, vertex 600194.840278 m, +1190.282 mm above the ground
[RockPrecisionFixDiag]   rock 'Kerbin Zn3010000130' 'Grass00' #14 vertex 7: ground 600193.739642 m, vertex 600194.840273 m, +1100.631 mm above the ground
[RockPrecisionFixDiag]   rock 'Kerbin Zn3010000130' 'Grass00' #15 vertex 0: ground 600195.898723 m, vertex 600195.695478 m, -203.245 mm above the ground
[RockPrecisionFixDiag]   rock 'Kerbin Zn3010000130' 'Grass00' #15 vertex 1: ground 600195.941070 m, vertex 600195.694120 m, -246.950 mm above the ground
[RockPrecisionFixDiag]   rock 'Kerbin Zn3010000130' 'Grass00' #15 vertex 2: ground 600195.898771 m, vertex 600197.432360 m, +1533.589 mm above the ground
[RockPrecisionFixDiag]   rock 'Kerbin Zn3010000130' 'Grass00' #15 vertex 3: ground 600195.941110 m, vertex 600197.431002 m, +1489.892 mm above the ground
[RockPrecisionFixDiag]   rock 'Kerbin Zn3010000130' 'Grass00' #15 vertex 4: ground 600195.898723 m, vertex 600195.695478 m, -203.245 mm above the ground
[RockPrecisionFixDiag]   rock 'Kerbin Zn3010000130' 'Grass00' #15 vertex 5: ground 600195.941070 m, vertex 600195.694120 m, -246.950 mm above the ground
[RockPrecisionFixDiag]   rock 'Kerbin Zn3010000130' 'Grass00' #15 vertex 6: ground 600195.898771 m, vertex 600197.432360 m, +1533.589 mm above the ground
[RockPrecisionFixDiag]   rock 'Kerbin Zn3010000130' 'Grass00' #15 vertex 7: ground 600195.941110 m, vertex 600197.431002 m, +1489.892 mm above the ground
[RockPrecisionFixDiag]   rock 'Kerbin Zn3010000130' 'Grass00' #16 vertex 0: ground 600204.343171 m, vertex 600204.140421 m, -202.750 mm above the ground
[RockPrecisionFixDiag]   rock 'Kerbin Zn3010000130' 'Grass00' #16 vertex 1: ground 600204.372227 m, vertex 600204.139924 m, -232.304 mm above the ground
[RockPrecisionFixDiag]   rock 'Kerbin Zn3010000130' 'Grass00' #16 vertex 2: ground 600204.343174 m, vertex 600205.593169 m, +1249.995 mm above the ground
[RockPrecisionFixDiag]   rock 'Kerbin Zn3010000130' 'Grass00' #16 vertex 3: ground 600204.372250 m, vertex 600205.592681 m, +1220.431 mm above the ground
[RockPrecisionFixDiag]   rock 'Kerbin Zn3010000130' 'Grass00' #16 vertex 4: ground 600204.343171 m, vertex 600204.140421 m, -202.750 mm above the ground
[RockPrecisionFixDiag]   rock 'Kerbin Zn3010000130' 'Grass00' #16 vertex 5: ground 600204.372227 m, vertex 600204.139924 m, -232.304 mm above the ground
[RockPrecisionFixDiag]   rock 'Kerbin Zn3010000130' 'Grass00' #16 vertex 6: ground 600204.343174 m, vertex 600205.593169 m, +1249.995 mm above the ground
[RockPrecisionFixDiag]   rock 'Kerbin Zn3010000130' 'Grass00' #16 vertex 7: ground 600204.372250 m, vertex 600205.592681 m, +1220.431 mm above the ground
[RockPrecisionFixDiag]   rock 'Kerbin Zn3010000130' 'Grass00' #17 vertex 0: ground 600197.644800 m, vertex 600197.441465 m, -203.335 mm above the ground
[RockPrecisionFixDiag]   rock 'Kerbin Zn3010000130' 'Grass00' #17 vertex 1: ground 600197.642131 m, vertex 600197.439875 m, -202.256 mm above the ground
[RockPrecisionFixDiag]   rock 'Kerbin Zn3010000130' 'Grass00' #17 vertex 2: ground 600197.644813 m, vertex 600199.141789 m, +1496.976 mm above the ground
[RockPrecisionFixDiag]   rock 'Kerbin Zn3010000130' 'Grass00' #17 vertex 3: ground 600197.642077 m, vertex 600199.140197 m, +1498.121 mm above the ground
[RockPrecisionFixDiag]   rock 'Kerbin Zn3010000130' 'Grass00' #17 vertex 4: ground 600197.644800 m, vertex 600197.441465 m, -203.335 mm above the ground
[RockPrecisionFixDiag]   rock 'Kerbin Zn3010000130' 'Grass00' #17 vertex 5: ground 600197.642131 m, vertex 600197.439875 m, -202.256 mm above the ground
[RockPrecisionFixDiag]   rock 'Kerbin Zn3010000130' 'Grass00' #17 vertex 6: ground 600197.644813 m, vertex 600199.141789 m, +1496.976 mm above the ground
[RockPrecisionFixDiag]   rock 'Kerbin Zn3010000130' 'Grass00' #17 vertex 7: ground 600197.642077 m, vertex 600199.140197 m, +1498.121 mm above the ground
[RockPrecisionFixDiag]   rock 'Kerbin Zn3010000130' 'Grass00' #18 vertex 0: ground 600192.529216 m, vertex 600193.322270 m, +793.054 mm above the ground
[RockPrecisionFixDiag]   rock 'Kerbin Zn3010000130' 'Grass00' #18 vertex 1: ground 600192.470658 m, vertex 600193.322727 m, +852.070 mm above the ground
[RockPrecisionFixDiag]   rock 'Kerbin Zn3010000130' 'Grass00' #18 vertex 2: ground 600192.529300 m, vertex 600194.812973 m, +2283.673 mm above the ground
[RockPrecisionFixDiag]   rock 'Kerbin Zn3010000130' 'Grass00' #18 vertex 3: ground 600192.470724 m, vertex 600194.813433 m, +2342.709 mm above the ground
[RockPrecisionFixDiag]   rock 'Kerbin Zn3010000130' 'Grass00' #18 vertex 4: ground 600192.529216 m, vertex 600193.322270 m, +793.054 mm above the ground
[RockPrecisionFixDiag]   rock 'Kerbin Zn3010000130' 'Grass00' #18 vertex 5: ground 600192.470658 m, vertex 600193.322727 m, +852.070 mm above the ground
[RockPrecisionFixDiag]   rock 'Kerbin Zn3010000130' 'Grass00' #18 vertex 6: ground 600192.529300 m, vertex 600194.812973 m, +2283.673 mm above the ground
[RockPrecisionFixDiag]   rock 'Kerbin Zn3010000130' 'Grass00' #18 vertex 7: ground 600192.470724 m, vertex 600194.813433 m, +2342.709 mm above the ground
[RockPrecisionFixDiag]   rock 'Kerbin Zn3010000130' 'Grass00' #19 vertex 0: ground 600205.370457 m, vertex 600204.879219 m, -491.238 mm above the ground
[RockPrecisionFixDiag]   rock 'Kerbin Zn3010000130' 'Grass00' #19 vertex 1: ground 600205.282068 m, vertex 600204.879689 m, -402.379 mm above the ground
[RockPrecisionFixDiag]   rock 'Kerbin Zn3010000130' 'Grass00' #19 vertex 2: ground 600205.370537 m, vertex 600206.191360 m, +820.823 mm above the ground
[RockPrecisionFixDiag]   rock 'Kerbin Zn3010000130' 'Grass00' #19 vertex 3: ground 600205.282141 m, vertex 600206.191831 m, +909.691 mm above the ground
[RockPrecisionFixDiag]   rock 'Kerbin Zn3010000130' 'Grass00' #19 vertex 4: ground 600205.370457 m, vertex 600204.879219 m, -491.238 mm above the ground
[RockPrecisionFixDiag]   rock 'Kerbin Zn3010000130' 'Grass00' #19 vertex 5: ground 600205.282068 m, vertex 600204.879689 m, -402.379 mm above the ground
[RockPrecisionFixDiag]   rock 'Kerbin Zn3010000130' 'Grass00' #19 vertex 6: ground 600205.370537 m, vertex 600206.191360 m, +820.823 mm above the ground
[RockPrecisionFixDiag]   rock 'Kerbin Zn3010000130' 'Grass00' #19 vertex 7: ground 600205.282141 m, vertex 600206.191831 m, +909.691 mm above the ground
[RockPrecisionFixDiag]   rock 'Kerbin Zn3010000130' 'Grass00' #20 vertex 0: ground 600201.988259 m, vertex 600201.783991 m, -204.268 mm above the ground
[RockPrecisionFixDiag]   rock 'Kerbin Zn3010000130' 'Grass00' #20 vertex 1: ground 600202.006011 m, vertex 600201.784866 m, -221.144 mm above the ground
[RockPrecisionFixDiag]   rock 'Kerbin Zn3010000130' 'Grass00' #20 vertex 2: ground 600201.988268 m, vertex 600202.873762 m, +885.494 mm above the ground
[RockPrecisionFixDiag]   rock 'Kerbin Zn3010000130' 'Grass00' #20 vertex 3: ground 600202.006007 m, vertex 600202.874637 m, +868.630 mm above the ground
[RockPrecisionFixDiag]   rock 'Kerbin Zn3010000130' 'Grass00' #20 vertex 4: ground 600201.988259 m, vertex 600201.783991 m, -204.268 mm above the ground
[RockPrecisionFixDiag]   rock 'Kerbin Zn3010000130' 'Grass00' #20 vertex 5: ground 600202.006011 m, vertex 600201.784866 m, -221.144 mm above the ground
[RockPrecisionFixDiag]   rock 'Kerbin Zn3010000130' 'Grass00' #20 vertex 6: ground 600201.988268 m, vertex 600202.873762 m, +885.494 mm above the ground
[RockPrecisionFixDiag]   rock 'Kerbin Zn3010000130' 'Grass00' #20 vertex 7: ground 600202.006007 m, vertex 600202.874637 m, +868.630 mm above the ground
[RockPrecisionFixDiag]   rock 'Kerbin Zn3010000130' 'Grass00' #21 vertex 0: ground 600192.862492 m, vertex 600193.451281 m, +588.790 mm above the ground
[RockPrecisionFixDiag]   rock 'Kerbin Zn3010000130' 'Grass00' #21 vertex 1: ground 600192.853392 m, vertex 600193.451562 m, +598.170 mm above the ground
[RockPrecisionFixDiag]   rock 'Kerbin Zn3010000130' 'Grass00' #21 vertex 2: ground 600192.862519 m, vertex 600194.900189 m, +2037.671 mm above the ground
[RockPrecisionFixDiag]   rock 'Kerbin Zn3010000130' 'Grass00' #21 vertex 3: ground 600192.853413 m, vertex 600194.900470 m, +2047.057 mm above the ground
[RockPrecisionFixDiag]   rock 'Kerbin Zn3010000130' 'Grass00' #21 vertex 4: ground 600192.862492 m, vertex 600193.451281 m, +588.790 mm above the ground
[RockPrecisionFixDiag]   rock 'Kerbin Zn3010000130' 'Grass00' #21 vertex 5: ground 600192.853392 m, vertex 600193.451562 m, +598.170 mm above the ground
[RockPrecisionFixDiag]   rock 'Kerbin Zn3010000130' 'Grass00' #21 vertex 6: ground 600192.862519 m, vertex 600194.900189 m, +2037.671 mm above the ground
[RockPrecisionFixDiag]   rock 'Kerbin Zn3010000130' 'Grass00' #21 vertex 7: ground 600192.853413 m, vertex 600194.900470 m, +2047.057 mm above the ground
[RockPrecisionFixDiag]   rock 'Kerbin Zn3010000130' 'Grass00' #22 vertex 0: ground 600191.770517 m, vertex 600191.566986 m, -203.530 mm above the ground
[RockPrecisionFixDiag]   rock 'Kerbin Zn3010000130' 'Grass00' #22 vertex 1: ground 600191.819007 m, vertex 600191.566282 m, -252.725 mm above the ground
[RockPrecisionFixDiag]   rock 'Kerbin Zn3010000130' 'Grass00' #22 vertex 2: ground 600191.770539 m, vertex 600192.975388 m, +1204.848 mm above the ground
[RockPrecisionFixDiag]   rock 'Kerbin Zn3010000130' 'Grass00' #22 vertex 3: ground 600191.819042 m, vertex 600192.974694 m, +1155.652 mm above the ground
[RockPrecisionFixDiag]   rock 'Kerbin Zn3010000130' 'Grass00' #22 vertex 4: ground 600191.770517 m, vertex 600191.566986 m, -203.530 mm above the ground
[RockPrecisionFixDiag]   rock 'Kerbin Zn3010000130' 'Grass00' #22 vertex 5: ground 600191.819007 m, vertex 600191.566282 m, -252.725 mm above the ground
[RockPrecisionFixDiag]   rock 'Kerbin Zn3010000130' 'Grass00' #22 vertex 6: ground 600191.770539 m, vertex 600192.975388 m, +1204.848 mm above the ground
[RockPrecisionFixDiag]   rock 'Kerbin Zn3010000130' 'Grass00' #22 vertex 7: ground 600191.819042 m, vertex 600192.974694 m, +1155.652 mm above the ground
[RockPrecisionFixDiag]   rock 'Kerbin Zn3010000130' 'Grass00' #23 vertex 0: ground 600188.605476 m, vertex 600189.929871 m, +1324.396 mm above the ground
[RockPrecisionFixDiag]   rock 'Kerbin Zn3010000130' 'Grass00' #23 vertex 1: ground 600188.567690 m, vertex 600189.929374 m, +1361.684 mm above the ground
[RockPrecisionFixDiag]   rock 'Kerbin Zn3010000130' 'Grass00' #23 vertex 2: ground 600188.605456 m, vertex 600191.036908 m, +2431.452 mm above the ground
[RockPrecisionFixDiag]   rock 'Kerbin Zn3010000130' 'Grass00' #23 vertex 3: ground 600188.567663 m, vertex 600191.036401 m, +2468.738 mm above the ground
[RockPrecisionFixDiag]   rock 'Kerbin Zn3010000130' 'Grass00' #23 vertex 4: ground 600188.605476 m, vertex 600189.929871 m, +1324.396 mm above the ground
[RockPrecisionFixDiag]   rock 'Kerbin Zn3010000130' 'Grass00' #23 vertex 5: ground 600188.567690 m, vertex 600189.929374 m, +1361.684 mm above the ground
[RockPrecisionFixDiag]   rock 'Kerbin Zn3010000130' 'Grass00' #23 vertex 6: ground 600188.605456 m, vertex 600191.036908 m, +2431.452 mm above the ground
[RockPrecisionFixDiag]   rock 'Kerbin Zn3010000130' 'Grass00' #23 vertex 7: ground 600188.567663 m, vertex 600191.036401 m, +2468.738 mm above the ground
[RockPrecisionFixDiag]   rock 'Kerbin Zn3010000130' 'Grass00' #24 vertex 0: ground 600198.840096 m, vertex 600198.399239 m, -440.857 mm above the ground
[RockPrecisionFixDiag]   rock 'Kerbin Zn3010000130' 'Grass00' #24 vertex 1: ground 600198.858895 m, vertex 600198.399099 m, -459.796 mm above the ground
[RockPrecisionFixDiag]   rock 'Kerbin Zn3010000130' 'Grass00' #24 vertex 2: ground 600198.840087 m, vertex 600199.570026 m, +729.939 mm above the ground
[RockPrecisionFixDiag]   rock 'Kerbin Zn3010000130' 'Grass00' #24 vertex 3: ground 600198.858877 m, vertex 600199.569877 m, +711.000 mm above the ground
[RockPrecisionFixDiag]   rock 'Kerbin Zn3010000130' 'Grass00' #24 vertex 4: ground 600198.840096 m, vertex 600198.399239 m, -440.857 mm above the ground
[RockPrecisionFixDiag]   rock 'Kerbin Zn3010000130' 'Grass00' #24 vertex 5: ground 600198.858895 m, vertex 600198.399099 m, -459.796 mm above the ground
[RockPrecisionFixDiag]   rock 'Kerbin Zn3010000130' 'Grass00' #24 vertex 6: ground 600198.840087 m, vertex 600199.570026 m, +729.939 mm above the ground
[RockPrecisionFixDiag]   rock 'Kerbin Zn3010000130' 'Grass00' #24 vertex 7: ground 600198.858877 m, vertex 600199.569877 m, +711.000 mm above the ground
[RockPrecisionFixDiag]   rock 'Kerbin Zn3010000130' 'Grass00' #25 vertex 0: ground 600199.716264 m, vertex 600199.513903 m, -202.361 mm above the ground
[RockPrecisionFixDiag]   rock 'Kerbin Zn3010000130' 'Grass00' #25 vertex 1: ground 600199.727719 m, vertex 600199.513073 m, -214.646 mm above the ground
[RockPrecisionFixDiag]   rock 'Kerbin Zn3010000130' 'Grass00' #25 vertex 2: ground 600199.716279 m, vertex 600200.675368 m, +959.089 mm above the ground
[RockPrecisionFixDiag]   rock 'Kerbin Zn3010000130' 'Grass00' #25 vertex 3: ground 600199.727726 m, vertex 600200.674554 m, +946.827 mm above the ground
[RockPrecisionFixDiag]   rock 'Kerbin Zn3010000130' 'Grass00' #25 vertex 4: ground 600199.716264 m, vertex 600199.513903 m, -202.361 mm above the ground
[RockPrecisionFixDiag]   rock 'Kerbin Zn3010000130' 'Grass00' #25 vertex 5: ground 600199.727719 m, vertex 600199.513073 m, -214.646 mm above the ground
[RockPrecisionFixDiag]   rock 'Kerbin Zn3010000130' 'Grass00' #25 vertex 6: ground 600199.716279 m, vertex 600200.675368 m, +959.089 mm above the ground
[RockPrecisionFixDiag]   rock 'Kerbin Zn3010000130' 'Grass00' #25 vertex 7: ground 600199.727726 m, vertex 600200.674554 m, +946.827 mm above the ground
[RockPrecisionFixDiag]   rock 'Kerbin Zn3010000130' 'Grass00' #26 vertex 0: ground 600189.773116 m, vertex 600189.571979 m, -201.137 mm above the ground
[RockPrecisionFixDiag]   rock 'Kerbin Zn3010000130' 'Grass00' #26 vertex 1: ground 600189.787051 m, vertex 600189.572334 m, -214.717 mm above the ground
[RockPrecisionFixDiag]   rock 'Kerbin Zn3010000130' 'Grass00' #26 vertex 2: ground 600189.773120 m, vertex 600191.459790 m, +1686.670 mm above the ground
[RockPrecisionFixDiag]   rock 'Kerbin Zn3010000130' 'Grass00' #26 vertex 3: ground 600189.787039 m, vertex 600191.460149 m, +1673.110 mm above the ground
[RockPrecisionFixDiag]   rock 'Kerbin Zn3010000130' 'Grass00' #26 vertex 4: ground 600189.773116 m, vertex 600189.571979 m, -201.137 mm above the ground
[RockPrecisionFixDiag]   rock 'Kerbin Zn3010000130' 'Grass00' #26 vertex 5: ground 600189.787051 m, vertex 600189.572334 m, -214.717 mm above the ground
[RockPrecisionFixDiag]   rock 'Kerbin Zn3010000130' 'Grass00' #26 vertex 6: ground 600189.773120 m, vertex 600191.459790 m, +1686.670 mm above the ground
[RockPrecisionFixDiag]   rock 'Kerbin Zn3010000130' 'Grass00' #26 vertex 7: ground 600189.787039 m, vertex 600191.460149 m, +1673.110 mm above the ground
[RockPrecisionFixDiag]   rock 'Kerbin Zn3010000130' 'Grass00' #27 vertex 0: ground 600199.887853 m, vertex 600199.683632 m, -204.221 mm above the ground
[RockPrecisionFixDiag]   rock 'Kerbin Zn3010000130' 'Grass00' #27 vertex 1: ground 600199.970764 m, vertex 600199.682963 m, -287.801 mm above the ground
[RockPrecisionFixDiag]   rock 'Kerbin Zn3010000130' 'Grass00' #27 vertex 2: ground 600199.887887 m, vertex 600201.496774 m, +1608.887 mm above the ground
[RockPrecisionFixDiag]   rock 'Kerbin Zn3010000130' 'Grass00' #27 vertex 3: ground 600199.970816 m, vertex 600201.496095 m, +1525.280 mm above the ground
[RockPrecisionFixDiag]   rock 'Kerbin Zn3010000130' 'Grass00' #27 vertex 4: ground 600199.887853 m, vertex 600199.683632 m, -204.221 mm above the ground
[RockPrecisionFixDiag]   rock 'Kerbin Zn3010000130' 'Grass00' #27 vertex 5: ground 600199.970764 m, vertex 600199.682963 m, -287.801 mm above the ground
[RockPrecisionFixDiag]   rock 'Kerbin Zn3010000130' 'Grass00' #27 vertex 6: ground 600199.887887 m, vertex 600201.496774 m, +1608.887 mm above the ground
[RockPrecisionFixDiag]   rock 'Kerbin Zn3010000130' 'Grass00' #27 vertex 7: ground 600199.970816 m, vertex 600201.496095 m, +1525.280 mm above the ground
[RockPrecisionFixDiag]   rock 'Kerbin Zn3010000130' 'Grass00' #28 vertex 0: ground 600199.439795 m, vertex 600199.238567 m, -201.228 mm above the ground
[RockPrecisionFixDiag]   rock 'Kerbin Zn3010000130' 'Grass00' #28 vertex 1: ground 600199.492752 m, vertex 600199.238681 m, -254.071 mm above the ground
[RockPrecisionFixDiag]   rock 'Kerbin Zn3010000130' 'Grass00' #28 vertex 2: ground 600199.439850 m, vertex 600201.129856 m, +1690.006 mm above the ground
[RockPrecisionFixDiag]   rock 'Kerbin Zn3010000130' 'Grass00' #28 vertex 3: ground 600199.492810 m, vertex 600201.129969 m, +1637.159 mm above the ground
[RockPrecisionFixDiag]   rock 'Kerbin Zn3010000130' 'Grass00' #28 vertex 4: ground 600199.439795 m, vertex 600199.238567 m, -201.228 mm above the ground
[RockPrecisionFixDiag]   rock 'Kerbin Zn3010000130' 'Grass00' #28 vertex 5: ground 600199.492752 m, vertex 600199.238681 m, -254.071 mm above the ground
[RockPrecisionFixDiag]   rock 'Kerbin Zn3010000130' 'Grass00' #28 vertex 6: ground 600199.439850 m, vertex 600201.129856 m, +1690.006 mm above the ground
[RockPrecisionFixDiag]   rock 'Kerbin Zn3010000130' 'Grass00' #28 vertex 7: ground 600199.492810 m, vertex 600201.129969 m, +1637.159 mm above the ground
[RockPrecisionFixDiag]   rock 'Kerbin Zn3010000130' 'Grass00' #29 vertex 0: ground 600192.486589 m, vertex 600192.285542 m, -201.046 mm above the ground
[RockPrecisionFixDiag]   rock 'Kerbin Zn3010000130' 'Grass00' #29 vertex 1: ground 600192.445383 m, vertex 600192.285816 m, -159.566 mm above the ground
[RockPrecisionFixDiag]   rock 'Kerbin Zn3010000130' 'Grass00' #29 vertex 2: ground 600192.486625 m, vertex 600193.806847 m, +1320.222 mm above the ground
[RockPrecisionFixDiag]   rock 'Kerbin Zn3010000130' 'Grass00' #29 vertex 3: ground 600192.445395 m, vertex 600193.807122 m, +1361.726 mm above the ground
[RockPrecisionFixDiag]   rock 'Kerbin Zn3010000130' 'Grass00' #29 vertex 4: ground 600192.486589 m, vertex 600192.285542 m, -201.046 mm above the ground
[RockPrecisionFixDiag]   rock 'Kerbin Zn3010000130' 'Grass00' #29 vertex 5: ground 600192.445383 m, vertex 600192.285816 m, -159.566 mm above the ground
[RockPrecisionFixDiag]   rock 'Kerbin Zn3010000130' 'Grass00' #29 vertex 6: ground 600192.486625 m, vertex 600193.806847 m, +1320.222 mm above the ground
[RockPrecisionFixDiag]   rock 'Kerbin Zn3010000130' 'Grass00' #29 vertex 7: ground 600192.445395 m, vertex 600193.807122 m, +1361.726 mm above the ground
[RockPrecisionFixDiag]   rock 'Kerbin Zn3010000130' 'Grass00' #30 vertex 0: ground 600191.380805 m, vertex 600191.177055 m, -203.750 mm above the ground
[RockPrecisionFixDiag]   rock 'Kerbin Zn3010000130' 'Grass00' #30 vertex 1: ground 600191.347320 m, vertex 600191.177379 m, -169.941 mm above the ground
[RockPrecisionFixDiag]   rock 'Kerbin Zn3010000130' 'Grass00' #30 vertex 2: ground 600191.380844 m, vertex 600192.406171 m, +1025.327 mm above the ground
[RockPrecisionFixDiag]   rock 'Kerbin Zn3010000130' 'Grass00' #30 vertex 3: ground 600191.347351 m, vertex 600192.406506 m, +1059.155 mm above the ground
[RockPrecisionFixDiag]   rock 'Kerbin Zn3010000130' 'Grass00' #30 vertex 4: ground 600191.380805 m, vertex 600191.177055 m, -203.750 mm above the ground
[RockPrecisionFixDiag]   rock 'Kerbin Zn3010000130' 'Grass00' #30 vertex 5: ground 600191.347320 m, vertex 600191.177379 m, -169.941 mm above the ground
[RockPrecisionFixDiag]   rock 'Kerbin Zn3010000130' 'Grass00' #30 vertex 6: ground 600191.380844 m, vertex 600192.406171 m, +1025.327 mm above the ground
[RockPrecisionFixDiag]   rock 'Kerbin Zn3010000130' 'Grass00' #30 vertex 7: ground 600191.347351 m, vertex 600192.406506 m, +1059.155 mm above the ground
[RockPrecisionFixDiag]   rock 'Kerbin Zn3010000130' 'Grass00' #31 vertex 0: ground 600201.000591 m, vertex 600200.796472 m, -204.119 mm above the ground
[RockPrecisionFixDiag]   rock 'Kerbin Zn3010000130' 'Grass00' #31 vertex 1: ground 600201.075878 m, vertex 600200.795709 m, -280.169 mm above the ground
[RockPrecisionFixDiag]   rock 'Kerbin Zn3010000130' 'Grass00' #31 vertex 2: ground 600201.000630 m, vertex 600202.552686 m, +1552.056 mm above the ground
[RockPrecisionFixDiag]   rock 'Kerbin Zn3010000130' 'Grass00' #31 vertex 3: ground 600201.075941 m, vertex 600202.551924 m, +1475.983 mm above the ground
[RockPrecisionFixDiag]   rock 'Kerbin Zn3010000130' 'Grass00' #31 vertex 4: ground 600201.000591 m, vertex 600200.796472 m, -204.119 mm above the ground
[RockPrecisionFixDiag]   rock 'Kerbin Zn3010000130' 'Grass00' #31 vertex 5: ground 600201.075878 m, vertex 600200.795709 m, -280.169 mm above the ground
[RockPrecisionFixDiag]   rock 'Kerbin Zn3010000130' 'Grass00' #31 vertex 6: ground 600201.000630 m, vertex 600202.552686 m, +1552.056 mm above the ground
[RockPrecisionFixDiag]   rock 'Kerbin Zn3010000130' 'Grass00' #31 vertex 7: ground 600201.075941 m, vertex 600202.551924 m, +1475.983 mm above the ground
[RockPrecisionFixDiag]   rock 'Kerbin Zn3010000130' 'Grass00' #32 vertex 0: ground 600193.781321 m, vertex 600193.576462 m, -204.859 mm above the ground
[RockPrecisionFixDiag]   rock 'Kerbin Zn3010000130' 'Grass00' #32 vertex 1: ground 600193.825046 m, vertex 600193.575197 m, -249.849 mm above the ground
[RockPrecisionFixDiag]   rock 'Kerbin Zn3010000130' 'Grass00' #32 vertex 2: ground 600193.781426 m, vertex 600195.242658 m, +1461.232 mm above the ground
[RockPrecisionFixDiag]   rock 'Kerbin Zn3010000130' 'Grass00' #32 vertex 3: ground 600193.825155 m, vertex 600195.241413 m, +1416.257 mm above the ground
[RockPrecisionFixDiag]   rock 'Kerbin Zn3010000130' 'Grass00' #32 vertex 4: ground 600193.781321 m, vertex 600193.576462 m, -204.859 mm above the ground
[RockPrecisionFixDiag]   rock 'Kerbin Zn3010000130' 'Grass00' #32 vertex 5: ground 600193.825046 m, vertex 600193.575197 m, -249.849 mm above the ground
[RockPrecisionFixDiag]   rock 'Kerbin Zn3010000130' 'Grass00' #32 vertex 6: ground 600193.781426 m, vertex 600195.242658 m, +1461.232 mm above the ground
[RockPrecisionFixDiag]   rock 'Kerbin Zn3010000130' 'Grass00' #32 vertex 7: ground 600193.825155 m, vertex 600195.241413 m, +1416.257 mm above the ground
[RockPrecisionFixDiag]   rock 'Kerbin Zn3010000130' 'Grass00' #33 vertex 0: ground 600195.795047 m, vertex 600195.591822 m, -203.226 mm above the ground
[RockPrecisionFixDiag]   rock 'Kerbin Zn3010000130' 'Grass00' #33 vertex 1: ground 600195.777439 m, vertex 600195.590293 m, -187.146 mm above the ground
[RockPrecisionFixDiag]   rock 'Kerbin Zn3010000130' 'Grass00' #33 vertex 2: ground 600195.795032 m, vertex 600197.542260 m, +1747.228 mm above the ground
[RockPrecisionFixDiag]   rock 'Kerbin Zn3010000130' 'Grass00' #33 vertex 3: ground 600195.777404 m, vertex 600197.540731 m, +1763.327 mm above the ground
[RockPrecisionFixDiag]   rock 'Kerbin Zn3010000130' 'Grass00' #33 vertex 4: ground 600195.795047 m, vertex 600195.591822 m, -203.226 mm above the ground
[RockPrecisionFixDiag]   rock 'Kerbin Zn3010000130' 'Grass00' #33 vertex 5: ground 600195.777439 m, vertex 600195.590293 m, -187.146 mm above the ground
[RockPrecisionFixDiag]   rock 'Kerbin Zn3010000130' 'Grass00' #33 vertex 6: ground 600195.795032 m, vertex 600197.542260 m, +1747.228 mm above the ground
[RockPrecisionFixDiag]   rock 'Kerbin Zn3010000130' 'Grass00' #33 vertex 7: ground 600195.777404 m, vertex 600197.540731 m, +1763.327 mm above the ground
[RockPrecisionFixDiag]   rock 'Kerbin Zn3010000130' 'Grass00' #34 vertex 0: ground 600192.323758 m, vertex 600192.553958 m, +230.200 mm above the ground
[RockPrecisionFixDiag]   rock 'Kerbin Zn3010000130' 'Grass00' #34 vertex 1: ground 600192.395426 m, vertex 600192.554436 m, +159.010 mm above the ground
[RockPrecisionFixDiag]   rock 'Kerbin Zn3010000130' 'Grass00' #34 vertex 2: ground 600192.323756 m, vertex 600193.721600 m, +1397.844 mm above the ground
[RockPrecisionFixDiag]   rock 'Kerbin Zn3010000130' 'Grass00' #34 vertex 3: ground 600192.395414 m, vertex 600193.722079 m, +1326.665 mm above the ground
[RockPrecisionFixDiag]   rock 'Kerbin Zn3010000130' 'Grass00' #34 vertex 4: ground 600192.323758 m, vertex 600192.553958 m, +230.200 mm above the ground
[RockPrecisionFixDiag]   rock 'Kerbin Zn3010000130' 'Grass00' #34 vertex 5: ground 600192.395426 m, vertex 600192.554436 m, +159.010 mm above the ground
[RockPrecisionFixDiag]   rock 'Kerbin Zn3010000130' 'Grass00' #34 vertex 6: ground 600192.323756 m, vertex 600193.721600 m, +1397.844 mm above the ground
[RockPrecisionFixDiag]   rock 'Kerbin Zn3010000130' 'Grass00' #34 vertex 7: ground 600192.395414 m, vertex 600193.722079 m, +1326.665 mm above the ground
[RockPrecisionFixDiag]   rock 'Kerbin Zn3010000130' 'Grass00' #35 vertex 0: ground 600191.777701 m, vertex 600191.573670 m, -204.030 mm above the ground
[RockPrecisionFixDiag]   rock 'Kerbin Zn3010000130' 'Grass00' #35 vertex 1: ground 600191.706326 m, vertex 600191.574265 m, -132.061 mm above the ground
[RockPrecisionFixDiag]   rock 'Kerbin Zn3010000130' 'Grass00' #35 vertex 2: ground 600191.777737 m, vertex 600193.161138 m, +1383.401 mm above the ground
[RockPrecisionFixDiag]   rock 'Kerbin Zn3010000130' 'Grass00' #35 vertex 3: ground 600191.706350 m, vertex 600193.161720 m, +1455.370 mm above the ground
[RockPrecisionFixDiag]   rock 'Kerbin Zn3010000130' 'Grass00' #35 vertex 4: ground 600191.777701 m, vertex 600191.573670 m, -204.030 mm above the ground
[RockPrecisionFixDiag]   rock 'Kerbin Zn3010000130' 'Grass00' #35 vertex 5: ground 600191.706326 m, vertex 600191.574265 m, -132.061 mm above the ground
[RockPrecisionFixDiag]   rock 'Kerbin Zn3010000130' 'Grass00' #35 vertex 6: ground 600191.777737 m, vertex 600193.161138 m, +1383.401 mm above the ground
[RockPrecisionFixDiag]   rock 'Kerbin Zn3010000130' 'Grass00' #35 vertex 7: ground 600191.706350 m, vertex 600193.161720 m, +1455.370 mm above the ground
[RockPrecisionFixDiag]   rock 'Kerbin Zn3010000130' 'Grass00' #36 vertex 0: ground 600189.591736 m, vertex 600189.387489 m, -204.247 mm above the ground
[RockPrecisionFixDiag]   rock 'Kerbin Zn3010000130' 'Grass00' #36 vertex 1: ground 600189.635069 m, vertex 600189.387747 m, -247.322 mm above the ground
[RockPrecisionFixDiag]   rock 'Kerbin Zn3010000130' 'Grass00' #36 vertex 2: ground 600189.591739 m, vertex 600190.754886 m, +1163.147 mm above the ground
[RockPrecisionFixDiag]   rock 'Kerbin Zn3010000130' 'Grass00' #36 vertex 3: ground 600189.635075 m, vertex 600190.755144 m, +1120.069 mm above the ground
[RockPrecisionFixDiag]   rock 'Kerbin Zn3010000130' 'Grass00' #36 vertex 4: ground 600189.591736 m, vertex 600189.387489 m, -204.247 mm above the ground
[RockPrecisionFixDiag]   rock 'Kerbin Zn3010000130' 'Grass00' #36 vertex 5: ground 600189.635069 m, vertex 600189.387747 m, -247.322 mm above the ground
[RockPrecisionFixDiag]   rock 'Kerbin Zn3010000130' 'Grass00' #36 vertex 6: ground 600189.591739 m, vertex 600190.754886 m, +1163.147 mm above the ground
[RockPrecisionFixDiag]   rock 'Kerbin Zn3010000130' 'Grass00' #36 vertex 7: ground 600189.635075 m, vertex 600190.755144 m, +1120.069 mm above the ground
[RockPrecisionFixDiag]   rock 'Kerbin Zn3010000130' 'Grass00' #37 vertex 0: ground 600187.701287 m, vertex 600187.500861 m, -200.427 mm above the ground
[RockPrecisionFixDiag]   rock 'Kerbin Zn3010000130' 'Grass00' #37 vertex 1: ground 600187.759735 m, vertex 600187.500923 m, -258.812 mm above the ground
[RockPrecisionFixDiag]   rock 'Kerbin Zn3010000130' 'Grass00' #37 vertex 2: ground 600187.701281 m, vertex 600189.465550 m, +1764.269 mm above the ground
[RockPrecisionFixDiag]   rock 'Kerbin Zn3010000130' 'Grass00' #37 vertex 3: ground 600187.759723 m, vertex 600189.465613 m, +1705.890 mm above the ground
[RockPrecisionFixDiag]   rock 'Kerbin Zn3010000130' 'Grass00' #37 vertex 4: ground 600187.701287 m, vertex 600187.500861 m, -200.427 mm above the ground
[RockPrecisionFixDiag]   rock 'Kerbin Zn3010000130' 'Grass00' #37 vertex 5: ground 600187.759735 m, vertex 600187.500923 m, -258.812 mm above the ground
[RockPrecisionFixDiag]   rock 'Kerbin Zn3010000130' 'Grass00' #37 vertex 6: ground 600187.701281 m, vertex 600189.465550 m, +1764.269 mm above the ground
[RockPrecisionFixDiag]   rock 'Kerbin Zn3010000130' 'Grass00' #37 vertex 7: ground 600187.759723 m, vertex 600189.465613 m, +1705.890 mm above the ground
[RockPrecisionFixDiag]   rock 'Kerbin Zn3010000130' 'Grass00' #38 vertex 0: ground 600203.543016 m, vertex 600203.341042 m, -201.974 mm above the ground
[RockPrecisionFixDiag]   rock 'Kerbin Zn3010000130' 'Grass00' #38 vertex 1: ground 600203.486669 m, vertex 600203.339778 m, -146.891 mm above the ground
[RockPrecisionFixDiag]   rock 'Kerbin Zn3010000130' 'Grass00' #38 vertex 2: ground 600203.542915 m, vertex 600205.223412 m, +1680.497 mm above the ground
[RockPrecisionFixDiag]   rock 'Kerbin Zn3010000130' 'Grass00' #38 vertex 3: ground 600203.486584 m, vertex 600205.222128 m, +1735.544 mm above the ground
[RockPrecisionFixDiag]   rock 'Kerbin Zn3010000130' 'Grass00' #38 vertex 4: ground 600203.543016 m, vertex 600203.341042 m, -201.974 mm above the ground
[RockPrecisionFixDiag]   rock 'Kerbin Zn3010000130' 'Grass00' #38 vertex 5: ground 600203.486669 m, vertex 600203.339778 m, -146.891 mm above the ground
[RockPrecisionFixDiag]   rock 'Kerbin Zn3010000130' 'Grass00' #38 vertex 6: ground 600203.542915 m, vertex 600205.223412 m, +1680.497 mm above the ground
[RockPrecisionFixDiag]   rock 'Kerbin Zn3010000130' 'Grass00' #38 vertex 7: ground 600203.486584 m, vertex 600205.222128 m, +1735.544 mm above the ground
[RockPrecisionFixDiag]   rock 'Kerbin Zn3010000130' 'Grass00' #39 vertex 0: ground 600197.359107 m, vertex 600196.672481 m, -686.626 mm above the ground
[RockPrecisionFixDiag]   rock 'Kerbin Zn3010000130' 'Grass00' #39 vertex 1: ground 600197.251716 m, vertex 600196.672587 m, -579.129 mm above the ground
[RockPrecisionFixDiag]   rock 'Kerbin Zn3010000130' 'Grass00' #39 vertex 2: ground 600197.359152 m, vertex 600198.440694 m, +1081.542 mm above the ground
[RockPrecisionFixDiag]   rock 'Kerbin Zn3010000130' 'Grass00' #39 vertex 3: ground 600197.251764 m, vertex 600198.440806 m, +1189.041 mm above the ground
[RockPrecisionFixDiag]   rock 'Kerbin Zn3010000130' 'Grass00' #39 vertex 4: ground 600197.359107 m, vertex 600196.672481 m, -686.626 mm above the ground
[RockPrecisionFixDiag]   rock 'Kerbin Zn3010000130' 'Grass00' #39 vertex 5: ground 600197.251716 m, vertex 600196.672587 m, -579.129 mm above the ground
[RockPrecisionFixDiag]   rock 'Kerbin Zn3010000130' 'Grass00' #39 vertex 6: ground 600197.359152 m, vertex 600198.440694 m, +1081.542 mm above the ground
[RockPrecisionFixDiag]   rock 'Kerbin Zn3010000130' 'Grass00' #39 vertex 7: ground 600197.251764 m, vertex 600198.440806 m, +1189.041 mm above the ground
[RockPrecisionFixDiag]   rock 'Kerbin Zn3010000130' 'Grass00' #40 vertex 0: ground 600194.914047 m, vertex 600194.770128 m, -143.919 mm above the ground
[RockPrecisionFixDiag]   rock 'Kerbin Zn3010000130' 'Grass00' #40 vertex 1: ground 600194.828405 m, vertex 600194.771227 m, -57.178 mm above the ground
[RockPrecisionFixDiag]   rock 'Kerbin Zn3010000130' 'Grass00' #40 vertex 2: ground 600194.914127 m, vertex 600196.041247 m, +1127.120 mm above the ground
[RockPrecisionFixDiag]   rock 'Kerbin Zn3010000130' 'Grass00' #40 vertex 3: ground 600194.828481 m, vertex 600196.042327 m, +1213.845 mm above the ground
[RockPrecisionFixDiag]   rock 'Kerbin Zn3010000130' 'Grass00' #40 vertex 4: ground 600194.914047 m, vertex 600194.770128 m, -143.919 mm above the ground
[RockPrecisionFixDiag]   rock 'Kerbin Zn3010000130' 'Grass00' #40 vertex 5: ground 600194.828405 m, vertex 600194.771227 m, -57.178 mm above the ground
[RockPrecisionFixDiag]   rock 'Kerbin Zn3010000130' 'Grass00' #40 vertex 6: ground 600194.914127 m, vertex 600196.041247 m, +1127.120 mm above the ground
[RockPrecisionFixDiag]   rock 'Kerbin Zn3010000130' 'Grass00' #40 vertex 7: ground 600194.828481 m, vertex 600196.042327 m, +1213.845 mm above the ground
[RockPrecisionFixDiag]   rock 'Kerbin Zn3010000130' 'Grass00' #41 vertex 0: ground 600194.816605 m, vertex 600194.615194 m, -201.411 mm above the ground
[RockPrecisionFixDiag]   rock 'Kerbin Zn3010000130' 'Grass00' #41 vertex 1: ground 600194.755589 m, vertex 600194.615478 m, -140.111 mm above the ground
[RockPrecisionFixDiag]   rock 'Kerbin Zn3010000130' 'Grass00' #41 vertex 2: ground 600194.816638 m, vertex 600195.985128 m, +1168.490 mm above the ground
[RockPrecisionFixDiag]   rock 'Kerbin Zn3010000130' 'Grass00' #41 vertex 3: ground 600194.755611 m, vertex 600195.985397 m, +1229.786 mm above the ground
[RockPrecisionFixDiag]   rock 'Kerbin Zn3010000130' 'Grass00' #41 vertex 4: ground 600194.816605 m, vertex 600194.615194 m, -201.411 mm above the ground
[RockPrecisionFixDiag]   rock 'Kerbin Zn3010000130' 'Grass00' #41 vertex 5: ground 600194.755589 m, vertex 600194.615478 m, -140.111 mm above the ground
[RockPrecisionFixDiag]   rock 'Kerbin Zn3010000130' 'Grass00' #41 vertex 6: ground 600194.816638 m, vertex 600195.985128 m, +1168.490 mm above the ground
[RockPrecisionFixDiag]   rock 'Kerbin Zn3010000130' 'Grass00' #41 vertex 7: ground 600194.755611 m, vertex 600195.985397 m, +1229.786 mm above the ground
[RockPrecisionFixDiag]   rock 'Kerbin Zn3010000130' 'Grass00' #42 vertex 0: ground 600201.318723 m, vertex 600201.117660 m, -201.063 mm above the ground
[RockPrecisionFixDiag]   rock 'Kerbin Zn3010000130' 'Grass00' #42 vertex 1: ground 600201.401431 m, vertex 600201.116542 m, -284.889 mm above the ground
[RockPrecisionFixDiag]   rock 'Kerbin Zn3010000130' 'Grass00' #42 vertex 2: ground 600201.318753 m, vertex 600202.985434 m, +1666.682 mm above the ground
[RockPrecisionFixDiag]   rock 'Kerbin Zn3010000130' 'Grass00' #42 vertex 3: ground 600201.401460 m, vertex 600202.984312 m, +1582.852 mm above the ground
[RockPrecisionFixDiag]   rock 'Kerbin Zn3010000130' 'Grass00' #42 vertex 4: ground 600201.318723 m, vertex 600201.117660 m, -201.063 mm above the ground
[RockPrecisionFixDiag]   rock 'Kerbin Zn3010000130' 'Grass00' #42 vertex 5: ground 600201.401431 m, vertex 600201.116542 m, -284.889 mm above the ground
[RockPrecisionFixDiag]   rock 'Kerbin Zn3010000130' 'Grass00' #42 vertex 6: ground 600201.318753 m, vertex 600202.985434 m, +1666.682 mm above the ground
[RockPrecisionFixDiag]   rock 'Kerbin Zn3010000130' 'Grass00' #42 vertex 7: ground 600201.401460 m, vertex 600202.984312 m, +1582.852 mm above the ground
[RockPrecisionFixDiag]   rock 'Kerbin Zn3010000130' 'Grass00' #43 vertex 0: ground 600198.571297 m, vertex 600198.370528 m, -200.769 mm above the ground
[RockPrecisionFixDiag]   rock 'Kerbin Zn3010000130' 'Grass00' #43 vertex 1: ground 600198.513993 m, vertex 600198.371145 m, -142.848 mm above the ground
[RockPrecisionFixDiag]   rock 'Kerbin Zn3010000130' 'Grass00' #43 vertex 2: ground 600198.571278 m, vertex 600200.016468 m, +1445.189 mm above the ground
[RockPrecisionFixDiag]   rock 'Kerbin Zn3010000130' 'Grass00' #43 vertex 3: ground 600198.513983 m, vertex 600200.017090 m, +1503.107 mm above the ground
[RockPrecisionFixDiag]   rock 'Kerbin Zn3010000130' 'Grass00' #43 vertex 4: ground 600198.571297 m, vertex 600198.370528 m, -200.769 mm above the ground
[RockPrecisionFixDiag]   rock 'Kerbin Zn3010000130' 'Grass00' #43 vertex 5: ground 600198.513993 m, vertex 600198.371145 m, -142.848 mm above the ground
[RockPrecisionFixDiag]   rock 'Kerbin Zn3010000130' 'Grass00' #43 vertex 6: ground 600198.571278 m, vertex 600200.016468 m, +1445.189 mm above the ground
[RockPrecisionFixDiag]   rock 'Kerbin Zn3010000130' 'Grass00' #43 vertex 7: ground 600198.513983 m, vertex 600200.017090 m, +1503.107 mm above the ground
[RockPrecisionFixDiag]   rock 'Kerbin Zn3010000130' 'Grass00' #44 vertex 0: ground 600214.746766 m, vertex 600214.547439 m, -199.327 mm above the ground
[RockPrecisionFixDiag]   rock 'Kerbin Zn3010000130' 'Grass00' #44 vertex 1: ground 600214.749210 m, vertex 600214.548359 m, -200.851 mm above the ground
[RockPrecisionFixDiag]   rock 'Kerbin Zn3010000130' 'Grass00' #44 vertex 2: ground 600214.746837 m, vertex 600216.174961 m, +1428.124 mm above the ground
[RockPrecisionFixDiag]   rock 'Kerbin Zn3010000130' 'Grass00' #44 vertex 3: ground 600214.749283 m, vertex 600216.175875 m, +1426.592 mm above the ground
[RockPrecisionFixDiag]   rock 'Kerbin Zn3010000130' 'Grass00' #44 vertex 4: ground 600214.746766 m, vertex 600214.547439 m, -199.327 mm above the ground
[RockPrecisionFixDiag]   rock 'Kerbin Zn3010000130' 'Grass00' #44 vertex 5: ground 600214.749210 m, vertex 600214.548359 m, -200.851 mm above the ground
[RockPrecisionFixDiag]   rock 'Kerbin Zn3010000130' 'Grass00' #44 vertex 6: ground 600214.746837 m, vertex 600216.174961 m, +1428.124 mm above the ground
[RockPrecisionFixDiag]   rock 'Kerbin Zn3010000130' 'Grass00' #44 vertex 7: ground 600214.749283 m, vertex 600216.175875 m, +1426.592 mm above the ground
[RockPrecisionFixDiag]   rock 'Kerbin Zn3010000130' 'Grass00' #45 vertex 0: ground 600201.696600 m, vertex 600201.492180 m, -204.420 mm above the ground
[RockPrecisionFixDiag]   rock 'Kerbin Zn3010000130' 'Grass00' #45 vertex 1: ground 600201.737550 m, vertex 600201.490785 m, -246.765 mm above the ground
[RockPrecisionFixDiag]   rock 'Kerbin Zn3010000130' 'Grass00' #45 vertex 2: ground 600201.696686 m, vertex 600203.452950 m, +1756.264 mm above the ground
[RockPrecisionFixDiag]   rock 'Kerbin Zn3010000130' 'Grass00' #45 vertex 3: ground 600201.737675 m, vertex 600203.451559 m, +1713.884 mm above the ground
[RockPrecisionFixDiag]   rock 'Kerbin Zn3010000130' 'Grass00' #45 vertex 4: ground 600201.696600 m, vertex 600201.492180 m, -204.420 mm above the ground
[RockPrecisionFixDiag]   rock 'Kerbin Zn3010000130' 'Grass00' #45 vertex 5: ground 600201.737550 m, vertex 600201.490785 m, -246.765 mm above the ground
[RockPrecisionFixDiag]   rock 'Kerbin Zn3010000130' 'Grass00' #45 vertex 6: ground 600201.696686 m, vertex 600203.452950 m, +1756.264 mm above the ground
[RockPrecisionFixDiag]   rock 'Kerbin Zn3010000130' 'Grass00' #45 vertex 7: ground 600201.737675 m, vertex 600203.451559 m, +1713.884 mm above the ground
[RockPrecisionFixDiag]   rock 'Kerbin Zn3010000130' 'Grass00' #46 vertex 0: ground 600197.919553 m, vertex 600198.045880 m, +126.327 mm above the ground
[RockPrecisionFixDiag]   rock 'Kerbin Zn3010000130' 'Grass00' #46 vertex 1: ground 600197.888592 m, vertex 600198.045440 m, +156.848 mm above the ground
[RockPrecisionFixDiag]   rock 'Kerbin Zn3010000130' 'Grass00' #46 vertex 2: ground 600197.919546 m, vertex 600199.062471 m, +1142.925 mm above the ground
[RockPrecisionFixDiag]   rock 'Kerbin Zn3010000130' 'Grass00' #46 vertex 3: ground 600197.888586 m, vertex 600199.062019 m, +1173.432 mm above the ground
[RockPrecisionFixDiag]   rock 'Kerbin Zn3010000130' 'Grass00' #46 vertex 4: ground 600197.919553 m, vertex 600198.045880 m, +126.327 mm above the ground
[RockPrecisionFixDiag]   rock 'Kerbin Zn3010000130' 'Grass00' #46 vertex 5: ground 600197.888592 m, vertex 600198.045440 m, +156.848 mm above the ground
[RockPrecisionFixDiag]   rock 'Kerbin Zn3010000130' 'Grass00' #46 vertex 6: ground 600197.919546 m, vertex 600199.062471 m, +1142.925 mm above the ground
[RockPrecisionFixDiag]   rock 'Kerbin Zn3010000130' 'Grass00' #46 vertex 7: ground 600197.888586 m, vertex 600199.062019 m, +1173.432 mm above the ground
[RockPrecisionFixDiag]   rock 'Kerbin Zn3010000130' 'Grass00' #47 vertex 0: ground 600196.708935 m, vertex 600196.507246 m, -201.689 mm above the ground
[RockPrecisionFixDiag]   rock 'Kerbin Zn3010000130' 'Grass00' #47 vertex 1: ground 600196.810334 m, vertex 600196.508142 m, -302.192 mm above the ground
[RockPrecisionFixDiag]   rock 'Kerbin Zn3010000130' 'Grass00' #47 vertex 2: ground 600196.708905 m, vertex 600198.277784 m, +1568.879 mm above the ground
[RockPrecisionFixDiag]   rock 'Kerbin Zn3010000130' 'Grass00' #47 vertex 3: ground 600196.810328 m, vertex 600198.278669 m, +1468.341 mm above the ground
[RockPrecisionFixDiag]   rock 'Kerbin Zn3010000130' 'Grass00' #47 vertex 4: ground 600196.708935 m, vertex 600196.507246 m, -201.689 mm above the ground
[RockPrecisionFixDiag]   rock 'Kerbin Zn3010000130' 'Grass00' #47 vertex 5: ground 600196.810334 m, vertex 600196.508142 m, -302.192 mm above the ground
[RockPrecisionFixDiag]   rock 'Kerbin Zn3010000130' 'Grass00' #47 vertex 6: ground 600196.708905 m, vertex 600198.277784 m, +1568.879 mm above the ground
[RockPrecisionFixDiag]   rock 'Kerbin Zn3010000130' 'Grass00' #47 vertex 7: ground 600196.810328 m, vertex 600198.278669 m, +1468.341 mm above the ground
[RockPrecisionFixDiag]   rock 'Kerbin Zn3010000130' 'Grass00' #48 vertex 0: ground 600198.007459 m, vertex 600197.101165 m, -906.294 mm above the ground
[RockPrecisionFixDiag]   rock 'Kerbin Zn3010000130' 'Grass00' #48 vertex 1: ground 600197.929219 m, vertex 600197.100987 m, -828.232 mm above the ground
[RockPrecisionFixDiag]   rock 'Kerbin Zn3010000130' 'Grass00' #48 vertex 2: ground 600198.007543 m, vertex 600198.840491 m, +832.948 mm above the ground
[RockPrecisionFixDiag]   rock 'Kerbin Zn3010000130' 'Grass00' #48 vertex 3: ground 600197.929307 m, vertex 600198.840314 m, +911.007 mm above the ground
[RockPrecisionFixDiag]   rock 'Kerbin Zn3010000130' 'Grass00' #48 vertex 4: ground 600198.007459 m, vertex 600197.101165 m, -906.294 mm above the ground
[RockPrecisionFixDiag]   rock 'Kerbin Zn3010000130' 'Grass00' #48 vertex 5: ground 600197.929219 m, vertex 600197.100987 m, -828.232 mm above the ground
[RockPrecisionFixDiag]   rock 'Kerbin Zn3010000130' 'Grass00' #48 vertex 6: ground 600198.007543 m, vertex 600198.840491 m, +832.948 mm above the ground
[RockPrecisionFixDiag]   rock 'Kerbin Zn3010000130' 'Grass00' #48 vertex 7: ground 600197.929307 m, vertex 600198.840314 m, +911.007 mm above the ground
[RockPrecisionFixDiag]   rock 'Kerbin Zn3010000130' 'Grass00' #49 vertex 0: ground 600202.600957 m, vertex 600202.400069 m, -200.889 mm above the ground
[RockPrecisionFixDiag]   rock 'Kerbin Zn3010000130' 'Grass00' #49 vertex 1: ground 600202.681414 m, vertex 600202.401259 m, -280.155 mm above the ground
[RockPrecisionFixDiag]   rock 'Kerbin Zn3010000130' 'Grass00' #49 vertex 2: ground 600202.600881 m, vertex 600203.545331 m, +944.450 mm above the ground
[RockPrecisionFixDiag]   rock 'Kerbin Zn3010000130' 'Grass00' #49 vertex 3: ground 600202.681318 m, vertex 600203.546564 m, +865.247 mm above the ground
[RockPrecisionFixDiag]   rock 'Kerbin Zn3010000130' 'Grass00' #49 vertex 4: ground 600202.600957 m, vertex 600202.400069 m, -200.889 mm above the ground
[RockPrecisionFixDiag]   rock 'Kerbin Zn3010000130' 'Grass00' #49 vertex 5: ground 600202.681414 m, vertex 600202.401259 m, -280.155 mm above the ground
[RockPrecisionFixDiag]   rock 'Kerbin Zn3010000130' 'Grass00' #49 vertex 6: ground 600202.600881 m, vertex 600203.545331 m, +944.450 mm above the ground
[RockPrecisionFixDiag]   rock 'Kerbin Zn3010000130' 'Grass00' #49 vertex 7: ground 600202.681318 m, vertex 600203.546564 m, +865.247 mm above the ground
[RockPrecisionFixDiag]   rock 'Kerbin Zn3010000130' 'Grass00' #50 vertex 0: ground 600205.056410 m, vertex 600203.051357 m, -2005.053 mm above the ground
[RockPrecisionFixDiag]   rock 'Kerbin Zn3010000130' 'Grass00' #50 vertex 1: ground 600205.019342 m, vertex 600203.051743 m, -1967.598 mm above the ground
[RockPrecisionFixDiag]   rock 'Kerbin Zn3010000130' 'Grass00' #50 vertex 2: ground 600205.056441 m, vertex 600204.318920 m, -737.520 mm above the ground
[RockPrecisionFixDiag]   rock 'Kerbin Zn3010000130' 'Grass00' #50 vertex 3: ground 600205.019368 m, vertex 600204.319305 m, -700.063 mm above the ground
[RockPrecisionFixDiag]   rock 'Kerbin Zn3010000130' 'Grass00' #50 vertex 4: ground 600205.056410 m, vertex 600203.051357 m, -2005.053 mm above the ground
[RockPrecisionFixDiag]   rock 'Kerbin Zn3010000130' 'Grass00' #50 vertex 5: ground 600205.019342 m, vertex 600203.051743 m, -1967.598 mm above the ground
[RockPrecisionFixDiag]   rock 'Kerbin Zn3010000130' 'Grass00' #50 vertex 6: ground 600205.056441 m, vertex 600204.318920 m, -737.520 mm above the ground
[RockPrecisionFixDiag]   rock 'Kerbin Zn3010000130' 'Grass00' #50 vertex 7: ground 600205.019368 m, vertex 600204.319305 m, -700.063 mm above the ground
[RockPrecisionFixDiag]   rock 'Kerbin Zn3010000130' 'Grass00' #51 vertex 0: ground 600207.024393 m, vertex 600206.824749 m, -199.644 mm above the ground
[RockPrecisionFixDiag]   rock 'Kerbin Zn3010000130' 'Grass00' #51 vertex 1: ground 600206.878674 m, vertex 600206.825619 m, -53.055 mm above the ground
[RockPrecisionFixDiag]   rock 'Kerbin Zn3010000130' 'Grass00' #51 vertex 2: ground 600207.024398 m, vertex 600208.818370 m, +1793.972 mm above the ground
[RockPrecisionFixDiag]   rock 'Kerbin Zn3010000130' 'Grass00' #51 vertex 3: ground 600206.878689 m, vertex 600208.819240 m, +1940.551 mm above the ground
[RockPrecisionFixDiag]   rock 'Kerbin Zn3010000130' 'Grass00' #51 vertex 4: ground 600207.024393 m, vertex 600206.824749 m, -199.644 mm above the ground
[RockPrecisionFixDiag]   rock 'Kerbin Zn3010000130' 'Grass00' #51 vertex 5: ground 600206.878674 m, vertex 600206.825619 m, -53.055 mm above the ground
[RockPrecisionFixDiag]   rock 'Kerbin Zn3010000130' 'Grass00' #51 vertex 6: ground 600207.024398 m, vertex 600208.818370 m, +1793.972 mm above the ground
[RockPrecisionFixDiag]   rock 'Kerbin Zn3010000130' 'Grass00' #51 vertex 7: ground 600206.878689 m, vertex 600208.819240 m, +1940.551 mm above the ground
[RockPrecisionFixDiag]   rock 'Kerbin Zn3010000130' 'Grass00' #52 vertex 0: ground 600196.628001 m, vertex 600194.579438 m, -2048.564 mm above the ground
[RockPrecisionFixDiag]   rock 'Kerbin Zn3010000130' 'Grass00' #52 vertex 1: ground 600196.697152 m, vertex 600194.578267 m, -2118.886 mm above the ground
[RockPrecisionFixDiag]   rock 'Kerbin Zn3010000130' 'Grass00' #52 vertex 2: ground 600196.628081 m, vertex 600196.286853 m, -341.228 mm above the ground
[RockPrecisionFixDiag]   rock 'Kerbin Zn3010000130' 'Grass00' #52 vertex 3: ground 600196.697251 m, vertex 600196.285694 m, -411.558 mm above the ground
[RockPrecisionFixDiag]   rock 'Kerbin Zn3010000130' 'Grass00' #52 vertex 4: ground 600196.628001 m, vertex 600194.579438 m, -2048.564 mm above the ground
[RockPrecisionFixDiag]   rock 'Kerbin Zn3010000130' 'Grass00' #52 vertex 5: ground 600196.697152 m, vertex 600194.578267 m, -2118.886 mm above the ground
[RockPrecisionFixDiag]   rock 'Kerbin Zn3010000130' 'Grass00' #52 vertex 6: ground 600196.628081 m, vertex 600196.286853 m, -341.228 mm above the ground
[RockPrecisionFixDiag]   rock 'Kerbin Zn3010000130' 'Grass00' #52 vertex 7: ground 600196.697251 m, vertex 600196.285694 m, -411.558 mm above the ground
[RockPrecisionFixDiag]   rock 'Kerbin Zn3010000130' 'Grass00' #53 vertex 0: ground 600210.803131 m, vertex 600210.933320 m, +130.189 mm above the ground
[RockPrecisionFixDiag]   rock 'Kerbin Zn3010000130' 'Grass00' #53 vertex 1: ground 600210.679462 m, vertex 600210.934026 m, +254.564 mm above the ground
[RockPrecisionFixDiag]   rock 'Kerbin Zn3010000130' 'Grass00' #53 vertex 2: ground 600210.803181 m, vertex 600212.345317 m, +1542.136 mm above the ground
[RockPrecisionFixDiag]   rock 'Kerbin Zn3010000130' 'Grass00' #53 vertex 3: ground 600210.679504 m, vertex 600212.346014 m, +1666.509 mm above the ground
[RockPrecisionFixDiag]   rock 'Kerbin Zn3010000130' 'Grass00' #53 vertex 4: ground 600210.803131 m, vertex 600210.933320 m, +130.189 mm above the ground
[RockPrecisionFixDiag]   rock 'Kerbin Zn3010000130' 'Grass00' #53 vertex 5: ground 600210.679462 m, vertex 600210.934026 m, +254.564 mm above the ground
[RockPrecisionFixDiag]   rock 'Kerbin Zn3010000130' 'Grass00' #53 vertex 6: ground 600210.803181 m, vertex 600212.345317 m, +1542.136 mm above the ground
[RockPrecisionFixDiag]   rock 'Kerbin Zn3010000130' 'Grass00' #53 vertex 7: ground 600210.679504 m, vertex 600212.346014 m, +1666.509 mm above the ground
[RockPrecisionFixDiag]   rock 'Kerbin Zn3010000130' 'Grass00' #54 vertex 0: ground 600198.234133 m, vertex 600199.829949 m, +1595.816 mm above the ground
[RockPrecisionFixDiag]   rock 'Kerbin Zn3010000130' 'Grass00' #54 vertex 1: ground 600198.209023 m, vertex 600199.829064 m, +1620.042 mm above the ground
[RockPrecisionFixDiag]   rock 'Kerbin Zn3010000130' 'Grass00' #54 vertex 2: ground 600198.234152 m, vertex 600201.294248 m, +3060.096 mm above the ground
[RockPrecisionFixDiag]   rock 'Kerbin Zn3010000130' 'Grass00' #54 vertex 3: ground 600198.209002 m, vertex 600201.293344 m, +3084.341 mm above the ground
[RockPrecisionFixDiag]   rock 'Kerbin Zn3010000130' 'Grass00' #54 vertex 4: ground 600198.234133 m, vertex 600199.829949 m, +1595.816 mm above the ground
[RockPrecisionFixDiag]   rock 'Kerbin Zn3010000130' 'Grass00' #54 vertex 5: ground 600198.209023 m, vertex 600199.829064 m, +1620.042 mm above the ground
[RockPrecisionFixDiag]   rock 'Kerbin Zn3010000130' 'Grass00' #54 vertex 6: ground 600198.234152 m, vertex 600201.294248 m, +3060.096 mm above the ground
[RockPrecisionFixDiag]   rock 'Kerbin Zn3010000130' 'Grass00' #54 vertex 7: ground 600198.209002 m, vertex 600201.293344 m, +3084.341 mm above the ground
[RockPrecisionFixDiag]   rock 'Kerbin Zn3010000130' 'Grass00' #55 vertex 0: ground 600187.108791 m, vertex 600187.009460 m, -99.331 mm above the ground
[RockPrecisionFixDiag]   rock 'Kerbin Zn3010000130' 'Grass00' #55 vertex 1: ground 600187.098519 m, vertex 600187.010047 m, -88.473 mm above the ground
[RockPrecisionFixDiag]   rock 'Kerbin Zn3010000130' 'Grass00' #55 vertex 2: ground 600187.108827 m, vertex 600188.129448 m, +1020.622 mm above the ground
[RockPrecisionFixDiag]   rock 'Kerbin Zn3010000130' 'Grass00' #55 vertex 3: ground 600187.098500 m, vertex 600188.130027 m, +1031.527 mm above the ground
[RockPrecisionFixDiag]   rock 'Kerbin Zn3010000130' 'Grass00' #55 vertex 4: ground 600187.108791 m, vertex 600187.009460 m, -99.331 mm above the ground
[RockPrecisionFixDiag]   rock 'Kerbin Zn3010000130' 'Grass00' #55 vertex 5: ground 600187.098519 m, vertex 600187.010047 m, -88.473 mm above the ground
[RockPrecisionFixDiag]   rock 'Kerbin Zn3010000130' 'Grass00' #55 vertex 6: ground 600187.108827 m, vertex 600188.129448 m, +1020.622 mm above the ground
[RockPrecisionFixDiag]   rock 'Kerbin Zn3010000130' 'Grass00' #55 vertex 7: ground 600187.098500 m, vertex 600188.130027 m, +1031.527 mm above the ground
[RockPrecisionFixDiag]   rock 'Kerbin Zn3010000130' 'Grass00' #56 vertex 0: ground 600195.716458 m, vertex 600195.518241 m, -198.216 mm above the ground
[RockPrecisionFixDiag]   rock 'Kerbin Zn3010000130' 'Grass00' #56 vertex 1: ground 600195.576692 m, vertex 600195.516819 m, -59.874 mm above the ground
[RockPrecisionFixDiag]   rock 'Kerbin Zn3010000130' 'Grass00' #56 vertex 2: ground 600195.716273 m, vertex 600197.218905 m, +1502.632 mm above the ground
[RockPrecisionFixDiag]   rock 'Kerbin Zn3010000130' 'Grass00' #56 vertex 3: ground 600195.576637 m, vertex 600197.217502 m, +1640.866 mm above the ground
[RockPrecisionFixDiag]   rock 'Kerbin Zn3010000130' 'Grass00' #56 vertex 4: ground 600195.716458 m, vertex 600195.518241 m, -198.216 mm above the ground
[RockPrecisionFixDiag]   rock 'Kerbin Zn3010000130' 'Grass00' #56 vertex 5: ground 600195.576692 m, vertex 600195.516819 m, -59.874 mm above the ground
[RockPrecisionFixDiag]   rock 'Kerbin Zn3010000130' 'Grass00' #56 vertex 6: ground 600195.716273 m, vertex 600197.218905 m, +1502.632 mm above the ground
[RockPrecisionFixDiag]   rock 'Kerbin Zn3010000130' 'Grass00' #56 vertex 7: ground 600195.576637 m, vertex 600197.217502 m, +1640.866 mm above the ground
[RockPrecisionFixDiag]   rock 'Kerbin Zn3010000130' 'Grass00' #57 vertex 0: ground 600191.736885 m, vertex 600190.893361 m, -843.524 mm above the ground
[RockPrecisionFixDiag]   rock 'Kerbin Zn3010000130' 'Grass00' #57 vertex 1: ground 600191.649892 m, vertex 600190.894653 m, -755.239 mm above the ground
[RockPrecisionFixDiag]   rock 'Kerbin Zn3010000130' 'Grass00' #57 vertex 2: ground 600191.736945 m, vertex 600192.587794 m, +850.849 mm above the ground
[RockPrecisionFixDiag]   rock 'Kerbin Zn3010000130' 'Grass00' #57 vertex 3: ground 600191.649948 m, vertex 600192.589062 m, +939.114 mm above the ground
[RockPrecisionFixDiag]   rock 'Kerbin Zn3010000130' 'Grass00' #57 vertex 4: ground 600191.736885 m, vertex 600190.893361 m, -843.524 mm above the ground
[RockPrecisionFixDiag]   rock 'Kerbin Zn3010000130' 'Grass00' #57 vertex 5: ground 600191.649892 m, vertex 600190.894653 m, -755.239 mm above the ground
[RockPrecisionFixDiag]   rock 'Kerbin Zn3010000130' 'Grass00' #57 vertex 6: ground 600191.736945 m, vertex 600192.587794 m, +850.849 mm above the ground
[RockPrecisionFixDiag]   rock 'Kerbin Zn3010000130' 'Grass00' #57 vertex 7: ground 600191.649948 m, vertex 600192.589062 m, +939.114 mm above the ground
[RockPrecisionFixDiag]   rock 'Kerbin Zn3010000130' 'Grass00' #58 vertex 0: ground 600201.781073 m, vertex 600201.581555 m, -199.518 mm above the ground
[RockPrecisionFixDiag]   rock 'Kerbin Zn3010000130' 'Grass00' #58 vertex 1: ground 600201.784804 m, vertex 600201.582441 m, -202.363 mm above the ground
[RockPrecisionFixDiag]   rock 'Kerbin Zn3010000130' 'Grass00' #58 vertex 2: ground 600201.781203 m, vertex 600203.531917 m, +1750.714 mm above the ground
[RockPrecisionFixDiag]   rock 'Kerbin Zn3010000130' 'Grass00' #58 vertex 3: ground 600201.784941 m, vertex 600203.532803 m, +1747.862 mm above the ground
[RockPrecisionFixDiag]   rock 'Kerbin Zn3010000130' 'Grass00' #58 vertex 4: ground 600201.781073 m, vertex 600201.581555 m, -199.518 mm above the ground
[RockPrecisionFixDiag]   rock 'Kerbin Zn3010000130' 'Grass00' #58 vertex 5: ground 600201.784804 m, vertex 600201.582441 m, -202.363 mm above the ground
[RockPrecisionFixDiag]   rock 'Kerbin Zn3010000130' 'Grass00' #58 vertex 6: ground 600201.781203 m, vertex 600203.531917 m, +1750.714 mm above the ground
[RockPrecisionFixDiag]   rock 'Kerbin Zn3010000130' 'Grass00' #58 vertex 7: ground 600201.784941 m, vertex 600203.532803 m, +1747.862 mm above the ground
[RockPrecisionFixDiag]   rock 'Kerbin Zn3010000130' 'Grass00' #59 vertex 0: ground 600195.876223 m, vertex 600195.673228 m, -202.995 mm above the ground
[RockPrecisionFixDiag]   rock 'Kerbin Zn3010000130' 'Grass00' #59 vertex 1: ground 600195.906985 m, vertex 600195.671410 m, -235.575 mm above the ground
[RockPrecisionFixDiag]   rock 'Kerbin Zn3010000130' 'Grass00' #59 vertex 2: ground 600195.876260 m, vertex 600197.621888 m, +1745.628 mm above the ground
[RockPrecisionFixDiag]   rock 'Kerbin Zn3010000130' 'Grass00' #59 vertex 3: ground 600195.907007 m, vertex 600197.620090 m, +1713.083 mm above the ground
[RockPrecisionFixDiag]   rock 'Kerbin Zn3010000130' 'Grass00' #59 vertex 4: ground 600195.876223 m, vertex 600195.673228 m, -202.995 mm above the ground
[RockPrecisionFixDiag]   rock 'Kerbin Zn3010000130' 'Grass00' #59 vertex 5: ground 600195.906985 m, vertex 600195.671410 m, -235.575 mm above the ground
[RockPrecisionFixDiag]   rock 'Kerbin Zn3010000130' 'Grass00' #59 vertex 6: ground 600195.876260 m, vertex 600197.621888 m, +1745.628 mm above the ground
[RockPrecisionFixDiag]   rock 'Kerbin Zn3010000130' 'Grass00' #59 vertex 7: ground 600195.907007 m, vertex 600197.620090 m, +1713.083 mm above the ground
[RockPrecisionFixDiag]   rock 'Kerbin Zn3010000130' 'Grass00' #60 vertex 0: ground 600207.047040 m, vertex 600206.841254 m, -205.786 mm above the ground
[RockPrecisionFixDiag]   rock 'Kerbin Zn3010000130' 'Grass00' #60 vertex 1: ground 600206.910337 m, vertex 600206.842691 m, -67.645 mm above the ground
[RockPrecisionFixDiag]   rock 'Kerbin Zn3010000130' 'Grass00' #60 vertex 2: ground 600207.047314 m, vertex 600208.820339 m, +1773.025 mm above the ground
[RockPrecisionFixDiag]   rock 'Kerbin Zn3010000130' 'Grass00' #60 vertex 3: ground 600206.910536 m, vertex 600208.821766 m, +1911.230 mm above the ground
[RockPrecisionFixDiag]   rock 'Kerbin Zn3010000130' 'Grass00' #60 vertex 4: ground 600207.047040 m, vertex 600206.841254 m, -205.786 mm above the ground
[RockPrecisionFixDiag]   rock 'Kerbin Zn3010000130' 'Grass00' #60 vertex 5: ground 600206.910337 m, vertex 600206.842691 m, -67.645 mm above the ground
[RockPrecisionFixDiag]   rock 'Kerbin Zn3010000130' 'Grass00' #60 vertex 6: ground 600207.047314 m, vertex 600208.820339 m, +1773.025 mm above the ground
[RockPrecisionFixDiag]   rock 'Kerbin Zn3010000130' 'Grass00' #60 vertex 7: ground 600206.910536 m, vertex 600208.821766 m, +1911.230 mm above the ground
[RockPrecisionFixDiag]   rock 'Kerbin Zn3010000130' 'Grass00' #61 vertex 0: ground 600211.869059 m, vertex 600211.665365 m, -203.694 mm above the ground
[RockPrecisionFixDiag]   rock 'Kerbin Zn3010000130' 'Grass00' #61 vertex 1: ground 600211.905480 m, vertex 600211.666350 m, -239.130 mm above the ground
[RockPrecisionFixDiag]   rock 'Kerbin Zn3010000130' 'Grass00' #61 vertex 2: ground 600211.869072 m, vertex 600212.797137 m, +928.065 mm above the ground
[RockPrecisionFixDiag]   rock 'Kerbin Zn3010000130' 'Grass00' #61 vertex 3: ground 600211.905500 m, vertex 600212.798102 m, +892.601 mm above the ground
[RockPrecisionFixDiag]   rock 'Kerbin Zn3010000130' 'Grass00' #61 vertex 4: ground 600211.869059 m, vertex 600211.665365 m, -203.694 mm above the ground
[RockPrecisionFixDiag]   rock 'Kerbin Zn3010000130' 'Grass00' #61 vertex 5: ground 600211.905480 m, vertex 600211.666350 m, -239.130 mm above the ground
[RockPrecisionFixDiag]   rock 'Kerbin Zn3010000130' 'Grass00' #61 vertex 6: ground 600211.869072 m, vertex 600212.797137 m, +928.065 mm above the ground
[RockPrecisionFixDiag]   rock 'Kerbin Zn3010000130' 'Grass00' #61 vertex 7: ground 600211.905500 m, vertex 600212.798102 m, +892.601 mm above the ground
[RockPrecisionFixDiag]   rock 'Kerbin Zn3010000130' 'Grass00' #62 vertex 0: ground 600199.642735 m, vertex 600199.437442 m, -205.293 mm above the ground
[RockPrecisionFixDiag]   rock 'Kerbin Zn3010000130' 'Grass00' #62 vertex 1: ground 600199.701700 m, vertex 600199.437249 m, -264.451 mm above the ground
[RockPrecisionFixDiag]   rock 'Kerbin Zn3010000130' 'Grass00' #62 vertex 2: ground 600199.642687 m, vertex 600200.758354 m, +1115.667 mm above the ground
[RockPrecisionFixDiag]   rock 'Kerbin Zn3010000130' 'Grass00' #62 vertex 3: ground 600199.701640 m, vertex 600200.758161 m, +1056.521 mm above the ground
[RockPrecisionFixDiag]   rock 'Kerbin Zn3010000130' 'Grass00' #62 vertex 4: ground 600199.642735 m, vertex 600199.437442 m, -205.293 mm above the ground
[RockPrecisionFixDiag]   rock 'Kerbin Zn3010000130' 'Grass00' #62 vertex 5: ground 600199.701700 m, vertex 600199.437249 m, -264.451 mm above the ground
[RockPrecisionFixDiag]   rock 'Kerbin Zn3010000130' 'Grass00' #62 vertex 6: ground 600199.642687 m, vertex 600200.758354 m, +1115.667 mm above the ground
[RockPrecisionFixDiag]   rock 'Kerbin Zn3010000130' 'Grass00' #62 vertex 7: ground 600199.701640 m, vertex 600200.758161 m, +1056.521 mm above the ground
[RockPrecisionFixDiag]   rock 'Kerbin Zn3010000130' 'Grass00' #63 vertex 0: ground 600203.723814 m, vertex 600203.522142 m, -201.672 mm above the ground
[RockPrecisionFixDiag]   rock 'Kerbin Zn3010000130' 'Grass00' #63 vertex 1: ground 600203.782453 m, vertex 600203.522813 m, -259.640 mm above the ground
[RockPrecisionFixDiag]   rock 'Kerbin Zn3010000130' 'Grass00' #63 vertex 2: ground 600203.723732 m, vertex 600204.571535 m, +847.804 mm above the ground
[RockPrecisionFixDiag]   rock 'Kerbin Zn3010000130' 'Grass00' #63 vertex 3: ground 600203.782402 m, vertex 600204.572216 m, +789.814 mm above the ground
[RockPrecisionFixDiag]   rock 'Kerbin Zn3010000130' 'Grass00' #63 vertex 4: ground 600203.723814 m, vertex 600203.522142 m, -201.672 mm above the ground
[RockPrecisionFixDiag]   rock 'Kerbin Zn3010000130' 'Grass00' #63 vertex 5: ground 600203.782453 m, vertex 600203.522813 m, -259.640 mm above the ground
[RockPrecisionFixDiag]   rock 'Kerbin Zn3010000130' 'Grass00' #63 vertex 6: ground 600203.723732 m, vertex 600204.571535 m, +847.804 mm above the ground
[RockPrecisionFixDiag]   rock 'Kerbin Zn3010000130' 'Grass00' #63 vertex 7: ground 600203.782402 m, vertex 600204.572216 m, +789.814 mm above the ground
[RockPrecisionFixDiag]   rock 'Kerbin Zn3010000130' 'Grass00' #64 vertex 0: ground 600204.457628 m, vertex 600204.255849 m, -201.779 mm above the ground
[RockPrecisionFixDiag]   rock 'Kerbin Zn3010000130' 'Grass00' #64 vertex 1: ground 600204.398597 m, vertex 600204.254800 m, -143.797 mm above the ground
[RockPrecisionFixDiag]   rock 'Kerbin Zn3010000130' 'Grass00' #64 vertex 2: ground 600204.457542 m, vertex 600205.741605 m, +1284.063 mm above the ground
[RockPrecisionFixDiag]   rock 'Kerbin Zn3010000130' 'Grass00' #64 vertex 3: ground 600204.398561 m, vertex 600205.740579 m, +1342.018 mm above the ground
[RockPrecisionFixDiag]   rock 'Kerbin Zn3010000130' 'Grass00' #64 vertex 4: ground 600204.457628 m, vertex 600204.255849 m, -201.779 mm above the ground
[RockPrecisionFixDiag]   rock 'Kerbin Zn3010000130' 'Grass00' #64 vertex 5: ground 600204.398597 m, vertex 600204.254800 m, -143.797 mm above the ground
[RockPrecisionFixDiag]   rock 'Kerbin Zn3010000130' 'Grass00' #64 vertex 6: ground 600204.457542 m, vertex 600205.741605 m, +1284.063 mm above the ground
[RockPrecisionFixDiag]   rock 'Kerbin Zn3010000130' 'Grass00' #64 vertex 7: ground 600204.398561 m, vertex 600205.740579 m, +1342.018 mm above the ground
[RockPrecisionFixDiag]   rock 'Kerbin Zn3010000130' 'Grass00' #65 vertex 0: ground 600192.375481 m, vertex 600192.174434 m, -201.046 mm above the ground
[RockPrecisionFixDiag]   rock 'Kerbin Zn3010000130' 'Grass00' #65 vertex 1: ground 600192.323033 m, vertex 600192.174775 m, -148.258 mm above the ground
[RockPrecisionFixDiag]   rock 'Kerbin Zn3010000130' 'Grass00' #65 vertex 2: ground 600192.375520 m, vertex 600194.134965 m, +1759.445 mm above the ground
[RockPrecisionFixDiag]   rock 'Kerbin Zn3010000130' 'Grass00' #65 vertex 3: ground 600192.323036 m, vertex 600194.135305 m, +1812.269 mm above the ground
[RockPrecisionFixDiag]   rock 'Kerbin Zn3010000130' 'Grass00' #65 vertex 4: ground 600192.375481 m, vertex 600192.174434 m, -201.046 mm above the ground
[RockPrecisionFixDiag]   rock 'Kerbin Zn3010000130' 'Grass00' #65 vertex 5: ground 600192.323033 m, vertex 600192.174775 m, -148.258 mm above the ground
[RockPrecisionFixDiag]   rock 'Kerbin Zn3010000130' 'Grass00' #65 vertex 6: ground 600192.375520 m, vertex 600194.134965 m, +1759.445 mm above the ground
[RockPrecisionFixDiag]   rock 'Kerbin Zn3010000130' 'Grass00' #65 vertex 7: ground 600192.323036 m, vertex 600194.135305 m, +1812.269 mm above the ground
[RockPrecisionFixDiag]   rock 'Kerbin Zn3010000130' 'Grass00' #66 vertex 0: ground 600201.853239 m, vertex 600201.651479 m, -201.759 mm above the ground
[RockPrecisionFixDiag]   rock 'Kerbin Zn3010000130' 'Grass00' #66 vertex 1: ground 600201.860834 m, vertex 600201.650588 m, -210.246 mm above the ground
[RockPrecisionFixDiag]   rock 'Kerbin Zn3010000130' 'Grass00' #66 vertex 2: ground 600201.853231 m, vertex 600202.854776 m, +1001.546 mm above the ground
[RockPrecisionFixDiag]   rock 'Kerbin Zn3010000130' 'Grass00' #66 vertex 3: ground 600201.860858 m, vertex 600202.853908 m, +993.051 mm above the ground
[RockPrecisionFixDiag]   rock 'Kerbin Zn3010000130' 'Grass00' #66 vertex 4: ground 600201.853239 m, vertex 600201.651479 m, -201.759 mm above the ground
[RockPrecisionFixDiag]   rock 'Kerbin Zn3010000130' 'Grass00' #66 vertex 5: ground 600201.860834 m, vertex 600201.650588 m, -210.246 mm above the ground
[RockPrecisionFixDiag]   rock 'Kerbin Zn3010000130' 'Grass00' #66 vertex 6: ground 600201.853231 m, vertex 600202.854776 m, +1001.546 mm above the ground
[RockPrecisionFixDiag]   rock 'Kerbin Zn3010000130' 'Grass00' #66 vertex 7: ground 600201.860858 m, vertex 600202.853908 m, +993.051 mm above the ground
[RockPrecisionFixDiag]   rock 'Kerbin Zn3010000130' 'Grass00' #67 vertex 0: ground 600192.990311 m, vertex 600193.130572 m, +140.261 mm above the ground
[RockPrecisionFixDiag]   rock 'Kerbin Zn3010000130' 'Grass00' #67 vertex 1: ground 600193.001172 m, vertex 600193.129598 m, +128.426 mm above the ground
[RockPrecisionFixDiag]   rock 'Kerbin Zn3010000130' 'Grass00' #67 vertex 2: ground 600192.990339 m, vertex 600194.132569 m, +1142.230 mm above the ground
[RockPrecisionFixDiag]   rock 'Kerbin Zn3010000130' 'Grass00' #67 vertex 3: ground 600193.001208 m, vertex 600194.131618 m, +1130.410 mm above the ground
[RockPrecisionFixDiag]   rock 'Kerbin Zn3010000130' 'Grass00' #67 vertex 4: ground 600192.990311 m, vertex 600193.130572 m, +140.261 mm above the ground
[RockPrecisionFixDiag]   rock 'Kerbin Zn3010000130' 'Grass00' #67 vertex 5: ground 600193.001172 m, vertex 600193.129598 m, +128.426 mm above the ground
[RockPrecisionFixDiag]   rock 'Kerbin Zn3010000130' 'Grass00' #67 vertex 6: ground 600192.990339 m, vertex 600194.132569 m, +1142.230 mm above the ground
[RockPrecisionFixDiag]   rock 'Kerbin Zn3010000130' 'Grass00' #67 vertex 7: ground 600193.001208 m, vertex 600194.131618 m, +1130.410 mm above the ground
[RockPrecisionFixDiag]   rock 'Kerbin Zn3010000130' 'Grass00' #68 vertex 0: ground 600198.312806 m, vertex 600199.390308 m, +1077.502 mm above the ground
[RockPrecisionFixDiag]   rock 'Kerbin Zn3010000130' 'Grass00' #68 vertex 1: ground 600198.261691 m, vertex 600199.390044 m, +1128.353 mm above the ground
[RockPrecisionFixDiag]   rock 'Kerbin Zn3010000130' 'Grass00' #68 vertex 2: ground 600198.312828 m, vertex 600201.037074 m, +2724.245 mm above the ground
[RockPrecisionFixDiag]   rock 'Kerbin Zn3010000130' 'Grass00' #68 vertex 3: ground 600198.261725 m, vertex 600201.036821 m, +2775.096 mm above the ground
[RockPrecisionFixDiag]   rock 'Kerbin Zn3010000130' 'Grass00' #68 vertex 4: ground 600198.312806 m, vertex 600199.390308 m, +1077.502 mm above the ground
[RockPrecisionFixDiag]   rock 'Kerbin Zn3010000130' 'Grass00' #68 vertex 5: ground 600198.261691 m, vertex 600199.390044 m, +1128.353 mm above the ground
[RockPrecisionFixDiag]   rock 'Kerbin Zn3010000130' 'Grass00' #68 vertex 6: ground 600198.312828 m, vertex 600201.037074 m, +2724.245 mm above the ground
[RockPrecisionFixDiag]   rock 'Kerbin Zn3010000130' 'Grass00' #68 vertex 7: ground 600198.261725 m, vertex 600201.036821 m, +2775.096 mm above the ground
[RockPrecisionFixDiag]   rock 'Kerbin Zn3010000130' 'Grass00' #69 vertex 0: ground 600191.955463 m, vertex 600191.751921 m, -203.542 mm above the ground
[RockPrecisionFixDiag]   rock 'Kerbin Zn3010000130' 'Grass00' #69 vertex 1: ground 600191.899636 m, vertex 600191.751065 m, -148.572 mm above the ground
[RockPrecisionFixDiag]   rock 'Kerbin Zn3010000130' 'Grass00' #69 vertex 2: ground 600191.955430 m, vertex 600193.530349 m, +1574.919 mm above the ground
[RockPrecisionFixDiag]   rock 'Kerbin Zn3010000130' 'Grass00' #69 vertex 3: ground 600191.899598 m, vertex 600193.529483 m, +1629.885 mm above the ground
[RockPrecisionFixDiag]   rock 'Kerbin Zn3010000130' 'Grass00' #69 vertex 4: ground 600191.955463 m, vertex 600191.751921 m, -203.542 mm above the ground
[RockPrecisionFixDiag]   rock 'Kerbin Zn3010000130' 'Grass00' #69 vertex 5: ground 600191.899636 m, vertex 600191.751065 m, -148.572 mm above the ground
[RockPrecisionFixDiag]   rock 'Kerbin Zn3010000130' 'Grass00' #69 vertex 6: ground 600191.955430 m, vertex 600193.530349 m, +1574.919 mm above the ground
[RockPrecisionFixDiag]   rock 'Kerbin Zn3010000130' 'Grass00' #69 vertex 7: ground 600191.899598 m, vertex 600193.529483 m, +1629.885 mm above the ground
[RockPrecisionFixDiag]   rock 'Kerbin Zn3010000130' 'Grass00' #70 vertex 0: ground 600192.481692 m, vertex 600192.432900 m, -48.793 mm above the ground
[RockPrecisionFixDiag]   rock 'Kerbin Zn3010000130' 'Grass00' #70 vertex 1: ground 600192.471131 m, vertex 600192.434252 m, -36.879 mm above the ground
[RockPrecisionFixDiag]   rock 'Kerbin Zn3010000130' 'Grass00' #70 vertex 2: ground 600192.481693 m, vertex 600194.405876 m, +1924.183 mm above the ground
[RockPrecisionFixDiag]   rock 'Kerbin Zn3010000130' 'Grass00' #70 vertex 3: ground 600192.471187 m, vertex 600194.407228 m, +1936.041 mm above the ground
[RockPrecisionFixDiag]   rock 'Kerbin Zn3010000130' 'Grass00' #70 vertex 4: ground 600192.481692 m, vertex 600192.432900 m, -48.793 mm above the ground
[RockPrecisionFixDiag]   rock 'Kerbin Zn3010000130' 'Grass00' #70 vertex 5: ground 600192.471131 m, vertex 600192.434252 m, -36.879 mm above the ground
[RockPrecisionFixDiag]   rock 'Kerbin Zn3010000130' 'Grass00' #70 vertex 6: ground 600192.481693 m, vertex 600194.405876 m, +1924.183 mm above the ground
[RockPrecisionFixDiag]   rock 'Kerbin Zn3010000130' 'Grass00' #70 vertex 7: ground 600192.471187 m, vertex 600194.407228 m, +1936.041 mm above the ground
[RockPrecisionFixDiag]   rock 'Kerbin Zn3010000130' 'Grass00' #71 vertex 0: ground 600206.174686 m, vertex 600204.439811 m, -1734.875 mm above the ground
[RockPrecisionFixDiag]   rock 'Kerbin Zn3010000130' 'Grass00' #71 vertex 1: ground 600206.144902 m, vertex 600204.440666 m, -1704.237 mm above the ground
[RockPrecisionFixDiag]   rock 'Kerbin Zn3010000130' 'Grass00' #71 vertex 2: ground 600206.174794 m, vertex 600206.218659 m, +43.865 mm above the ground
[RockPrecisionFixDiag]   rock 'Kerbin Zn3010000130' 'Grass00' #71 vertex 3: ground 600206.145029 m, vertex 600206.219507 m, +74.479 mm above the ground
[RockPrecisionFixDiag]   rock 'Kerbin Zn3010000130' 'Grass00' #71 vertex 4: ground 600206.174686 m, vertex 600204.439811 m, -1734.875 mm above the ground
[RockPrecisionFixDiag]   rock 'Kerbin Zn3010000130' 'Grass00' #71 vertex 5: ground 600206.144902 m, vertex 600204.440666 m, -1704.237 mm above the ground
[RockPrecisionFixDiag]   rock 'Kerbin Zn3010000130' 'Grass00' #71 vertex 6: ground 600206.174794 m, vertex 600206.218659 m, +43.865 mm above the ground
[RockPrecisionFixDiag]   rock 'Kerbin Zn3010000130' 'Grass00' #71 vertex 7: ground 600206.145029 m, vertex 600206.219507 m, +74.479 mm above the ground
[RockPrecisionFixDiag]   rock 'Kerbin Zn3010000130' 'Grass00' #72 vertex 0: ground 600193.054352 m, vertex 600192.854000 m, -200.352 mm above the ground
[RockPrecisionFixDiag]   rock 'Kerbin Zn3010000130' 'Grass00' #72 vertex 1: ground 600193.056418 m, vertex 600192.853656 m, -202.762 mm above the ground
[RockPrecisionFixDiag]   rock 'Kerbin Zn3010000130' 'Grass00' #72 vertex 2: ground 600193.054356 m, vertex 600193.968528 m, +914.172 mm above the ground
[RockPrecisionFixDiag]   rock 'Kerbin Zn3010000130' 'Grass00' #72 vertex 3: ground 600193.056384 m, vertex 600193.968178 m, +911.795 mm above the ground
[RockPrecisionFixDiag]   rock 'Kerbin Zn3010000130' 'Grass00' #72 vertex 4: ground 600193.054352 m, vertex 600192.854000 m, -200.352 mm above the ground
[RockPrecisionFixDiag]   rock 'Kerbin Zn3010000130' 'Grass00' #72 vertex 5: ground 600193.056418 m, vertex 600192.853656 m, -202.762 mm above the ground
[RockPrecisionFixDiag]   rock 'Kerbin Zn3010000130' 'Grass00' #72 vertex 6: ground 600193.054356 m, vertex 600193.968528 m, +914.172 mm above the ground
[RockPrecisionFixDiag]   rock 'Kerbin Zn3010000130' 'Grass00' #72 vertex 7: ground 600193.056384 m, vertex 600193.968178 m, +911.795 mm above the ground
[RockPrecisionFixDiag]   rock 'Kerbin Zn3010000130' 'Grass00' #73 vertex 0: ground 600188.668214 m, vertex 600188.686396 m, +18.182 mm above the ground
[RockPrecisionFixDiag]   rock 'Kerbin Zn3010000130' 'Grass00' #73 vertex 1: ground 600188.670828 m, vertex 600188.686594 m, +15.766 mm above the ground
[RockPrecisionFixDiag]   rock 'Kerbin Zn3010000130' 'Grass00' #73 vertex 2: ground 600188.668212 m, vertex 600189.880025 m, +1211.813 mm above the ground
[RockPrecisionFixDiag]   rock 'Kerbin Zn3010000130' 'Grass00' #73 vertex 3: ground 600188.670826 m, vertex 600189.880228 m, +1209.402 mm above the ground
[RockPrecisionFixDiag]   rock 'Kerbin Zn3010000130' 'Grass00' #73 vertex 4: ground 600188.668214 m, vertex 600188.686396 m, +18.182 mm above the ground
[RockPrecisionFixDiag]   rock 'Kerbin Zn3010000130' 'Grass00' #73 vertex 5: ground 600188.670828 m, vertex 600188.686594 m, +15.766 mm above the ground
[RockPrecisionFixDiag]   rock 'Kerbin Zn3010000130' 'Grass00' #73 vertex 6: ground 600188.668212 m, vertex 600189.880025 m, +1211.813 mm above the ground
[RockPrecisionFixDiag]   rock 'Kerbin Zn3010000130' 'Grass00' #73 vertex 7: ground 600188.670826 m, vertex 600189.880228 m, +1209.402 mm above the ground
[RockPrecisionFixDiag]   rock 'Kerbin Zn3010000130' 'Grass00' #74 vertex 0: ground 600201.808196 m, vertex 600203.028084 m, +1219.888 mm above the ground
[RockPrecisionFixDiag]   rock 'Kerbin Zn3010000130' 'Grass00' #74 vertex 1: ground 600201.809988 m, vertex 600203.027059 m, +1217.071 mm above the ground
[RockPrecisionFixDiag]   rock 'Kerbin Zn3010000130' 'Grass00' #74 vertex 2: ground 600201.808158 m, vertex 600204.776086 m, +2967.928 mm above the ground
[RockPrecisionFixDiag]   rock 'Kerbin Zn3010000130' 'Grass00' #74 vertex 3: ground 600201.809911 m, vertex 600204.775058 m, +2965.146 mm above the ground
[RockPrecisionFixDiag]   rock 'Kerbin Zn3010000130' 'Grass00' #74 vertex 4: ground 600201.808196 m, vertex 600203.028084 m, +1219.888 mm above the ground
[RockPrecisionFixDiag]   rock 'Kerbin Zn3010000130' 'Grass00' #74 vertex 5: ground 600201.809988 m, vertex 600203.027059 m, +1217.071 mm above the ground
[RockPrecisionFixDiag]   rock 'Kerbin Zn3010000130' 'Grass00' #74 vertex 6: ground 600201.808158 m, vertex 600204.776086 m, +2967.928 mm above the ground
[RockPrecisionFixDiag]   rock 'Kerbin Zn3010000130' 'Grass00' #74 vertex 7: ground 600201.809911 m, vertex 600204.775058 m, +2965.146 mm above the ground
[RockPrecisionFixDiag]   rock 'Kerbin Zn3010000130' 'Grass00' #75 vertex 0: ground 600199.690689 m, vertex 600199.490101 m, -200.588 mm above the ground
[RockPrecisionFixDiag]   rock 'Kerbin Zn3010000130' 'Grass00' #75 vertex 1: ground 600199.745519 m, vertex 600199.490777 m, -254.742 mm above the ground
[RockPrecisionFixDiag]   rock 'Kerbin Zn3010000130' 'Grass00' #75 vertex 2: ground 600199.690732 m, vertex 600201.486343 m, +1795.612 mm above the ground
[RockPrecisionFixDiag]   rock 'Kerbin Zn3010000130' 'Grass00' #75 vertex 3: ground 600199.745564 m, vertex 600201.487020 m, +1741.456 mm above the ground
[RockPrecisionFixDiag]   rock 'Kerbin Zn3010000130' 'Grass00' #75 vertex 4: ground 600199.690689 m, vertex 600199.490101 m, -200.588 mm above the ground
[RockPrecisionFixDiag]   rock 'Kerbin Zn3010000130' 'Grass00' #75 vertex 5: ground 600199.745519 m, vertex 600199.490777 m, -254.742 mm above the ground
[RockPrecisionFixDiag]   rock 'Kerbin Zn3010000130' 'Grass00' #75 vertex 6: ground 600199.690732 m, vertex 600201.486343 m, +1795.612 mm above the ground
[RockPrecisionFixDiag]   rock 'Kerbin Zn3010000130' 'Grass00' #75 vertex 7: ground 600199.745564 m, vertex 600201.487020 m, +1741.456 mm above the ground
[RockPrecisionFixDiag]   rock 'Kerbin Zn3010000130' 'Grass00' #76 vertex 0: ground 600189.458272 m, vertex 600188.609187 m, -849.085 mm above the ground
[RockPrecisionFixDiag]   rock 'Kerbin Zn3010000130' 'Grass00' #76 vertex 1: ground 600189.445206 m, vertex 600188.608757 m, -836.449 mm above the ground
[RockPrecisionFixDiag]   rock 'Kerbin Zn3010000130' 'Grass00' #76 vertex 2: ground 600189.458313 m, vertex 600190.512521 m, +1054.208 mm above the ground
[RockPrecisionFixDiag]   rock 'Kerbin Zn3010000130' 'Grass00' #76 vertex 3: ground 600189.445246 m, vertex 600190.512088 m, +1066.842 mm above the ground
[RockPrecisionFixDiag]   rock 'Kerbin Zn3010000130' 'Grass00' #76 vertex 4: ground 600189.458272 m, vertex 600188.609187 m, -849.085 mm above the ground
[RockPrecisionFixDiag]   rock 'Kerbin Zn3010000130' 'Grass00' #76 vertex 5: ground 600189.445206 m, vertex 600188.608757 m, -836.449 mm above the ground
[RockPrecisionFixDiag]   rock 'Kerbin Zn3010000130' 'Grass00' #76 vertex 6: ground 600189.458313 m, vertex 600190.512521 m, +1054.208 mm above the ground
[RockPrecisionFixDiag]   rock 'Kerbin Zn3010000130' 'Grass00' #76 vertex 7: ground 600189.445246 m, vertex 600190.512088 m, +1066.842 mm above the ground
[RockPrecisionFixDiag]   rock 'Kerbin Zn3010000130' 'Grass00' #77 vertex 0: ground 600194.095358 m, vertex 600193.891139 m, -204.219 mm above the ground
[RockPrecisionFixDiag]   rock 'Kerbin Zn3010000130' 'Grass00' #77 vertex 1: ground 600194.161151 m, vertex 600193.890601 m, -270.550 mm above the ground
[RockPrecisionFixDiag]   rock 'Kerbin Zn3010000130' 'Grass00' #77 vertex 2: ground 600194.095371 m, vertex 600195.766964 m, +1671.592 mm above the ground
[RockPrecisionFixDiag]   rock 'Kerbin Zn3010000130' 'Grass00' #77 vertex 3: ground 600194.161168 m, vertex 600195.766432 m, +1605.264 mm above the ground
[RockPrecisionFixDiag]   rock 'Kerbin Zn3010000130' 'Grass00' #77 vertex 4: ground 600194.095358 m, vertex 600193.891139 m, -204.219 mm above the ground
[RockPrecisionFixDiag]   rock 'Kerbin Zn3010000130' 'Grass00' #77 vertex 5: ground 600194.161151 m, vertex 600193.890601 m, -270.550 mm above the ground
[RockPrecisionFixDiag]   rock 'Kerbin Zn3010000130' 'Grass00' #77 vertex 6: ground 600194.095371 m, vertex 600195.766964 m, +1671.592 mm above the ground
[RockPrecisionFixDiag]   rock 'Kerbin Zn3010000130' 'Grass00' #77 vertex 7: ground 600194.161168 m, vertex 600195.766432 m, +1605.264 mm above the ground
[RockPrecisionFixDiag]   rock 'Kerbin Zn3010000130' 'Grass00' #78 vertex 0: ground 600204.169972 m, vertex 600203.969261 m, -200.711 mm above the ground
[RockPrecisionFixDiag]   rock 'Kerbin Zn3010000130' 'Grass00' #78 vertex 1: ground 600204.202073 m, vertex 600203.970160 m, -231.913 mm above the ground
[RockPrecisionFixDiag]   rock 'Kerbin Zn3010000130' 'Grass00' #78 vertex 2: ground 600204.169856 m, vertex 600205.687076 m, +1517.220 mm above the ground
[RockPrecisionFixDiag]   rock 'Kerbin Zn3010000130' 'Grass00' #78 vertex 3: ground 600204.201991 m, vertex 600205.687975 m, +1485.984 mm above the ground
[RockPrecisionFixDiag]   rock 'Kerbin Zn3010000130' 'Grass00' #78 vertex 4: ground 600204.169972 m, vertex 600203.969261 m, -200.711 mm above the ground
[RockPrecisionFixDiag]   rock 'Kerbin Zn3010000130' 'Grass00' #78 vertex 5: ground 600204.202073 m, vertex 600203.970160 m, -231.913 mm above the ground
[RockPrecisionFixDiag]   rock 'Kerbin Zn3010000130' 'Grass00' #78 vertex 6: ground 600204.169856 m, vertex 600205.687076 m, +1517.220 mm above the ground
[RockPrecisionFixDiag]   rock 'Kerbin Zn3010000130' 'Grass00' #78 vertex 7: ground 600204.201991 m, vertex 600205.687975 m, +1485.984 mm above the ground
[RockPrecisionFixDiag]   rock 'Kerbin Zn3010000130' 'Grass00' #79 vertex 0: ground 600195.069616 m, vertex 600194.866629 m, -202.987 mm above the ground
[RockPrecisionFixDiag]   rock 'Kerbin Zn3010000130' 'Grass00' #79 vertex 1: ground 600195.030624 m, vertex 600194.865270 m, -165.354 mm above the ground
[RockPrecisionFixDiag]   rock 'Kerbin Zn3010000130' 'Grass00' #79 vertex 2: ground 600195.069599 m, vertex 600196.423441 m, +1353.842 mm above the ground
[RockPrecisionFixDiag]   rock 'Kerbin Zn3010000130' 'Grass00' #79 vertex 3: ground 600195.030568 m, vertex 600196.422058 m, +1391.490 mm above the ground
[RockPrecisionFixDiag]   rock 'Kerbin Zn3010000130' 'Grass00' #79 vertex 4: ground 600195.069616 m, vertex 600194.866629 m, -202.987 mm above the ground
[RockPrecisionFixDiag]   rock 'Kerbin Zn3010000130' 'Grass00' #79 vertex 5: ground 600195.030624 m, vertex 600194.865270 m, -165.354 mm above the ground
[RockPrecisionFixDiag]   rock 'Kerbin Zn3010000130' 'Grass00' #79 vertex 6: ground 600195.069599 m, vertex 600196.423441 m, +1353.842 mm above the ground
[RockPrecisionFixDiag]   rock 'Kerbin Zn3010000130' 'Grass00' #79 vertex 7: ground 600195.030568 m, vertex 600196.422058 m, +1391.490 mm above the ground
[RockPrecisionFixDiag]   rock 'Kerbin Zn3010000130' 'Grass00' #80 vertex 0: ground 600188.995039 m, vertex 600188.657057 m, -337.982 mm above the ground
[RockPrecisionFixDiag]   rock 'Kerbin Zn3010000130' 'Grass00' #80 vertex 1: ground 600189.003517 m, vertex 600188.657716 m, -345.801 mm above the ground
[RockPrecisionFixDiag]   rock 'Kerbin Zn3010000130' 'Grass00' #80 vertex 2: ground 600188.995062 m, vertex 600189.840018 m, +844.955 mm above the ground
[RockPrecisionFixDiag]   rock 'Kerbin Zn3010000130' 'Grass00' #80 vertex 3: ground 600189.003548 m, vertex 600189.840677 m, +837.129 mm above the ground
[RockPrecisionFixDiag]   rock 'Kerbin Zn3010000130' 'Grass00' #80 vertex 4: ground 600188.995039 m, vertex 600188.657057 m, -337.982 mm above the ground
[RockPrecisionFixDiag]   rock 'Kerbin Zn3010000130' 'Grass00' #80 vertex 5: ground 600189.003517 m, vertex 600188.657716 m, -345.801 mm above the ground
[RockPrecisionFixDiag]   rock 'Kerbin Zn3010000130' 'Grass00' #80 vertex 6: ground 600188.995062 m, vertex 600189.840018 m, +844.955 mm above the ground
[RockPrecisionFixDiag]   rock 'Kerbin Zn3010000130' 'Grass00' #80 vertex 7: ground 600189.003548 m, vertex 600189.840677 m, +837.129 mm above the ground
[RockPrecisionFixDiag]   rock 'Kerbin Zn3010000130' 'Grass00' #81 vertex 0: ground 600190.010054 m, vertex 600190.037171 m, +27.117 mm above the ground
[RockPrecisionFixDiag]   rock 'Kerbin Zn3010000130' 'Grass00' #81 vertex 1: ground 600190.011399 m, vertex 600190.036881 m, +25.482 mm above the ground
[RockPrecisionFixDiag]   rock 'Kerbin Zn3010000130' 'Grass00' #81 vertex 2: ground 600190.010060 m, vertex 600191.272694 m, +1262.634 mm above the ground
[RockPrecisionFixDiag]   rock 'Kerbin Zn3010000130' 'Grass00' #81 vertex 3: ground 600190.011389 m, vertex 600191.272398 m, +1261.009 mm above the ground
[RockPrecisionFixDiag]   rock 'Kerbin Zn3010000130' 'Grass00' #81 vertex 4: ground 600190.010054 m, vertex 600190.037171 m, +27.117 mm above the ground
[RockPrecisionFixDiag]   rock 'Kerbin Zn3010000130' 'Grass00' #81 vertex 5: ground 600190.011399 m, vertex 600190.036881 m, +25.482 mm above the ground
[RockPrecisionFixDiag]   rock 'Kerbin Zn3010000130' 'Grass00' #81 vertex 6: ground 600190.010060 m, vertex 600191.272694 m, +1262.634 mm above the ground
[RockPrecisionFixDiag]   rock 'Kerbin Zn3010000130' 'Grass00' #81 vertex 7: ground 600190.011389 m, vertex 600191.272398 m, +1261.009 mm above the ground
[RockPrecisionFixDiag]   rock 'Kerbin Zn3010000130' 'Grass00' #82 vertex 0: ground 600189.088007 m, vertex 600188.924256 m, -163.751 mm above the ground
[RockPrecisionFixDiag]   rock 'Kerbin Zn3010000130' 'Grass00' #82 vertex 1: ground 600189.040209 m, vertex 600188.924701 m, -115.508 mm above the ground
[RockPrecisionFixDiag]   rock 'Kerbin Zn3010000130' 'Grass00' #82 vertex 2: ground 600189.088009 m, vertex 600190.005908 m, +917.898 mm above the ground
[RockPrecisionFixDiag]   rock 'Kerbin Zn3010000130' 'Grass00' #82 vertex 3: ground 600189.040190 m, vertex 600190.006353 m, +966.163 mm above the ground
[RockPrecisionFixDiag]   rock 'Kerbin Zn3010000130' 'Grass00' #82 vertex 4: ground 600189.088007 m, vertex 600188.924256 m, -163.751 mm above the ground
[RockPrecisionFixDiag]   rock 'Kerbin Zn3010000130' 'Grass00' #82 vertex 5: ground 600189.040209 m, vertex 600188.924701 m, -115.508 mm above the ground
[RockPrecisionFixDiag]   rock 'Kerbin Zn3010000130' 'Grass00' #82 vertex 6: ground 600189.088009 m, vertex 600190.005908 m, +917.898 mm above the ground
[RockPrecisionFixDiag]   rock 'Kerbin Zn3010000130' 'Grass00' #82 vertex 7: ground 600189.040190 m, vertex 600190.006353 m, +966.163 mm above the ground
[RockPrecisionFixDiag]   rock 'Kerbin Zn3010000130' 'Grass00' #83 vertex 0: ground 600213.557428 m, vertex 600213.359772 m, -197.657 mm above the ground
[RockPrecisionFixDiag]   rock 'Kerbin Zn3010000130' 'Grass00' #83 vertex 1: ground 600213.487249 m, vertex 600213.360306 m, -126.942 mm above the ground
[RockPrecisionFixDiag]   rock 'Kerbin Zn3010000130' 'Grass00' #83 vertex 2: ground 600213.557421 m, vertex 600214.517129 m, +959.708 mm above the ground
[RockPrecisionFixDiag]   rock 'Kerbin Zn3010000130' 'Grass00' #83 vertex 3: ground 600213.487187 m, vertex 600214.517657 m, +1030.469 mm above the ground
[RockPrecisionFixDiag]   rock 'Kerbin Zn3010000130' 'Grass00' #83 vertex 4: ground 600213.557428 m, vertex 600213.359772 m, -197.657 mm above the ground
[RockPrecisionFixDiag]   rock 'Kerbin Zn3010000130' 'Grass00' #83 vertex 5: ground 600213.487249 m, vertex 600213.360306 m, -126.942 mm above the ground
[RockPrecisionFixDiag]   rock 'Kerbin Zn3010000130' 'Grass00' #83 vertex 6: ground 600213.557421 m, vertex 600214.517129 m, +959.708 mm above the ground
[RockPrecisionFixDiag]   rock 'Kerbin Zn3010000130' 'Grass00' #83 vertex 7: ground 600213.487187 m, vertex 600214.517657 m, +1030.469 mm above the ground
[RockPrecisionFixDiag]   rock 'Kerbin Zn3010000130' 'Grass00' #84 vertex 0: ground 600206.023887 m, vertex 600205.822156 m, -201.731 mm above the ground
[RockPrecisionFixDiag]   rock 'Kerbin Zn3010000130' 'Grass00' #84 vertex 1: ground 600206.019847 m, vertex 600205.823272 m, -196.575 mm above the ground
[RockPrecisionFixDiag]   rock 'Kerbin Zn3010000130' 'Grass00' #84 vertex 2: ground 600206.023802 m, vertex 600207.531811 m, +1508.009 mm above the ground
[RockPrecisionFixDiag]   rock 'Kerbin Zn3010000130' 'Grass00' #84 vertex 3: ground 600206.019762 m, vertex 600207.532927 m, +1513.165 mm above the ground
[RockPrecisionFixDiag]   rock 'Kerbin Zn3010000130' 'Grass00' #84 vertex 4: ground 600206.023887 m, vertex 600205.822156 m, -201.731 mm above the ground
[RockPrecisionFixDiag]   rock 'Kerbin Zn3010000130' 'Grass00' #84 vertex 5: ground 600206.019847 m, vertex 600205.823272 m, -196.575 mm above the ground
[RockPrecisionFixDiag]   rock 'Kerbin Zn3010000130' 'Grass00' #84 vertex 6: ground 600206.023802 m, vertex 600207.531811 m, +1508.009 mm above the ground
[RockPrecisionFixDiag]   rock 'Kerbin Zn3010000130' 'Grass00' #84 vertex 7: ground 600206.019762 m, vertex 600207.532927 m, +1513.165 mm above the ground
[RockPrecisionFixDiag]   rock 'Kerbin Zn3010000130' 'Grass00' #85 vertex 0: ground 600191.676321 m, vertex 600191.228550 m, -447.770 mm above the ground
[RockPrecisionFixDiag]   rock 'Kerbin Zn3010000130' 'Grass00' #85 vertex 1: ground 600191.564105 m, vertex 600191.229079 m, -335.025 mm above the ground
[RockPrecisionFixDiag]   rock 'Kerbin Zn3010000130' 'Grass00' #85 vertex 2: ground 600191.676345 m, vertex 600192.798206 m, +1121.861 mm above the ground
[RockPrecisionFixDiag]   rock 'Kerbin Zn3010000130' 'Grass00' #85 vertex 3: ground 600191.564133 m, vertex 600192.798735 m, +1234.602 mm above the ground
[RockPrecisionFixDiag]   rock 'Kerbin Zn3010000130' 'Grass00' #85 vertex 4: ground 600191.676321 m, vertex 600191.228550 m, -447.770 mm above the ground
[RockPrecisionFixDiag]   rock 'Kerbin Zn3010000130' 'Grass00' #85 vertex 5: ground 600191.564105 m, vertex 600191.229079 m, -335.025 mm above the ground
[RockPrecisionFixDiag]   rock 'Kerbin Zn3010000130' 'Grass00' #85 vertex 6: ground 600191.676345 m, vertex 600192.798206 m, +1121.861 mm above the ground
[RockPrecisionFixDiag]   rock 'Kerbin Zn3010000130' 'Grass00' #85 vertex 7: ground 600191.564133 m, vertex 600192.798735 m, +1234.602 mm above the ground
[RockPrecisionFixDiag]   rock 'Kerbin Zn3010000130' 'Grass00' #86 vertex 0: ground 600203.371502 m, vertex 600203.170383 m, -201.119 mm above the ground
[RockPrecisionFixDiag]   rock 'Kerbin Zn3010000130' 'Grass00' #86 vertex 1: ground 600203.417771 m, vertex 600203.170734 m, -247.037 mm above the ground
[RockPrecisionFixDiag]   rock 'Kerbin Zn3010000130' 'Grass00' #86 vertex 2: ground 600203.371514 m, vertex 600204.271410 m, +899.896 mm above the ground
[RockPrecisionFixDiag]   rock 'Kerbin Zn3010000130' 'Grass00' #86 vertex 3: ground 600203.417773 m, vertex 600204.271762 m, +853.989 mm above the ground
[RockPrecisionFixDiag]   rock 'Kerbin Zn3010000130' 'Grass00' #86 vertex 4: ground 600203.371502 m, vertex 600203.170383 m, -201.119 mm above the ground
[RockPrecisionFixDiag]   rock 'Kerbin Zn3010000130' 'Grass00' #86 vertex 5: ground 600203.417771 m, vertex 600203.170734 m, -247.037 mm above the ground
[RockPrecisionFixDiag]   rock 'Kerbin Zn3010000130' 'Grass00' #86 vertex 6: ground 600203.371514 m, vertex 600204.271410 m, +899.896 mm above the ground
[RockPrecisionFixDiag]   rock 'Kerbin Zn3010000130' 'Grass00' #86 vertex 7: ground 600203.417773 m, vertex 600204.271762 m, +853.989 mm above the ground
[RockPrecisionFixDiag]   rock 'Kerbin Zn3010000130' 'Grass00' #87 vertex 0: ground 600202.349623 m, vertex 600202.148059 m, -201.564 mm above the ground
[RockPrecisionFixDiag]   rock 'Kerbin Zn3010000130' 'Grass00' #87 vertex 1: ground 600202.328714 m, vertex 600202.147125 m, -181.589 mm above the ground
[RockPrecisionFixDiag]   rock 'Kerbin Zn3010000130' 'Grass00' #87 vertex 2: ground 600202.349643 m, vertex 600203.448097 m, +1098.455 mm above the ground
[RockPrecisionFixDiag]   rock 'Kerbin Zn3010000130' 'Grass00' #87 vertex 3: ground 600202.328746 m, vertex 600203.447125 m, +1118.379 mm above the ground
[RockPrecisionFixDiag]   rock 'Kerbin Zn3010000130' 'Grass00' #87 vertex 4: ground 600202.349623 m, vertex 600202.148059 m, -201.564 mm above the ground
[RockPrecisionFixDiag]   rock 'Kerbin Zn3010000130' 'Grass00' #87 vertex 5: ground 600202.328714 m, vertex 600202.147125 m, -181.589 mm above the ground
[RockPrecisionFixDiag]   rock 'Kerbin Zn3010000130' 'Grass00' #87 vertex 6: ground 600202.349643 m, vertex 600203.448097 m, +1098.455 mm above the ground
[RockPrecisionFixDiag]   rock 'Kerbin Zn3010000130' 'Grass00' #87 vertex 7: ground 600202.328746 m, vertex 600203.447125 m, +1118.379 mm above the ground
[RockPrecisionFixDiag]   rock 'Kerbin Zn3010000130' 'Grass00' #88 vertex 0: ground 600195.009793 m, vertex 600194.804712 m, -205.081 mm above the ground
[RockPrecisionFixDiag]   rock 'Kerbin Zn3010000130' 'Grass00' #88 vertex 1: ground 600194.963242 m, vertex 600194.804081 m, -159.161 mm above the ground
[RockPrecisionFixDiag]   rock 'Kerbin Zn3010000130' 'Grass00' #88 vertex 2: ground 600195.009734 m, vertex 600195.972083 m, +962.349 mm above the ground
[RockPrecisionFixDiag]   rock 'Kerbin Zn3010000130' 'Grass00' #88 vertex 3: ground 600194.963189 m, vertex 600195.971431 m, +1008.242 mm above the ground
[RockPrecisionFixDiag]   rock 'Kerbin Zn3010000130' 'Grass00' #88 vertex 4: ground 600195.009793 m, vertex 600194.804712 m, -205.081 mm above the ground
[RockPrecisionFixDiag]   rock 'Kerbin Zn3010000130' 'Grass00' #88 vertex 5: ground 600194.963242 m, vertex 600194.804081 m, -159.161 mm above the ground
[RockPrecisionFixDiag]   rock 'Kerbin Zn3010000130' 'Grass00' #88 vertex 6: ground 600195.009734 m, vertex 600195.972083 m, +962.349 mm above the ground
[RockPrecisionFixDiag]   rock 'Kerbin Zn3010000130' 'Grass00' #88 vertex 7: ground 600194.963189 m, vertex 600195.971431 m, +1008.242 mm above the ground
[RockPrecisionFixDiag]   rock 'Kerbin Zn3010000130' 'Grass00' #89 vertex 0: ground 600202.150329 m, vertex 600201.948220 m, -202.109 mm above the ground
[RockPrecisionFixDiag]   rock 'Kerbin Zn3010000130' 'Grass00' #89 vertex 1: ground 600202.131265 m, vertex 600201.947916 m, -183.349 mm above the ground
[RockPrecisionFixDiag]   rock 'Kerbin Zn3010000130' 'Grass00' #89 vertex 2: ground 600202.150285 m, vertex 600203.443404 m, +1293.118 mm above the ground
[RockPrecisionFixDiag]   rock 'Kerbin Zn3010000130' 'Grass00' #89 vertex 3: ground 600202.131227 m, vertex 600203.443111 m, +1311.883 mm above the ground
[RockPrecisionFixDiag]   rock 'Kerbin Zn3010000130' 'Grass00' #89 vertex 4: ground 600202.150329 m, vertex 600201.948220 m, -202.109 mm above the ground
[RockPrecisionFixDiag]   rock 'Kerbin Zn3010000130' 'Grass00' #89 vertex 5: ground 600202.131265 m, vertex 600201.947916 m, -183.349 mm above the ground
[RockPrecisionFixDiag]   rock 'Kerbin Zn3010000130' 'Grass00' #89 vertex 6: ground 600202.150285 m, vertex 600203.443404 m, +1293.118 mm above the ground
[RockPrecisionFixDiag]   rock 'Kerbin Zn3010000130' 'Grass00' #89 vertex 7: ground 600202.131227 m, vertex 600203.443111 m, +1311.883 mm above the ground
[RockPrecisionFixDiag]   rock 'Kerbin Zn3010000130' 'Grass00' #90 vertex 0: ground 600191.449675 m, vertex 600191.248016 m, -201.659 mm above the ground
[RockPrecisionFixDiag]   rock 'Kerbin Zn3010000130' 'Grass00' #90 vertex 1: ground 600191.427807 m, vertex 600191.248734 m, -179.074 mm above the ground
[RockPrecisionFixDiag]   rock 'Kerbin Zn3010000130' 'Grass00' #90 vertex 2: ground 600191.449713 m, vertex 600193.166287 m, +1716.573 mm above the ground
[RockPrecisionFixDiag]   rock 'Kerbin Zn3010000130' 'Grass00' #90 vertex 3: ground 600191.427803 m, vertex 600193.167026 m, +1739.222 mm above the ground
[RockPrecisionFixDiag]   rock 'Kerbin Zn3010000130' 'Grass00' #90 vertex 4: ground 600191.449675 m, vertex 600191.248016 m, -201.659 mm above the ground
[RockPrecisionFixDiag]   rock 'Kerbin Zn3010000130' 'Grass00' #90 vertex 5: ground 600191.427807 m, vertex 600191.248734 m, -179.074 mm above the ground
[RockPrecisionFixDiag]   rock 'Kerbin Zn3010000130' 'Grass00' #90 vertex 6: ground 600191.449713 m, vertex 600193.166287 m, +1716.573 mm above the ground
[RockPrecisionFixDiag]   rock 'Kerbin Zn3010000130' 'Grass00' #90 vertex 7: ground 600191.427803 m, vertex 600193.167026 m, +1739.222 mm above the ground
[RockPrecisionFixDiag]   rock 'Kerbin Zn3010000130' 'Grass00' #91 vertex 0: ground 600204.044386 m, vertex 600203.709641 m, -334.745 mm above the ground
[RockPrecisionFixDiag]   rock 'Kerbin Zn3010000130' 'Grass00' #91 vertex 1: ground 600204.111903 m, vertex 600203.709102 m, -402.800 mm above the ground
[RockPrecisionFixDiag]   rock 'Kerbin Zn3010000130' 'Grass00' #91 vertex 2: ground 600204.044416 m, vertex 600204.790960 m, +746.544 mm above the ground
[RockPrecisionFixDiag]   rock 'Kerbin Zn3010000130' 'Grass00' #91 vertex 3: ground 600204.111941 m, vertex 600204.790410 m, +678.469 mm above the ground
[RockPrecisionFixDiag]   rock 'Kerbin Zn3010000130' 'Grass00' #91 vertex 4: ground 600204.044386 m, vertex 600203.709641 m, -334.745 mm above the ground
[RockPrecisionFixDiag]   rock 'Kerbin Zn3010000130' 'Grass00' #91 vertex 5: ground 600204.111903 m, vertex 600203.709102 m, -402.800 mm above the ground
[RockPrecisionFixDiag]   rock 'Kerbin Zn3010000130' 'Grass00' #91 vertex 6: ground 600204.044416 m, vertex 600204.790960 m, +746.544 mm above the ground
[RockPrecisionFixDiag]   rock 'Kerbin Zn3010000130' 'Grass00' #91 vertex 7: ground 600204.111941 m, vertex 600204.790410 m, +678.469 mm above the ground
[RockPrecisionFixDiag]   rock 'Kerbin Zn3010000130' 'Grass00' #92 vertex 0: ground 600188.774240 m, vertex 600188.572350 m, -201.890 mm above the ground
[RockPrecisionFixDiag]   rock 'Kerbin Zn3010000130' 'Grass00' #92 vertex 1: ground 600188.770245 m, vertex 600188.572935 m, -197.310 mm above the ground
[RockPrecisionFixDiag]   rock 'Kerbin Zn3010000130' 'Grass00' #92 vertex 2: ground 600188.774251 m, vertex 600189.691869 m, +917.618 mm above the ground
[RockPrecisionFixDiag]   rock 'Kerbin Zn3010000130' 'Grass00' #92 vertex 3: ground 600188.770206 m, vertex 600189.692423 m, +922.218 mm above the ground
[RockPrecisionFixDiag]   rock 'Kerbin Zn3010000130' 'Grass00' #92 vertex 4: ground 600188.774240 m, vertex 600188.572350 m, -201.890 mm above the ground
[RockPrecisionFixDiag]   rock 'Kerbin Zn3010000130' 'Grass00' #92 vertex 5: ground 600188.770245 m, vertex 600188.572935 m, -197.310 mm above the ground
[RockPrecisionFixDiag]   rock 'Kerbin Zn3010000130' 'Grass00' #92 vertex 6: ground 600188.774251 m, vertex 600189.691869 m, +917.618 mm above the ground
[RockPrecisionFixDiag]   rock 'Kerbin Zn3010000130' 'Grass00' #92 vertex 7: ground 600188.770206 m, vertex 600189.692423 m, +922.218 mm above the ground
[RockPrecisionFixDiag]   rock 'Kerbin Zn3010000130' 'Grass00' #93 vertex 0: ground 600201.123729 m, vertex 600200.921086 m, -202.643 mm above the ground
[RockPrecisionFixDiag]   rock 'Kerbin Zn3010000130' 'Grass00' #93 vertex 1: ground 600201.284733 m, vertex 600200.919780 m, -364.953 mm above the ground
[RockPrecisionFixDiag]   rock 'Kerbin Zn3010000130' 'Grass00' #93 vertex 2: ground 600201.123880 m, vertex 600202.588042 m, +1464.162 mm above the ground
[RockPrecisionFixDiag]   rock 'Kerbin Zn3010000130' 'Grass00' #93 vertex 3: ground 600201.284860 m, vertex 600202.586716 m, +1301.856 mm above the ground
[RockPrecisionFixDiag]   rock 'Kerbin Zn3010000130' 'Grass00' #93 vertex 4: ground 600201.123729 m, vertex 600200.921086 m, -202.643 mm above the ground
[RockPrecisionFixDiag]   rock 'Kerbin Zn3010000130' 'Grass00' #93 vertex 5: ground 600201.284733 m, vertex 600200.919780 m, -364.953 mm above the ground
[RockPrecisionFixDiag]   rock 'Kerbin Zn3010000130' 'Grass00' #93 vertex 6: ground 600201.123880 m, vertex 600202.588042 m, +1464.162 mm above the ground
[RockPrecisionFixDiag]   rock 'Kerbin Zn3010000130' 'Grass00' #93 vertex 7: ground 600201.284860 m, vertex 600202.586716 m, +1301.856 mm above the ground
[RockPrecisionFixDiag]   rock 'Kerbin Zn3010000130' 'Grass00' #94 vertex 0: ground 600190.516993 m, vertex 600190.313006 m, -203.988 mm above the ground
[RockPrecisionFixDiag]   rock 'Kerbin Zn3010000130' 'Grass00' #94 vertex 1: ground 600190.495038 m, vertex 600190.313079 m, -181.959 mm above the ground
[RockPrecisionFixDiag]   rock 'Kerbin Zn3010000130' 'Grass00' #94 vertex 2: ground 600190.516980 m, vertex 600191.459882 m, +942.901 mm above the ground
[RockPrecisionFixDiag]   rock 'Kerbin Zn3010000130' 'Grass00' #94 vertex 3: ground 600190.495027 m, vertex 600191.459955 m, +964.928 mm above the ground
[RockPrecisionFixDiag]   rock 'Kerbin Zn3010000130' 'Grass00' #94 vertex 4: ground 600190.516993 m, vertex 600190.313006 m, -203.988 mm above the ground
[RockPrecisionFixDiag]   rock 'Kerbin Zn3010000130' 'Grass00' #94 vertex 5: ground 600190.495038 m, vertex 600190.313079 m, -181.959 mm above the ground
[RockPrecisionFixDiag]   rock 'Kerbin Zn3010000130' 'Grass00' #94 vertex 6: ground 600190.516980 m, vertex 600191.459882 m, +942.901 mm above the ground
[RockPrecisionFixDiag]   rock 'Kerbin Zn3010000130' 'Grass00' #94 vertex 7: ground 600190.495027 m, vertex 600191.459955 m, +964.928 mm above the ground
[RockPrecisionFixDiag]   rock 'Kerbin Zn3010000130' 'Grass00' #95 vertex 0: ground 600206.715162 m, vertex 600206.513424 m, -201.738 mm above the ground
[RockPrecisionFixDiag]   rock 'Kerbin Zn3010000130' 'Grass00' #95 vertex 1: ground 600206.702987 m, vertex 600206.514495 m, -188.492 mm above the ground
[RockPrecisionFixDiag]   rock 'Kerbin Zn3010000130' 'Grass00' #95 vertex 2: ground 600206.715216 m, vertex 600208.138181 m, +1422.966 mm above the ground
[RockPrecisionFixDiag]   rock 'Kerbin Zn3010000130' 'Grass00' #95 vertex 3: ground 600206.703041 m, vertex 600208.139253 m, +1436.212 mm above the ground
[RockPrecisionFixDiag]   rock 'Kerbin Zn3010000130' 'Grass00' #95 vertex 4: ground 600206.715162 m, vertex 600206.513424 m, -201.738 mm above the ground
[RockPrecisionFixDiag]   rock 'Kerbin Zn3010000130' 'Grass00' #95 vertex 5: ground 600206.702987 m, vertex 600206.514495 m, -188.492 mm above the ground
[RockPrecisionFixDiag]   rock 'Kerbin Zn3010000130' 'Grass00' #95 vertex 6: ground 600206.715216 m, vertex 600208.138181 m, +1422.966 mm above the ground
[RockPrecisionFixDiag]   rock 'Kerbin Zn3010000130' 'Grass00' #95 vertex 7: ground 600206.703041 m, vertex 600208.139253 m, +1436.212 mm above the ground
[RockPrecisionFixDiag]   rock 'Kerbin Zn3010000130' 'Grass00' #96 vertex 0: ground 600191.399323 m, vertex 600191.198283 m, -201.041 mm above the ground
[RockPrecisionFixDiag]   rock 'Kerbin Zn3010000130' 'Grass00' #96 vertex 1: ground 600191.372369 m, vertex 600191.197978 m, -174.391 mm above the ground
[RockPrecisionFixDiag]   rock 'Kerbin Zn3010000130' 'Grass00' #96 vertex 2: ground 600191.399293 m, vertex 600192.243701 m, +844.409 mm above the ground
[RockPrecisionFixDiag]   rock 'Kerbin Zn3010000130' 'Grass00' #96 vertex 3: ground 600191.372344 m, vertex 600192.243391 m, +871.047 mm above the ground
[RockPrecisionFixDiag]   rock 'Kerbin Zn3010000130' 'Grass00' #96 vertex 4: ground 600191.399323 m, vertex 600191.198283 m, -201.041 mm above the ground
[RockPrecisionFixDiag]   rock 'Kerbin Zn3010000130' 'Grass00' #96 vertex 5: ground 600191.372369 m, vertex 600191.197978 m, -174.391 mm above the ground
[RockPrecisionFixDiag]   rock 'Kerbin Zn3010000130' 'Grass00' #96 vertex 6: ground 600191.399293 m, vertex 600192.243701 m, +844.409 mm above the ground
[RockPrecisionFixDiag]   rock 'Kerbin Zn3010000130' 'Grass00' #96 vertex 7: ground 600191.372344 m, vertex 600192.243391 m, +871.047 mm above the ground
[RockPrecisionFixDiag]   rock 'Kerbin Zn3010000130' 'Grass00' #97 vertex 0: ground 600195.615448 m, vertex 600195.411410 m, -204.038 mm above the ground
[RockPrecisionFixDiag]   rock 'Kerbin Zn3010000130' 'Grass00' #97 vertex 1: ground 600195.724302 m, vertex 600195.411414 m, -312.888 mm above the ground
[RockPrecisionFixDiag]   rock 'Kerbin Zn3010000130' 'Grass00' #97 vertex 2: ground 600195.615480 m, vertex 600197.282712 m, +1667.232 mm above the ground
[RockPrecisionFixDiag]   rock 'Kerbin Zn3010000130' 'Grass00' #97 vertex 3: ground 600195.724324 m, vertex 600197.282717 m, +1558.393 mm above the ground
[RockPrecisionFixDiag]   rock 'Kerbin Zn3010000130' 'Grass00' #97 vertex 4: ground 600195.615448 m, vertex 600195.411410 m, -204.038 mm above the ground
[RockPrecisionFixDiag]   rock 'Kerbin Zn3010000130' 'Grass00' #97 vertex 5: ground 600195.724302 m, vertex 600195.411414 m, -312.888 mm above the ground
[RockPrecisionFixDiag]   rock 'Kerbin Zn3010000130' 'Grass00' #97 vertex 6: ground 600195.615480 m, vertex 600197.282712 m, +1667.232 mm above the ground
[RockPrecisionFixDiag]   rock 'Kerbin Zn3010000130' 'Grass00' #97 vertex 7: ground 600195.724324 m, vertex 600197.282717 m, +1558.393 mm above the ground
[RockPrecisionFixDiag]   rock 'Kerbin Zn3010000130' 'Grass00' #98 vertex 0: ground 600186.570116 m, vertex 600186.451607 m, -118.509 mm above the ground
[RockPrecisionFixDiag]   rock 'Kerbin Zn3010000130' 'Grass00' #98 vertex 1: ground 600186.568744 m, vertex 600186.452833 m, -115.910 mm above the ground
[RockPrecisionFixDiag]   rock 'Kerbin Zn3010000130' 'Grass00' #98 vertex 2: ground 600186.570115 m, vertex 600188.145907 m, +1575.792 mm above the ground
[RockPrecisionFixDiag]   rock 'Kerbin Zn3010000130' 'Grass00' #98 vertex 3: ground 600186.568719 m, vertex 600188.147133 m, +1578.414 mm above the ground
[RockPrecisionFixDiag]   rock 'Kerbin Zn3010000130' 'Grass00' #98 vertex 4: ground 600186.570116 m, vertex 600186.451607 m, -118.509 mm above the ground
[RockPrecisionFixDiag]   rock 'Kerbin Zn3010000130' 'Grass00' #98 vertex 5: ground 600186.568744 m, vertex 600186.452833 m, -115.910 mm above the ground
[RockPrecisionFixDiag]   rock 'Kerbin Zn3010000130' 'Grass00' #98 vertex 6: ground 600186.570115 m, vertex 600188.145907 m, +1575.792 mm above the ground
[RockPrecisionFixDiag]   rock 'Kerbin Zn3010000130' 'Grass00' #98 vertex 7: ground 600186.568719 m, vertex 600188.147133 m, +1578.414 mm above the ground
[RockPrecisionFixDiag]   rock 'Kerbin Zn3010000130' 'Grass00' #99 vertex 0: ground 600200.104219 m, vertex 600199.903097 m, -201.122 mm above the ground
[RockPrecisionFixDiag]   rock 'Kerbin Zn3010000130' 'Grass00' #99 vertex 1: ground 600200.164822 m, vertex 600199.903373 m, -261.448 mm above the ground
[RockPrecisionFixDiag]   rock 'Kerbin Zn3010000130' 'Grass00' #99 vertex 2: ground 600200.104204 m, vertex 600201.141983 m, +1037.779 mm above the ground
[RockPrecisionFixDiag]   rock 'Kerbin Zn3010000130' 'Grass00' #99 vertex 3: ground 600200.164810 m, vertex 600201.142259 m, +977.448 mm above the ground
[RockPrecisionFixDiag]   rock 'Kerbin Zn3010000130' 'Grass00' #99 vertex 4: ground 600200.104219 m, vertex 600199.903097 m, -201.122 mm above the ground
[RockPrecisionFixDiag]   rock 'Kerbin Zn3010000130' 'Grass00' #99 vertex 5: ground 600200.164822 m, vertex 600199.903373 m, -261.448 mm above the ground
[RockPrecisionFixDiag]   rock 'Kerbin Zn3010000130' 'Grass00' #99 vertex 6: ground 600200.104204 m, vertex 600201.141983 m, +1037.779 mm above the ground
[RockPrecisionFixDiag]   rock 'Kerbin Zn3010000130' 'Grass00' #99 vertex 7: ground 600200.164810 m, vertex 600201.142259 m, +977.448 mm above the ground
[RockPrecisionFixDiag]   rock 'Kerbin Zn3010000130' 'Grass00' #100 vertex 0: ground 600204.383513 m, vertex 600204.181848 m, -201.665 mm above the ground
[RockPrecisionFixDiag]   rock 'Kerbin Zn3010000130' 'Grass00' #100 vertex 1: ground 600204.332030 m, vertex 600204.180957 m, -151.072 mm above the ground
[RockPrecisionFixDiag]   rock 'Kerbin Zn3010000130' 'Grass00' #100 vertex 2: ground 600204.383519 m, vertex 600205.825804 m, +1442.285 mm above the ground
[RockPrecisionFixDiag]   rock 'Kerbin Zn3010000130' 'Grass00' #100 vertex 3: ground 600204.331973 m, vertex 600205.824933 m, +1492.960 mm above the ground
[RockPrecisionFixDiag]   rock 'Kerbin Zn3010000130' 'Grass00' #100 vertex 4: ground 600204.383513 m, vertex 600204.181848 m, -201.665 mm above the ground
[RockPrecisionFixDiag]   rock 'Kerbin Zn3010000130' 'Grass00' #100 vertex 5: ground 600204.332030 m, vertex 600204.180957 m, -151.072 mm above the ground
[RockPrecisionFixDiag]   rock 'Kerbin Zn3010000130' 'Grass00' #100 vertex 6: ground 600204.383519 m, vertex 600205.825804 m, +1442.285 mm above the ground
[RockPrecisionFixDiag]   rock 'Kerbin Zn3010000130' 'Grass00' #100 vertex 7: ground 600204.331973 m, vertex 600205.824933 m, +1492.960 mm above the ground
[RockPrecisionFixDiag]   rock 'Kerbin Zn3010000130' 'Grass00' #101 vertex 0: ground 600186.903435 m, vertex 600186.702791 m, -200.645 mm above the ground
[RockPrecisionFixDiag]   rock 'Kerbin Zn3010000130' 'Grass00' #101 vertex 1: ground 600186.892430 m, vertex 600186.702668 m, -189.762 mm above the ground
[RockPrecisionFixDiag]   rock 'Kerbin Zn3010000130' 'Grass00' #101 vertex 2: ground 600186.903453 m, vertex 600188.686751 m, +1783.299 mm above the ground
[RockPrecisionFixDiag]   rock 'Kerbin Zn3010000130' 'Grass00' #101 vertex 3: ground 600186.892448 m, vertex 600188.686630 m, +1794.182 mm above the ground
[RockPrecisionFixDiag]   rock 'Kerbin Zn3010000130' 'Grass00' #101 vertex 4: ground 600186.903435 m, vertex 600186.702791 m, -200.645 mm above the ground
[RockPrecisionFixDiag]   rock 'Kerbin Zn3010000130' 'Grass00' #101 vertex 5: ground 600186.892430 m, vertex 600186.702668 m, -189.762 mm above the ground
[RockPrecisionFixDiag]   rock 'Kerbin Zn3010000130' 'Grass00' #101 vertex 6: ground 600186.903453 m, vertex 600188.686751 m, +1783.299 mm above the ground
[RockPrecisionFixDiag]   rock 'Kerbin Zn3010000130' 'Grass00' #101 vertex 7: ground 600186.892448 m, vertex 600188.686630 m, +1794.182 mm above the ground
[RockPrecisionFixDiag]   rock 'Kerbin Zn3010000130' 'Grass00' #102 vertex 0: ground 600203.471022 m, vertex 600203.268453 m, -202.568 mm above the ground
[RockPrecisionFixDiag]   rock 'Kerbin Zn3010000130' 'Grass00' #102 vertex 1: ground 600203.546851 m, vertex 600203.267901 m, -278.950 mm above the ground
[RockPrecisionFixDiag]   rock 'Kerbin Zn3010000130' 'Grass00' #102 vertex 2: ground 600203.471054 m, vertex 600204.553603 m, +1082.550 mm above the ground
[RockPrecisionFixDiag]   rock 'Kerbin Zn3010000130' 'Grass00' #102 vertex 3: ground 600203.546876 m, vertex 600204.553059 m, +1006.183 mm above the ground
[RockPrecisionFixDiag]   rock 'Kerbin Zn3010000130' 'Grass00' #102 vertex 4: ground 600203.471022 m, vertex 600203.268453 m, -202.568 mm above the ground
[RockPrecisionFixDiag]   rock 'Kerbin Zn3010000130' 'Grass00' #102 vertex 5: ground 600203.546851 m, vertex 600203.267901 m, -278.950 mm above the ground
[RockPrecisionFixDiag]   rock 'Kerbin Zn3010000130' 'Grass00' #102 vertex 6: ground 600203.471054 m, vertex 600204.553603 m, +1082.550 mm above the ground
[RockPrecisionFixDiag]   rock 'Kerbin Zn3010000130' 'Grass00' #102 vertex 7: ground 600203.546876 m, vertex 600204.553059 m, +1006.183 mm above the ground
[RockPrecisionFixDiag]   rock 'Kerbin Zn3010000130' 'Grass00' #103 vertex 0: ground 600197.514842 m, vertex 600197.563488 m, +48.646 mm above the ground
[RockPrecisionFixDiag]   rock 'Kerbin Zn3010000130' 'Grass00' #103 vertex 1: ground 600197.554887 m, vertex 600197.562690 m, +7.803 mm above the ground
[RockPrecisionFixDiag]   rock 'Kerbin Zn3010000130' 'Grass00' #103 vertex 2: ground 600197.514855 m, vertex 600199.420988 m, +1906.133 mm above the ground
[RockPrecisionFixDiag]   rock 'Kerbin Zn3010000130' 'Grass00' #103 vertex 3: ground 600197.554909 m, vertex 600199.420190 m, +1865.281 mm above the ground
[RockPrecisionFixDiag]   rock 'Kerbin Zn3010000130' 'Grass00' #103 vertex 4: ground 600197.514842 m, vertex 600197.563488 m, +48.646 mm above the ground
[RockPrecisionFixDiag]   rock 'Kerbin Zn3010000130' 'Grass00' #103 vertex 5: ground 600197.554887 m, vertex 600197.562690 m, +7.803 mm above the ground
[RockPrecisionFixDiag]   rock 'Kerbin Zn3010000130' 'Grass00' #103 vertex 6: ground 600197.514855 m, vertex 600199.420988 m, +1906.133 mm above the ground
[RockPrecisionFixDiag]   rock 'Kerbin Zn3010000130' 'Grass00' #103 vertex 7: ground 600197.554909 m, vertex 600199.420190 m, +1865.281 mm above the ground
[RockPrecisionFixDiag]   rock 'Kerbin Zn3010000130' 'Grass00' #104 vertex 0: ground 600205.779868 m, vertex 600205.580652 m, -199.216 mm above the ground
[RockPrecisionFixDiag]   rock 'Kerbin Zn3010000130' 'Grass00' #104 vertex 1: ground 600205.842228 m, vertex 600205.579529 m, -262.700 mm above the ground
[RockPrecisionFixDiag]   rock 'Kerbin Zn3010000130' 'Grass00' #104 vertex 2: ground 600205.779869 m, vertex 600207.386330 m, +1606.461 mm above the ground
[RockPrecisionFixDiag]   rock 'Kerbin Zn3010000130' 'Grass00' #104 vertex 3: ground 600205.842234 m, vertex 600207.385183 m, +1542.949 mm above the ground
[RockPrecisionFixDiag]   rock 'Kerbin Zn3010000130' 'Grass00' #104 vertex 4: ground 600205.779868 m, vertex 600205.580652 m, -199.216 mm above the ground
[RockPrecisionFixDiag]   rock 'Kerbin Zn3010000130' 'Grass00' #104 vertex 5: ground 600205.842228 m, vertex 600205.579529 m, -262.700 mm above the ground
[RockPrecisionFixDiag]   rock 'Kerbin Zn3010000130' 'Grass00' #104 vertex 6: ground 600205.779869 m, vertex 600207.386330 m, +1606.461 mm above the ground
[RockPrecisionFixDiag]   rock 'Kerbin Zn3010000130' 'Grass00' #104 vertex 7: ground 600205.842234 m, vertex 600207.385183 m, +1542.949 mm above the ground
[RockPrecisionFixDiag]   rock 'Kerbin Zn3010000130' 'Grass00' #105 vertex 0: ground 600194.819121 m, vertex 600194.671365 m, -147.756 mm above the ground
[RockPrecisionFixDiag]   rock 'Kerbin Zn3010000130' 'Grass00' #105 vertex 1: ground 600194.656248 m, vertex 600194.673054 m, +16.805 mm above the ground
[RockPrecisionFixDiag]   rock 'Kerbin Zn3010000130' 'Grass00' #105 vertex 2: ground 600194.819243 m, vertex 600196.580050 m, +1760.807 mm above the ground
[RockPrecisionFixDiag]   rock 'Kerbin Zn3010000130' 'Grass00' #105 vertex 3: ground 600194.656374 m, vertex 600196.581742 m, +1925.368 mm above the ground
[RockPrecisionFixDiag]   rock 'Kerbin Zn3010000130' 'Grass00' #105 vertex 4: ground 600194.819121 m, vertex 600194.671365 m, -147.756 mm above the ground
[RockPrecisionFixDiag]   rock 'Kerbin Zn3010000130' 'Grass00' #105 vertex 5: ground 600194.656248 m, vertex 600194.673054 m, +16.805 mm above the ground
[RockPrecisionFixDiag]   rock 'Kerbin Zn3010000130' 'Grass00' #105 vertex 6: ground 600194.819243 m, vertex 600196.580050 m, +1760.807 mm above the ground
[RockPrecisionFixDiag]   rock 'Kerbin Zn3010000130' 'Grass00' #105 vertex 7: ground 600194.656374 m, vertex 600196.581742 m, +1925.368 mm above the ground
[RockPrecisionFixDiag]   rock 'Kerbin Zn3010000130' 'Grass00' #106 vertex 0: ground 600191.470343 m, vertex 600191.997194 m, +526.851 mm above the ground
[RockPrecisionFixDiag]   rock 'Kerbin Zn3010000130' 'Grass00' #106 vertex 1: ground 600191.484260 m, vertex 600191.997539 m, +513.278 mm above the ground
[RockPrecisionFixDiag]   rock 'Kerbin Zn3010000130' 'Grass00' #106 vertex 2: ground 600191.470389 m, vertex 600193.146631 m, +1676.242 mm above the ground
[RockPrecisionFixDiag]   rock 'Kerbin Zn3010000130' 'Grass00' #106 vertex 3: ground 600191.484304 m, vertex 600193.146975 m, +1662.672 mm above the ground
[RockPrecisionFixDiag]   rock 'Kerbin Zn3010000130' 'Grass00' #106 vertex 4: ground 600191.470343 m, vertex 600191.997194 m, +526.851 mm above the ground
[RockPrecisionFixDiag]   rock 'Kerbin Zn3010000130' 'Grass00' #106 vertex 5: ground 600191.484260 m, vertex 600191.997539 m, +513.278 mm above the ground
[RockPrecisionFixDiag]   rock 'Kerbin Zn3010000130' 'Grass00' #106 vertex 6: ground 600191.470389 m, vertex 600193.146631 m, +1676.242 mm above the ground
[RockPrecisionFixDiag]   rock 'Kerbin Zn3010000130' 'Grass00' #106 vertex 7: ground 600191.484304 m, vertex 600193.146975 m, +1662.672 mm above the ground
[RockPrecisionFixDiag]   rock 'Kerbin Zn3010000130' 'Grass00' #107 vertex 0: ground 600202.489372 m, vertex 600202.286011 m, -203.361 mm above the ground
[RockPrecisionFixDiag]   rock 'Kerbin Zn3010000130' 'Grass00' #107 vertex 1: ground 600202.504613 m, vertex 600202.284829 m, -219.784 mm above the ground
[RockPrecisionFixDiag]   rock 'Kerbin Zn3010000130' 'Grass00' #107 vertex 2: ground 600202.489389 m, vertex 600203.978191 m, +1488.802 mm above the ground
[RockPrecisionFixDiag]   rock 'Kerbin Zn3010000130' 'Grass00' #107 vertex 3: ground 600202.504547 m, vertex 600203.976986 m, +1472.438 mm above the ground
[RockPrecisionFixDiag]   rock 'Kerbin Zn3010000130' 'Grass00' #107 vertex 4: ground 600202.489372 m, vertex 600202.286011 m, -203.361 mm above the ground
[RockPrecisionFixDiag]   rock 'Kerbin Zn3010000130' 'Grass00' #107 vertex 5: ground 600202.504613 m, vertex 600202.284829 m, -219.784 mm above the ground
[RockPrecisionFixDiag]   rock 'Kerbin Zn3010000130' 'Grass00' #107 vertex 6: ground 600202.489389 m, vertex 600203.978191 m, +1488.802 mm above the ground
[RockPrecisionFixDiag]   rock 'Kerbin Zn3010000130' 'Grass00' #107 vertex 7: ground 600202.504547 m, vertex 600203.976986 m, +1472.438 mm above the ground
[RockPrecisionFixDiag]   rock 'Kerbin Zn3010000130' 'Grass00' #108 vertex 0: ground 600200.431110 m, vertex 600200.230063 m, -201.048 mm above the ground
[RockPrecisionFixDiag]   rock 'Kerbin Zn3010000130' 'Grass00' #108 vertex 1: ground 600200.471227 m, vertex 600200.229281 m, -241.947 mm above the ground
[RockPrecisionFixDiag]   rock 'Kerbin Zn3010000130' 'Grass00' #108 vertex 2: ground 600200.431093 m, vertex 600201.372431 m, +941.338 mm above the ground
[RockPrecisionFixDiag]   rock 'Kerbin Zn3010000130' 'Grass00' #108 vertex 3: ground 600200.471225 m, vertex 600201.371672 m, +900.447 mm above the ground
[RockPrecisionFixDiag]   rock 'Kerbin Zn3010000130' 'Grass00' #108 vertex 4: ground 600200.431110 m, vertex 600200.230063 m, -201.048 mm above the ground
[RockPrecisionFixDiag]   rock 'Kerbin Zn3010000130' 'Grass00' #108 vertex 5: ground 600200.471227 m, vertex 600200.229281 m, -241.947 mm above the ground
[RockPrecisionFixDiag]   rock 'Kerbin Zn3010000130' 'Grass00' #108 vertex 6: ground 600200.431093 m, vertex 600201.372431 m, +941.338 mm above the ground
[RockPrecisionFixDiag]   rock 'Kerbin Zn3010000130' 'Grass00' #108 vertex 7: ground 600200.471225 m, vertex 600201.371672 m, +900.447 mm above the ground
[RockPrecisionFixDiag]   rock 'Kerbin Zn3010000130' 'Grass00' #109 vertex 0: ground 600217.243825 m, vertex 600217.040823 m, -203.002 mm above the ground
[RockPrecisionFixDiag]   rock 'Kerbin Zn3010000130' 'Grass00' #109 vertex 1: ground 600217.233220 m, vertex 600217.041637 m, -191.583 mm above the ground
[RockPrecisionFixDiag]   rock 'Kerbin Zn3010000130' 'Grass00' #109 vertex 2: ground 600217.243888 m, vertex 600218.347034 m, +1103.146 mm above the ground
[RockPrecisionFixDiag]   rock 'Kerbin Zn3010000130' 'Grass00' #109 vertex 3: ground 600217.233208 m, vertex 600218.347848 m, +1114.639 mm above the ground
[RockPrecisionFixDiag]   rock 'Kerbin Zn3010000130' 'Grass00' #109 vertex 4: ground 600217.243825 m, vertex 600217.040823 m, -203.002 mm above the ground
[RockPrecisionFixDiag]   rock 'Kerbin Zn3010000130' 'Grass00' #109 vertex 5: ground 600217.233220 m, vertex 600217.041637 m, -191.583 mm above the ground
[RockPrecisionFixDiag]   rock 'Kerbin Zn3010000130' 'Grass00' #109 vertex 6: ground 600217.243888 m, vertex 600218.347034 m, +1103.146 mm above the ground
[RockPrecisionFixDiag]   rock 'Kerbin Zn3010000130' 'Grass00' #109 vertex 7: ground 600217.233208 m, vertex 600218.347848 m, +1114.639 mm above the ground
[RockPrecisionFixDiag]   rock 'Kerbin Zn3010000130' 'Grass00' #110 vertex 0: ground 600202.998991 m, vertex 600202.795251 m, -203.741 mm above the ground
[RockPrecisionFixDiag]   rock 'Kerbin Zn3010000130' 'Grass00' #110 vertex 1: ground 600202.945520 m, vertex 600202.794389 m, -151.131 mm above the ground
[RockPrecisionFixDiag]   rock 'Kerbin Zn3010000130' 'Grass00' #110 vertex 2: ground 600202.998933 m, vertex 600204.470279 m, +1471.345 mm above the ground
[RockPrecisionFixDiag]   rock 'Kerbin Zn3010000130' 'Grass00' #110 vertex 3: ground 600202.945462 m, vertex 600204.469424 m, +1523.963 mm above the ground
[RockPrecisionFixDiag]   rock 'Kerbin Zn3010000130' 'Grass00' #110 vertex 4: ground 600202.998991 m, vertex 600202.795251 m, -203.741 mm above the ground
[RockPrecisionFixDiag]   rock 'Kerbin Zn3010000130' 'Grass00' #110 vertex 5: ground 600202.945520 m, vertex 600202.794389 m, -151.131 mm above the ground
[RockPrecisionFixDiag]   rock 'Kerbin Zn3010000130' 'Grass00' #110 vertex 6: ground 600202.998933 m, vertex 600204.470279 m, +1471.345 mm above the ground
[RockPrecisionFixDiag]   rock 'Kerbin Zn3010000130' 'Grass00' #110 vertex 7: ground 600202.945462 m, vertex 600204.469424 m, +1523.963 mm above the ground
[RockPrecisionFixDiag]   rock 'Kerbin Zn3010000130' 'Grass00' #111 vertex 0: ground 600193.290401 m, vertex 600193.089632 m, -200.769 mm above the ground
[RockPrecisionFixDiag]   rock 'Kerbin Zn3010000130' 'Grass00' #111 vertex 1: ground 600193.230318 m, vertex 600193.089976 m, -140.342 mm above the ground
[RockPrecisionFixDiag]   rock 'Kerbin Zn3010000130' 'Grass00' #111 vertex 2: ground 600193.290431 m, vertex 600194.566849 m, +1276.417 mm above the ground
[RockPrecisionFixDiag]   rock 'Kerbin Zn3010000130' 'Grass00' #111 vertex 3: ground 600193.230340 m, vertex 600194.567191 m, +1336.851 mm above the ground
[RockPrecisionFixDiag]   rock 'Kerbin Zn3010000130' 'Grass00' #111 vertex 4: ground 600193.290401 m, vertex 600193.089632 m, -200.769 mm above the ground
[RockPrecisionFixDiag]   rock 'Kerbin Zn3010000130' 'Grass00' #111 vertex 5: ground 600193.230318 m, vertex 600193.089976 m, -140.342 mm above the ground
[RockPrecisionFixDiag]   rock 'Kerbin Zn3010000130' 'Grass00' #111 vertex 6: ground 600193.290431 m, vertex 600194.566849 m, +1276.417 mm above the ground
[RockPrecisionFixDiag]   rock 'Kerbin Zn3010000130' 'Grass00' #111 vertex 7: ground 600193.230340 m, vertex 600194.567191 m, +1336.851 mm above the ground
[RockPrecisionFixDiag]   rock 'Kerbin Zn3010000130' 'Grass00' #112 vertex 0: ground 600203.270925 m, vertex 600204.351951 m, +1081.025 mm above the ground
[RockPrecisionFixDiag]   rock 'Kerbin Zn3010000130' 'Grass00' #112 vertex 1: ground 600203.180753 m, vertex 600204.350503 m, +1169.751 mm above the ground
[RockPrecisionFixDiag]   rock 'Kerbin Zn3010000130' 'Grass00' #112 vertex 2: ground 600203.270834 m, vertex 600206.351865 m, +3081.031 mm above the ground
[RockPrecisionFixDiag]   rock 'Kerbin Zn3010000130' 'Grass00' #112 vertex 3: ground 600203.180658 m, vertex 600206.350418 m, +3169.761 mm above the ground
[RockPrecisionFixDiag]   rock 'Kerbin Zn3010000130' 'Grass00' #112 vertex 4: ground 600203.270925 m, vertex 600204.351951 m, +1081.025 mm above the ground
[RockPrecisionFixDiag]   rock 'Kerbin Zn3010000130' 'Grass00' #112 vertex 5: ground 600203.180753 m, vertex 600204.350503 m, +1169.751 mm above the ground
[RockPrecisionFixDiag]   rock 'Kerbin Zn3010000130' 'Grass00' #112 vertex 6: ground 600203.270834 m, vertex 600206.351865 m, +3081.031 mm above the ground
[RockPrecisionFixDiag]   rock 'Kerbin Zn3010000130' 'Grass00' #112 vertex 7: ground 600203.180658 m, vertex 600206.350418 m, +3169.761 mm above the ground
[RockPrecisionFixDiag]   rock 'Kerbin Zn3010000130' 'Grass00' #113 vertex 0: ground 600204.895195 m, vertex 600204.693063 m, -202.132 mm above the ground
[RockPrecisionFixDiag]   rock 'Kerbin Zn3010000130' 'Grass00' #113 vertex 1: ground 600204.869513 m, vertex 600204.692488 m, -177.025 mm above the ground
[RockPrecisionFixDiag]   rock 'Kerbin Zn3010000130' 'Grass00' #113 vertex 2: ground 600204.895203 m, vertex 600206.646572 m, +1751.368 mm above the ground
[RockPrecisionFixDiag]   rock 'Kerbin Zn3010000130' 'Grass00' #113 vertex 3: ground 600204.869414 m, vertex 600206.645977 m, +1776.563 mm above the ground
[RockPrecisionFixDiag]   rock 'Kerbin Zn3010000130' 'Grass00' #113 vertex 4: ground 600204.895195 m, vertex 600204.693063 m, -202.132 mm above the ground
[RockPrecisionFixDiag]   rock 'Kerbin Zn3010000130' 'Grass00' #113 vertex 5: ground 600204.869513 m, vertex 600204.692488 m, -177.025 mm above the ground
[RockPrecisionFixDiag]   rock 'Kerbin Zn3010000130' 'Grass00' #113 vertex 6: ground 600204.895203 m, vertex 600206.646572 m, +1751.368 mm above the ground
[RockPrecisionFixDiag]   rock 'Kerbin Zn3010000130' 'Grass00' #113 vertex 7: ground 600204.869414 m, vertex 600206.645977 m, +1776.563 mm above the ground
[RockPrecisionFixDiag]   rock 'Kerbin Zn3010000130' 'Grass00' #114 vertex 0: ground 600191.579708 m, vertex 600191.379740 m, -199.968 mm above the ground
[RockPrecisionFixDiag]   rock 'Kerbin Zn3010000130' 'Grass00' #114 vertex 1: ground 600191.583287 m, vertex 600191.380420 m, -202.867 mm above the ground
[RockPrecisionFixDiag]   rock 'Kerbin Zn3010000130' 'Grass00' #114 vertex 2: ground 600191.579688 m, vertex 600192.526667 m, +946.979 mm above the ground
[RockPrecisionFixDiag]   rock 'Kerbin Zn3010000130' 'Grass00' #114 vertex 3: ground 600191.583231 m, vertex 600192.527326 m, +944.096 mm above the ground
[RockPrecisionFixDiag]   rock 'Kerbin Zn3010000130' 'Grass00' #114 vertex 4: ground 600191.579708 m, vertex 600191.379740 m, -199.968 mm above the ground
[RockPrecisionFixDiag]   rock 'Kerbin Zn3010000130' 'Grass00' #114 vertex 5: ground 600191.583287 m, vertex 600191.380420 m, -202.867 mm above the ground
[RockPrecisionFixDiag]   rock 'Kerbin Zn3010000130' 'Grass00' #114 vertex 6: ground 600191.579688 m, vertex 600192.526667 m, +946.979 mm above the ground
[RockPrecisionFixDiag]   rock 'Kerbin Zn3010000130' 'Grass00' #114 vertex 7: ground 600191.583231 m, vertex 600192.527326 m, +944.096 mm above the ground
[RockPrecisionFixDiag]   rock 'Kerbin Zn3010000130' 'Grass00' #115 vertex 0: ground 600189.926349 m, vertex 600189.724422 m, -201.927 mm above the ground
[RockPrecisionFixDiag]   rock 'Kerbin Zn3010000130' 'Grass00' #115 vertex 1: ground 600189.920607 m, vertex 600189.724193 m, -196.414 mm above the ground
[RockPrecisionFixDiag]   rock 'Kerbin Zn3010000130' 'Grass00' #115 vertex 2: ground 600189.926348 m, vertex 600190.755144 m, +828.796 mm above the ground
[RockPrecisionFixDiag]   rock 'Kerbin Zn3010000130' 'Grass00' #115 vertex 3: ground 600189.920604 m, vertex 600190.754915 m, +834.310 mm above the ground
[RockPrecisionFixDiag]   rock 'Kerbin Zn3010000130' 'Grass00' #115 vertex 4: ground 600189.926349 m, vertex 600189.724422 m, -201.927 mm above the ground
[RockPrecisionFixDiag]   rock 'Kerbin Zn3010000130' 'Grass00' #115 vertex 5: ground 600189.920607 m, vertex 600189.724193 m, -196.414 mm above the ground
[RockPrecisionFixDiag]   rock 'Kerbin Zn3010000130' 'Grass00' #115 vertex 6: ground 600189.926348 m, vertex 600190.755144 m, +828.796 mm above the ground
[RockPrecisionFixDiag]   rock 'Kerbin Zn3010000130' 'Grass00' #115 vertex 7: ground 600189.920604 m, vertex 600190.754915 m, +834.310 mm above the ground
[RockPrecisionFixDiag]   rock 'Kerbin Zn3010000130' 'Grass00' #116 vertex 0: ground 600205.932475 m, vertex 600205.721274 m, -211.202 mm above the ground
[RockPrecisionFixDiag]   rock 'Kerbin Zn3010000130' 'Grass00' #116 vertex 1: ground 600205.962136 m, vertex 600205.720783 m, -241.353 mm above the ground
[RockPrecisionFixDiag]   rock 'Kerbin Zn3010000130' 'Grass00' #116 vertex 2: ground 600205.932477 m, vertex 600206.798340 m, +865.863 mm above the ground
[RockPrecisionFixDiag]   rock 'Kerbin Zn3010000130' 'Grass00' #116 vertex 3: ground 600205.962165 m, vertex 600206.797827 m, +835.662 mm above the ground
[RockPrecisionFixDiag]   rock 'Kerbin Zn3010000130' 'Grass00' #116 vertex 4: ground 600205.932475 m, vertex 600205.721274 m, -211.202 mm above the ground
[RockPrecisionFixDiag]   rock 'Kerbin Zn3010000130' 'Grass00' #116 vertex 5: ground 600205.962136 m, vertex 600205.720783 m, -241.353 mm above the ground
[RockPrecisionFixDiag]   rock 'Kerbin Zn3010000130' 'Grass00' #116 vertex 6: ground 600205.932477 m, vertex 600206.798340 m, +865.863 mm above the ground
[RockPrecisionFixDiag]   rock 'Kerbin Zn3010000130' 'Grass00' #116 vertex 7: ground 600205.962165 m, vertex 600206.797827 m, +835.662 mm above the ground
[RockPrecisionFixDiag]   rock 'Kerbin Zn3010000130' 'Grass00' #117 vertex 0: ground 600202.421547 m, vertex 600202.292399 m, -129.148 mm above the ground
[RockPrecisionFixDiag]   rock 'Kerbin Zn3010000130' 'Grass00' #117 vertex 1: ground 600202.377580 m, vertex 600202.291570 m, -86.010 mm above the ground
[RockPrecisionFixDiag]   rock 'Kerbin Zn3010000130' 'Grass00' #117 vertex 2: ground 600202.421507 m, vertex 600203.399678 m, +978.171 mm above the ground
[RockPrecisionFixDiag]   rock 'Kerbin Zn3010000130' 'Grass00' #117 vertex 3: ground 600202.377540 m, vertex 600203.398850 m, +1021.309 mm above the ground
[RockPrecisionFixDiag]   rock 'Kerbin Zn3010000130' 'Grass00' #117 vertex 4: ground 600202.421547 m, vertex 600202.292399 m, -129.148 mm above the ground
[RockPrecisionFixDiag]   rock 'Kerbin Zn3010000130' 'Grass00' #117 vertex 5: ground 600202.377580 m, vertex 600202.291570 m, -86.010 mm above the ground
[RockPrecisionFixDiag]   rock 'Kerbin Zn3010000130' 'Grass00' #117 vertex 6: ground 600202.421507 m, vertex 600203.399678 m, +978.171 mm above the ground
[RockPrecisionFixDiag]   rock 'Kerbin Zn3010000130' 'Grass00' #117 vertex 7: ground 600202.377540 m, vertex 600203.398850 m, +1021.309 mm above the ground
[RockPrecisionFixDiag]   rock 'Kerbin Zn3010000130' 'Grass00' #118 vertex 0: ground 600205.981560 m, vertex 600206.989851 m, +1008.291 mm above the ground
[RockPrecisionFixDiag]   rock 'Kerbin Zn3010000130' 'Grass00' #118 vertex 1: ground 600205.929581 m, vertex 600206.990468 m, +1060.887 mm above the ground
[RockPrecisionFixDiag]   rock 'Kerbin Zn3010000130' 'Grass00' #118 vertex 2: ground 600205.981621 m, vertex 600208.007171 m, +2025.550 mm above the ground
[RockPrecisionFixDiag]   rock 'Kerbin Zn3010000130' 'Grass00' #118 vertex 3: ground 600205.929648 m, vertex 600208.007788 m, +2078.140 mm above the ground
[RockPrecisionFixDiag]   rock 'Kerbin Zn3010000130' 'Grass00' #118 vertex 4: ground 600205.981560 m, vertex 600206.989851 m, +1008.291 mm above the ground
[RockPrecisionFixDiag]   rock 'Kerbin Zn3010000130' 'Grass00' #118 vertex 5: ground 600205.929581 m, vertex 600206.990468 m, +1060.887 mm above the ground
[RockPrecisionFixDiag]   rock 'Kerbin Zn3010000130' 'Grass00' #118 vertex 6: ground 600205.981621 m, vertex 600208.007171 m, +2025.550 mm above the ground
[RockPrecisionFixDiag]   rock 'Kerbin Zn3010000130' 'Grass00' #118 vertex 7: ground 600205.929648 m, vertex 600208.007788 m, +2078.140 mm above the ground
[RockPrecisionFixDiag]   rock 'Kerbin Zn3010000130' 'Grass00' #119 vertex 0: ground 600195.259630 m, vertex 600195.056964 m, -202.666 mm above the ground
[RockPrecisionFixDiag]   rock 'Kerbin Zn3010000130' 'Grass00' #119 vertex 1: ground 600195.414666 m, vertex 600195.055429 m, -359.237 mm above the ground
[RockPrecisionFixDiag]   rock 'Kerbin Zn3010000130' 'Grass00' #119 vertex 2: ground 600195.259763 m, vertex 600196.695961 m, +1436.198 mm above the ground
[RockPrecisionFixDiag]   rock 'Kerbin Zn3010000130' 'Grass00' #119 vertex 3: ground 600195.414815 m, vertex 600196.694422 m, +1279.608 mm above the ground
[RockPrecisionFixDiag]   rock 'Kerbin Zn3010000130' 'Grass00' #119 vertex 4: ground 600195.259630 m, vertex 600195.056964 m, -202.666 mm above the ground
[RockPrecisionFixDiag]   rock 'Kerbin Zn3010000130' 'Grass00' #119 vertex 5: ground 600195.414666 m, vertex 600195.055429 m, -359.237 mm above the ground
[RockPrecisionFixDiag]   rock 'Kerbin Zn3010000130' 'Grass00' #119 vertex 6: ground 600195.259763 m, vertex 600196.695961 m, +1436.198 mm above the ground
[RockPrecisionFixDiag]   rock 'Kerbin Zn3010000130' 'Grass00' #119 vertex 7: ground 600195.414815 m, vertex 600196.694422 m, +1279.608 mm above the ground
[RockPrecisionFixDiag]   rock 'Kerbin Zn3010000130' 'Grass00' #120 vertex 0: ground 600203.159252 m, vertex 600202.954965 m, -204.288 mm above the ground
[RockPrecisionFixDiag]   rock 'Kerbin Zn3010000130' 'Grass00' #120 vertex 1: ground 600203.231164 m, vertex 600202.956274 m, -274.891 mm above the ground
[RockPrecisionFixDiag]   rock 'Kerbin Zn3010000130' 'Grass00' #120 vertex 2: ground 600203.159161 m, vertex 600204.881981 m, +1722.819 mm above the ground
[RockPrecisionFixDiag]   rock 'Kerbin Zn3010000130' 'Grass00' #120 vertex 3: ground 600203.231105 m, vertex 600204.883268 m, +1652.163 mm above the ground
[RockPrecisionFixDiag]   rock 'Kerbin Zn3010000130' 'Grass00' #120 vertex 4: ground 600203.159252 m, vertex 600202.954965 m, -204.288 mm above the ground
[RockPrecisionFixDiag]   rock 'Kerbin Zn3010000130' 'Grass00' #120 vertex 5: ground 600203.231164 m, vertex 600202.956274 m, -274.891 mm above the ground
[RockPrecisionFixDiag]   rock 'Kerbin Zn3010000130' 'Grass00' #120 vertex 6: ground 600203.159161 m, vertex 600204.881981 m, +1722.819 mm above the ground
[RockPrecisionFixDiag]   rock 'Kerbin Zn3010000130' 'Grass00' #120 vertex 7: ground 600203.231105 m, vertex 600204.883268 m, +1652.163 mm above the ground
[RockPrecisionFixDiag]   rock 'Kerbin Zn3010000130' 'Grass00' #121 vertex 0: ground 600200.361108 m, vertex 600200.158642 m, -202.466 mm above the ground
[RockPrecisionFixDiag]   rock 'Kerbin Zn3010000130' 'Grass00' #121 vertex 1: ground 600200.387132 m, vertex 600200.157315 m, -229.818 mm above the ground
[RockPrecisionFixDiag]   rock 'Kerbin Zn3010000130' 'Grass00' #121 vertex 2: ground 600200.361090 m, vertex 600202.119508 m, +1758.419 mm above the ground
[RockPrecisionFixDiag]   rock 'Kerbin Zn3010000130' 'Grass00' #121 vertex 3: ground 600200.387164 m, vertex 600202.118158 m, +1730.993 mm above the ground
[RockPrecisionFixDiag]   rock 'Kerbin Zn3010000130' 'Grass00' #121 vertex 4: ground 600200.361108 m, vertex 600200.158642 m, -202.466 mm above the ground
[RockPrecisionFixDiag]   rock 'Kerbin Zn3010000130' 'Grass00' #121 vertex 5: ground 600200.387132 m, vertex 600200.157315 m, -229.818 mm above the ground
[RockPrecisionFixDiag]   rock 'Kerbin Zn3010000130' 'Grass00' #121 vertex 6: ground 600200.361090 m, vertex 600202.119508 m, +1758.419 mm above the ground
[RockPrecisionFixDiag]   rock 'Kerbin Zn3010000130' 'Grass00' #121 vertex 7: ground 600200.387164 m, vertex 600202.118158 m, +1730.993 mm above the ground
[RockPrecisionFixDiag]   rock 'Kerbin Zn3010000130' 'Grass00' #122 vertex 0: ground 600189.954407 m, vertex 600189.975347 m, +20.940 mm above the ground
[RockPrecisionFixDiag]   rock 'Kerbin Zn3010000130' 'Grass00' #122 vertex 1: ground 600189.956302 m, vertex 600189.976083 m, +19.781 mm above the ground
[RockPrecisionFixDiag]   rock 'Kerbin Zn3010000130' 'Grass00' #122 vertex 2: ground 600189.954402 m, vertex 600191.826829 m, +1872.427 mm above the ground
[RockPrecisionFixDiag]   rock 'Kerbin Zn3010000130' 'Grass00' #122 vertex 3: ground 600189.956311 m, vertex 600191.827556 m, +1871.245 mm above the ground
[RockPrecisionFixDiag]   rock 'Kerbin Zn3010000130' 'Grass00' #122 vertex 4: ground 600189.954407 m, vertex 600189.975347 m, +20.940 mm above the ground
[RockPrecisionFixDiag]   rock 'Kerbin Zn3010000130' 'Grass00' #122 vertex 5: ground 600189.956302 m, vertex 600189.976083 m, +19.781 mm above the ground
[RockPrecisionFixDiag]   rock 'Kerbin Zn3010000130' 'Grass00' #122 vertex 6: ground 600189.954402 m, vertex 600191.826829 m, +1872.427 mm above the ground
[RockPrecisionFixDiag]   rock 'Kerbin Zn3010000130' 'Grass00' #122 vertex 7: ground 600189.956311 m, vertex 600191.827556 m, +1871.245 mm above the ground
[RockPrecisionFixDiag]   rock 'Kerbin Zn3010000130' 'Grass00' #123 vertex 0: ground 600204.631726 m, vertex 600204.427196 m, -204.529 mm above the ground
[RockPrecisionFixDiag]   rock 'Kerbin Zn3010000130' 'Grass00' #123 vertex 1: ground 600204.622318 m, vertex 600204.426656 m, -195.661 mm above the ground
[RockPrecisionFixDiag]   rock 'Kerbin Zn3010000130' 'Grass00' #123 vertex 2: ground 600204.631648 m, vertex 600206.276491 m, +1644.843 mm above the ground
[RockPrecisionFixDiag]   rock 'Kerbin Zn3010000130' 'Grass00' #123 vertex 3: ground 600204.622214 m, vertex 600206.275950 m, +1653.736 mm above the ground
[RockPrecisionFixDiag]   rock 'Kerbin Zn3010000130' 'Grass00' #123 vertex 4: ground 600204.631726 m, vertex 600204.427196 m, -204.529 mm above the ground
[RockPrecisionFixDiag]   rock 'Kerbin Zn3010000130' 'Grass00' #123 vertex 5: ground 600204.622318 m, vertex 600204.426656 m, -195.661 mm above the ground
[RockPrecisionFixDiag]   rock 'Kerbin Zn3010000130' 'Grass00' #123 vertex 6: ground 600204.631648 m, vertex 600206.276491 m, +1644.843 mm above the ground
[RockPrecisionFixDiag]   rock 'Kerbin Zn3010000130' 'Grass00' #123 vertex 7: ground 600204.622214 m, vertex 600206.275950 m, +1653.736 mm above the ground
[RockPrecisionFixDiag]   rock 'Kerbin Zn3010000130' 'Grass00' #124 vertex 0: ground 600195.672577 m, vertex 600195.473257 m, -199.319 mm above the ground
[RockPrecisionFixDiag]   rock 'Kerbin Zn3010000130' 'Grass00' #124 vertex 1: ground 600195.577090 m, vertex 600195.473563 m, -103.527 mm above the ground
[RockPrecisionFixDiag]   rock 'Kerbin Zn3010000130' 'Grass00' #124 vertex 2: ground 600195.672553 m, vertex 600197.275789 m, +1603.236 mm above the ground
[RockPrecisionFixDiag]   rock 'Kerbin Zn3010000130' 'Grass00' #124 vertex 3: ground 600195.577078 m, vertex 600197.276101 m, +1699.022 mm above the ground
[RockPrecisionFixDiag]   rock 'Kerbin Zn3010000130' 'Grass00' #124 vertex 4: ground 600195.672577 m, vertex 600195.473257 m, -199.319 mm above the ground
[RockPrecisionFixDiag]   rock 'Kerbin Zn3010000130' 'Grass00' #124 vertex 5: ground 600195.577090 m, vertex 600195.473563 m, -103.527 mm above the ground
[RockPrecisionFixDiag]   rock 'Kerbin Zn3010000130' 'Grass00' #124 vertex 6: ground 600195.672553 m, vertex 600197.275789 m, +1603.236 mm above the ground
[RockPrecisionFixDiag]   rock 'Kerbin Zn3010000130' 'Grass00' #124 vertex 7: ground 600195.577078 m, vertex 600197.276101 m, +1699.022 mm above the ground
[RockPrecisionFixDiag]   rock 'Kerbin Zn3010000130' 'Grass00' #125 vertex 0: ground 600193.968537 m, vertex 600193.154672 m, -813.865 mm above the ground
[RockPrecisionFixDiag]   rock 'Kerbin Zn3010000130' 'Grass00' #125 vertex 1: ground 600194.032844 m, vertex 600193.155350 m, -877.494 mm above the ground
[RockPrecisionFixDiag]   rock 'Kerbin Zn3010000130' 'Grass00' #125 vertex 2: ground 600193.968494 m, vertex 600194.394772 m, +426.278 mm above the ground
[RockPrecisionFixDiag]   rock 'Kerbin Zn3010000130' 'Grass00' #125 vertex 3: ground 600194.032816 m, vertex 600194.395445 m, +362.630 mm above the ground
[RockPrecisionFixDiag]   rock 'Kerbin Zn3010000130' 'Grass00' #125 vertex 4: ground 600193.968537 m, vertex 600193.154672 m, -813.865 mm above the ground
[RockPrecisionFixDiag]   rock 'Kerbin Zn3010000130' 'Grass00' #125 vertex 5: ground 600194.032844 m, vertex 600193.155350 m, -877.494 mm above the ground
[RockPrecisionFixDiag]   rock 'Kerbin Zn3010000130' 'Grass00' #125 vertex 6: ground 600193.968494 m, vertex 600194.394772 m, +426.278 mm above the ground
[RockPrecisionFixDiag]   rock 'Kerbin Zn3010000130' 'Grass00' #125 vertex 7: ground 600194.032816 m, vertex 600194.395445 m, +362.630 mm above the ground
[RockPrecisionFixDiag]   rock 'Kerbin Zn3010000130' 'Grass00' #126 vertex 0: ground 600192.426983 m, vertex 600192.226282 m, -200.701 mm above the ground
[RockPrecisionFixDiag]   rock 'Kerbin Zn3010000130' 'Grass00' #126 vertex 1: ground 600192.392928 m, vertex 600192.226470 m, -166.458 mm above the ground
[RockPrecisionFixDiag]   rock 'Kerbin Zn3010000130' 'Grass00' #126 vertex 2: ground 600192.426957 m, vertex 600193.845714 m, +1418.757 mm above the ground
[RockPrecisionFixDiag]   rock 'Kerbin Zn3010000130' 'Grass00' #126 vertex 3: ground 600192.392887 m, vertex 600193.845907 m, +1453.020 mm above the ground
[RockPrecisionFixDiag]   rock 'Kerbin Zn3010000130' 'Grass00' #126 vertex 4: ground 600192.426983 m, vertex 600192.226282 m, -200.701 mm above the ground
[RockPrecisionFixDiag]   rock 'Kerbin Zn3010000130' 'Grass00' #126 vertex 5: ground 600192.392928 m, vertex 600192.226470 m, -166.458 mm above the ground
[RockPrecisionFixDiag]   rock 'Kerbin Zn3010000130' 'Grass00' #126 vertex 6: ground 600192.426957 m, vertex 600193.845714 m, +1418.757 mm above the ground
[RockPrecisionFixDiag]   rock 'Kerbin Zn3010000130' 'Grass00' #126 vertex 7: ground 600192.392887 m, vertex 600193.845907 m, +1453.020 mm above the ground
[RockPrecisionFixDiag]   rock 'Kerbin Zn3010000130' 'Grass00' #127 vertex 0: ground 600204.025238 m, vertex 600203.550664 m, -474.574 mm above the ground
[RockPrecisionFixDiag]   rock 'Kerbin Zn3010000130' 'Grass00' #127 vertex 1: ground 600203.971426 m, vertex 600203.550024 m, -421.402 mm above the ground
[RockPrecisionFixDiag]   rock 'Kerbin Zn3010000130' 'Grass00' #127 vertex 2: ground 600204.025233 m, vertex 600205.412885 m, +1387.653 mm above the ground
[RockPrecisionFixDiag]   rock 'Kerbin Zn3010000130' 'Grass00' #127 vertex 3: ground 600203.971365 m, vertex 600205.412237 m, +1440.872 mm above the ground
[RockPrecisionFixDiag]   rock 'Kerbin Zn3010000130' 'Grass00' #127 vertex 4: ground 600204.025238 m, vertex 600203.550664 m, -474.574 mm above the ground
[RockPrecisionFixDiag]   rock 'Kerbin Zn3010000130' 'Grass00' #127 vertex 5: ground 600203.971426 m, vertex 600203.550024 m, -421.402 mm above the ground
[RockPrecisionFixDiag]   rock 'Kerbin Zn3010000130' 'Grass00' #127 vertex 6: ground 600204.025233 m, vertex 600205.412885 m, +1387.653 mm above the ground
[RockPrecisionFixDiag]   rock 'Kerbin Zn3010000130' 'Grass00' #127 vertex 7: ground 600203.971365 m, vertex 600205.412237 m, +1440.872 mm above the ground
[RockPrecisionFixDiag]   rock 'Kerbin Zn3010000130' 'Grass00' #128 vertex 0: ground 600195.795737 m, vertex 600195.592492 m, -203.245 mm above the ground
[RockPrecisionFixDiag]   rock 'Kerbin Zn3010000130' 'Grass00' #128 vertex 1: ground 600195.773868 m, vertex 600195.590988 m, -182.879 mm above the ground
[RockPrecisionFixDiag]   rock 'Kerbin Zn3010000130' 'Grass00' #128 vertex 2: ground 600195.795693 m, vertex 600197.489945 m, +1694.251 mm above the ground
[RockPrecisionFixDiag]   rock 'Kerbin Zn3010000130' 'Grass00' #128 vertex 3: ground 600195.773821 m, vertex 600197.488441 m, +1714.621 mm above the ground
[RockPrecisionFixDiag]   rock 'Kerbin Zn3010000130' 'Grass00' #128 vertex 4: ground 600195.795737 m, vertex 600195.592492 m, -203.245 mm above the ground
[RockPrecisionFixDiag]   rock 'Kerbin Zn3010000130' 'Grass00' #128 vertex 5: ground 600195.773868 m, vertex 600195.590988 m, -182.879 mm above the ground
[RockPrecisionFixDiag]   rock 'Kerbin Zn3010000130' 'Grass00' #128 vertex 6: ground 600195.795693 m, vertex 600197.489945 m, +1694.251 mm above the ground
[RockPrecisionFixDiag]   rock 'Kerbin Zn3010000130' 'Grass00' #128 vertex 7: ground 600195.773821 m, vertex 600197.488441 m, +1714.621 mm above the ground
[RockPrecisionFixDiag]   rock 'Kerbin Zn3010000130' 'Grass00' #129 vertex 0: ground 600197.607134 m, vertex 600197.404963 m, -202.171 mm above the ground
[RockPrecisionFixDiag]   rock 'Kerbin Zn3010000130' 'Grass00' #129 vertex 1: ground 600197.629940 m, vertex 600197.405021 m, -224.919 mm above the ground
[RockPrecisionFixDiag]   rock 'Kerbin Zn3010000130' 'Grass00' #129 vertex 2: ground 600197.607150 m, vertex 600198.990868 m, +1383.718 mm above the ground
[RockPrecisionFixDiag]   rock 'Kerbin Zn3010000130' 'Grass00' #129 vertex 3: ground 600197.629962 m, vertex 600198.990925 m, +1360.963 mm above the ground
[RockPrecisionFixDiag]   rock 'Kerbin Zn3010000130' 'Grass00' #129 vertex 4: ground 600197.607134 m, vertex 600197.404963 m, -202.171 mm above the ground
[RockPrecisionFixDiag]   rock 'Kerbin Zn3010000130' 'Grass00' #129 vertex 5: ground 600197.629940 m, vertex 600197.405021 m, -224.919 mm above the ground
[RockPrecisionFixDiag]   rock 'Kerbin Zn3010000130' 'Grass00' #129 vertex 6: ground 600197.607150 m, vertex 600198.990868 m, +1383.718 mm above the ground
[RockPrecisionFixDiag]   rock 'Kerbin Zn3010000130' 'Grass00' #129 vertex 7: ground 600197.629962 m, vertex 600198.990925 m, +1360.963 mm above the ground
[RockPrecisionFixDiag]   rock 'Kerbin Zn3010000130' 'Grass00' #130 vertex 0: ground 600204.690252 m, vertex 600204.487502 m, -202.750 mm above the ground
[RockPrecisionFixDiag]   rock 'Kerbin Zn3010000130' 'Grass00' #130 vertex 1: ground 600204.692086 m, vertex 600204.486960 m, -205.126 mm above the ground
[RockPrecisionFixDiag]   rock 'Kerbin Zn3010000130' 'Grass00' #130 vertex 2: ground 600204.690256 m, vertex 600205.981713 m, +1291.457 mm above the ground
[RockPrecisionFixDiag]   rock 'Kerbin Zn3010000130' 'Grass00' #130 vertex 3: ground 600204.692059 m, vertex 600205.981174 m, +1289.114 mm above the ground
[RockPrecisionFixDiag]   rock 'Kerbin Zn3010000130' 'Grass00' #130 vertex 4: ground 600204.690252 m, vertex 600204.487502 m, -202.750 mm above the ground
[RockPrecisionFixDiag]   rock 'Kerbin Zn3010000130' 'Grass00' #130 vertex 5: ground 600204.692086 m, vertex 600204.486960 m, -205.126 mm above the ground
[RockPrecisionFixDiag]   rock 'Kerbin Zn3010000130' 'Grass00' #130 vertex 6: ground 600204.690256 m, vertex 600205.981713 m, +1291.457 mm above the ground
[RockPrecisionFixDiag]   rock 'Kerbin Zn3010000130' 'Grass00' #130 vertex 7: ground 600204.692059 m, vertex 600205.981174 m, +1289.114 mm above the ground
[RockPrecisionFixDiag]   rock 'Kerbin Zn3010000130' 'Grass00' #131 vertex 0: ground 600188.170487 m, vertex 600187.889038 m, -281.449 mm above the ground
[RockPrecisionFixDiag]   rock 'Kerbin Zn3010000130' 'Grass00' #131 vertex 1: ground 600188.129163 m, vertex 600187.889711 m, -239.452 mm above the ground
[RockPrecisionFixDiag]   rock 'Kerbin Zn3010000130' 'Grass00' #131 vertex 2: ground 600188.170533 m, vertex 600189.096337 m, +925.804 mm above the ground
[RockPrecisionFixDiag]   rock 'Kerbin Zn3010000130' 'Grass00' #131 vertex 3: ground 600188.129213 m, vertex 600189.096991 m, +967.778 mm above the ground
[RockPrecisionFixDiag]   rock 'Kerbin Zn3010000130' 'Grass00' #131 vertex 4: ground 600188.170487 m, vertex 600187.889038 m, -281.449 mm above the ground
[RockPrecisionFixDiag]   rock 'Kerbin Zn3010000130' 'Grass00' #131 vertex 5: ground 600188.129163 m, vertex 600187.889711 m, -239.452 mm above the ground
[RockPrecisionFixDiag]   rock 'Kerbin Zn3010000130' 'Grass00' #131 vertex 6: ground 600188.170533 m, vertex 600189.096337 m, +925.804 mm above the ground
[RockPrecisionFixDiag]   rock 'Kerbin Zn3010000130' 'Grass00' #131 vertex 7: ground 600188.129213 m, vertex 600189.096991 m, +967.778 mm above the ground
[RockPrecisionFixDiag]   rock 'Kerbin Zn3010000130' 'Grass00' #132 vertex 0: ground 600193.907112 m, vertex 600193.703067 m, -204.045 mm above the ground
[RockPrecisionFixDiag]   rock 'Kerbin Zn3010000130' 'Grass00' #132 vertex 1: ground 600193.959694 m, vertex 600193.703016 m, -256.678 mm above the ground
[RockPrecisionFixDiag]   rock 'Kerbin Zn3010000130' 'Grass00' #132 vertex 2: ground 600193.907124 m, vertex 600194.990021 m, +1082.897 mm above the ground
[RockPrecisionFixDiag]   rock 'Kerbin Zn3010000130' 'Grass00' #132 vertex 3: ground 600193.959726 m, vertex 600194.989975 m, +1030.249 mm above the ground
[RockPrecisionFixDiag]   rock 'Kerbin Zn3010000130' 'Grass00' #132 vertex 4: ground 600193.907112 m, vertex 600193.703067 m, -204.045 mm above the ground
[RockPrecisionFixDiag]   rock 'Kerbin Zn3010000130' 'Grass00' #132 vertex 5: ground 600193.959694 m, vertex 600193.703016 m, -256.678 mm above the ground
[RockPrecisionFixDiag]   rock 'Kerbin Zn3010000130' 'Grass00' #132 vertex 6: ground 600193.907124 m, vertex 600194.990021 m, +1082.897 mm above the ground
[RockPrecisionFixDiag]   rock 'Kerbin Zn3010000130' 'Grass00' #132 vertex 7: ground 600193.959726 m, vertex 600194.989975 m, +1030.249 mm above the ground
[RockPrecisionFixDiag]   rock 'Kerbin Zn3010000130' 'Grass00' #133 vertex 0: ground 600195.180874 m, vertex 600194.980168 m, -200.706 mm above the ground
[RockPrecisionFixDiag]   rock 'Kerbin Zn3010000130' 'Grass00' #133 vertex 1: ground 600195.121743 m, vertex 600194.980766 m, -140.977 mm above the ground
[RockPrecisionFixDiag]   rock 'Kerbin Zn3010000130' 'Grass00' #133 vertex 2: ground 600195.180953 m, vertex 600196.105129 m, +924.176 mm above the ground
[RockPrecisionFixDiag]   rock 'Kerbin Zn3010000130' 'Grass00' #133 vertex 3: ground 600195.121783 m, vertex 600196.105708 m, +983.925 mm above the ground
[RockPrecisionFixDiag]   rock 'Kerbin Zn3010000130' 'Grass00' #133 vertex 4: ground 600195.180874 m, vertex 600194.980168 m, -200.706 mm above the ground
[RockPrecisionFixDiag]   rock 'Kerbin Zn3010000130' 'Grass00' #133 vertex 5: ground 600195.121743 m, vertex 600194.980766 m, -140.977 mm above the ground
[RockPrecisionFixDiag]   rock 'Kerbin Zn3010000130' 'Grass00' #133 vertex 6: ground 600195.180953 m, vertex 600196.105129 m, +924.176 mm above the ground
[RockPrecisionFixDiag]   rock 'Kerbin Zn3010000130' 'Grass00' #133 vertex 7: ground 600195.121783 m, vertex 600196.105708 m, +983.925 mm above the ground
[RockPrecisionFixDiag]   rock 'Kerbin Zn3010000130' 'Grass00' #134 vertex 0: ground 600196.231694 m, vertex 600196.030972 m, -200.722 mm above the ground
[RockPrecisionFixDiag]   rock 'Kerbin Zn3010000130' 'Grass00' #134 vertex 1: ground 600196.373843 m, vertex 600196.031997 m, -341.847 mm above the ground
[RockPrecisionFixDiag]   rock 'Kerbin Zn3010000130' 'Grass00' #134 vertex 2: ground 600196.231717 m, vertex 600197.822291 m, +1590.575 mm above the ground
[RockPrecisionFixDiag]   rock 'Kerbin Zn3010000130' 'Grass00' #134 vertex 3: ground 600196.373819 m, vertex 600197.823316 m, +1449.497 mm above the ground
[RockPrecisionFixDiag]   rock 'Kerbin Zn3010000130' 'Grass00' #134 vertex 4: ground 600196.231694 m, vertex 600196.030972 m, -200.722 mm above the ground
[RockPrecisionFixDiag]   rock 'Kerbin Zn3010000130' 'Grass00' #134 vertex 5: ground 600196.373843 m, vertex 600196.031997 m, -341.847 mm above the ground
[RockPrecisionFixDiag]   rock 'Kerbin Zn3010000130' 'Grass00' #134 vertex 6: ground 600196.231717 m, vertex 600197.822291 m, +1590.575 mm above the ground
[RockPrecisionFixDiag]   rock 'Kerbin Zn3010000130' 'Grass00' #134 vertex 7: ground 600196.373819 m, vertex 600197.823316 m, +1449.497 mm above the ground
[RockPrecisionFixDiag]   rock 'Kerbin Zn3010000130' 'Grass00' #135 vertex 0: ground 600186.812472 m, vertex 600186.610116 m, -202.356 mm above the ground
[RockPrecisionFixDiag]   rock 'Kerbin Zn3010000130' 'Grass00' #135 vertex 1: ground 600186.863611 m, vertex 600186.610906 m, -252.705 mm above the ground
[RockPrecisionFixDiag]   rock 'Kerbin Zn3010000130' 'Grass00' #135 vertex 2: ground 600186.812469 m, vertex 600188.078780 m, +1266.311 mm above the ground
[RockPrecisionFixDiag]   rock 'Kerbin Zn3010000130' 'Grass00' #135 vertex 3: ground 600186.863583 m, vertex 600188.079558 m, +1215.975 mm above the ground
[RockPrecisionFixDiag]   rock 'Kerbin Zn3010000130' 'Grass00' #135 vertex 4: ground 600186.812472 m, vertex 600186.610116 m, -202.356 mm above the ground
[RockPrecisionFixDiag]   rock 'Kerbin Zn3010000130' 'Grass00' #135 vertex 5: ground 600186.863611 m, vertex 600186.610906 m, -252.705 mm above the ground
[RockPrecisionFixDiag]   rock 'Kerbin Zn3010000130' 'Grass00' #135 vertex 6: ground 600186.812469 m, vertex 600188.078780 m, +1266.311 mm above the ground
[RockPrecisionFixDiag]   rock 'Kerbin Zn3010000130' 'Grass00' #135 vertex 7: ground 600186.863583 m, vertex 600188.079558 m, +1215.975 mm above the ground
[RockPrecisionFixDiag]   rock 'Kerbin Zn3010000130' 'Grass00' #136 vertex 0: ground 600195.468264 m, vertex 600195.265793 m, -202.471 mm above the ground
[RockPrecisionFixDiag]   rock 'Kerbin Zn3010000130' 'Grass00' #136 vertex 1: ground 600195.514053 m, vertex 600195.264716 m, -249.337 mm above the ground
[RockPrecisionFixDiag]   rock 'Kerbin Zn3010000130' 'Grass00' #136 vertex 2: ground 600195.468271 m, vertex 600196.409015 m, +940.744 mm above the ground
[RockPrecisionFixDiag]   rock 'Kerbin Zn3010000130' 'Grass00' #136 vertex 3: ground 600195.514091 m, vertex 600196.407946 m, +893.855 mm above the ground
[RockPrecisionFixDiag]   rock 'Kerbin Zn3010000130' 'Grass00' #136 vertex 4: ground 600195.468264 m, vertex 600195.265793 m, -202.471 mm above the ground
[RockPrecisionFixDiag]   rock 'Kerbin Zn3010000130' 'Grass00' #136 vertex 5: ground 600195.514053 m, vertex 600195.264716 m, -249.337 mm above the ground
[RockPrecisionFixDiag]   rock 'Kerbin Zn3010000130' 'Grass00' #136 vertex 6: ground 600195.468271 m, vertex 600196.409015 m, +940.744 mm above the ground
[RockPrecisionFixDiag]   rock 'Kerbin Zn3010000130' 'Grass00' #136 vertex 7: ground 600195.514091 m, vertex 600196.407946 m, +893.855 mm above the ground
[RockPrecisionFixDiag]   rock 'Kerbin Zn3010000130' 'Grass00' #137 vertex 0: ground 600190.149793 m, vertex 600189.949103 m, -200.689 mm above the ground
[RockPrecisionFixDiag]   rock 'Kerbin Zn3010000130' 'Grass00' #137 vertex 1: ground 600190.143131 m, vertex 600189.949688 m, -193.443 mm above the ground
[RockPrecisionFixDiag]   rock 'Kerbin Zn3010000130' 'Grass00' #137 vertex 2: ground 600190.149799 m, vertex 600191.444219 m, +1294.420 mm above the ground
[RockPrecisionFixDiag]   rock 'Kerbin Zn3010000130' 'Grass00' #137 vertex 3: ground 600190.143128 m, vertex 600191.444794 m, +1301.666 mm above the ground
[RockPrecisionFixDiag]   rock 'Kerbin Zn3010000130' 'Grass00' #137 vertex 4: ground 600190.149793 m, vertex 600189.949103 m, -200.689 mm above the ground
[RockPrecisionFixDiag]   rock 'Kerbin Zn3010000130' 'Grass00' #137 vertex 5: ground 600190.143131 m, vertex 600189.949688 m, -193.443 mm above the ground
[RockPrecisionFixDiag]   rock 'Kerbin Zn3010000130' 'Grass00' #137 vertex 6: ground 600190.149799 m, vertex 600191.444219 m, +1294.420 mm above the ground
[RockPrecisionFixDiag]   rock 'Kerbin Zn3010000130' 'Grass00' #137 vertex 7: ground 600190.143128 m, vertex 600191.444794 m, +1301.666 mm above the ground
[RockPrecisionFixDiag]   rock 'Kerbin Zn3010000130' 'Grass00' #138 vertex 0: ground 600199.840841 m, vertex 600199.641327 m, -199.514 mm above the ground
[RockPrecisionFixDiag]   rock 'Kerbin Zn3010000130' 'Grass00' #138 vertex 1: ground 600199.722876 m, vertex 600199.642000 m, -80.877 mm above the ground
[RockPrecisionFixDiag]   rock 'Kerbin Zn3010000130' 'Grass00' #138 vertex 2: ground 600199.840957 m, vertex 600200.793541 m, +952.584 mm above the ground
[RockPrecisionFixDiag]   rock 'Kerbin Zn3010000130' 'Grass00' #138 vertex 3: ground 600199.723016 m, vertex 600200.794191 m, +1071.174 mm above the ground
[RockPrecisionFixDiag]   rock 'Kerbin Zn3010000130' 'Grass00' #138 vertex 4: ground 600199.840841 m, vertex 600199.641327 m, -199.514 mm above the ground
[RockPrecisionFixDiag]   rock 'Kerbin Zn3010000130' 'Grass00' #138 vertex 5: ground 600199.722876 m, vertex 600199.642000 m, -80.877 mm above the ground
[RockPrecisionFixDiag]   rock 'Kerbin Zn3010000130' 'Grass00' #138 vertex 6: ground 600199.840957 m, vertex 600200.793541 m, +952.584 mm above the ground
[RockPrecisionFixDiag]   rock 'Kerbin Zn3010000130' 'Grass00' #138 vertex 7: ground 600199.723016 m, vertex 600200.794191 m, +1071.174 mm above the ground
[RockPrecisionFixDiag]   rock 'Kerbin Zn3010000130' 'Grass00' #139 vertex 0: ground 600194.156070 m, vertex 600193.953008 m, -203.062 mm above the ground
[RockPrecisionFixDiag]   rock 'Kerbin Zn3010000130' 'Grass00' #139 vertex 1: ground 600194.249858 m, vertex 600193.951916 m, -297.942 mm above the ground
[RockPrecisionFixDiag]   rock 'Kerbin Zn3010000130' 'Grass00' #139 vertex 2: ground 600194.156168 m, vertex 600195.421455 m, +1265.287 mm above the ground
[RockPrecisionFixDiag]   rock 'Kerbin Zn3010000130' 'Grass00' #139 vertex 3: ground 600194.249948 m, vertex 600195.420343 m, +1170.395 mm above the ground
[RockPrecisionFixDiag]   rock 'Kerbin Zn3010000130' 'Grass00' #139 vertex 4: ground 600194.156070 m, vertex 600193.953008 m, -203.062 mm above the ground
[RockPrecisionFixDiag]   rock 'Kerbin Zn3010000130' 'Grass00' #139 vertex 5: ground 600194.249858 m, vertex 600193.951916 m, -297.942 mm above the ground
[RockPrecisionFixDiag]   rock 'Kerbin Zn3010000130' 'Grass00' #139 vertex 6: ground 600194.156168 m, vertex 600195.421455 m, +1265.287 mm above the ground
[RockPrecisionFixDiag]   rock 'Kerbin Zn3010000130' 'Grass00' #139 vertex 7: ground 600194.249948 m, vertex 600195.420343 m, +1170.395 mm above the ground
[RockPrecisionFixDiag]   rock 'Kerbin Zn3010000130' 'Grass00' #140 vertex 0: ground 600196.762415 m, vertex 600196.510633 m, -251.782 mm above the ground
[RockPrecisionFixDiag]   rock 'Kerbin Zn3010000130' 'Grass00' #140 vertex 1: ground 600196.721954 m, vertex 600196.510979 m, -210.975 mm above the ground
[RockPrecisionFixDiag]   rock 'Kerbin Zn3010000130' 'Grass00' #140 vertex 2: ground 600196.762472 m, vertex 600197.670661 m, +908.189 mm above the ground
[RockPrecisionFixDiag]   rock 'Kerbin Zn3010000130' 'Grass00' #140 vertex 3: ground 600196.722010 m, vertex 600197.671017 m, +949.006 mm above the ground
[RockPrecisionFixDiag]   rock 'Kerbin Zn3010000130' 'Grass00' #140 vertex 4: ground 600196.762415 m, vertex 600196.510633 m, -251.782 mm above the ground
[RockPrecisionFixDiag]   rock 'Kerbin Zn3010000130' 'Grass00' #140 vertex 5: ground 600196.721954 m, vertex 600196.510979 m, -210.975 mm above the ground
[RockPrecisionFixDiag]   rock 'Kerbin Zn3010000130' 'Grass00' #140 vertex 6: ground 600196.762472 m, vertex 600197.670661 m, +908.189 mm above the ground
[RockPrecisionFixDiag]   rock 'Kerbin Zn3010000130' 'Grass00' #140 vertex 7: ground 600196.722010 m, vertex 600197.671017 m, +949.006 mm above the ground
[RockPrecisionFixDiag]   rock 'Kerbin Zn3010000130' 'Grass00' #141 vertex 0: ground 600186.594596 m, vertex 600186.390645 m, -203.951 mm above the ground
[RockPrecisionFixDiag]   rock 'Kerbin Zn3010000130' 'Grass00' #141 vertex 1: ground 600186.649996 m, vertex 600186.390531 m, -259.465 mm above the ground
[RockPrecisionFixDiag]   rock 'Kerbin Zn3010000130' 'Grass00' #141 vertex 2: ground 600186.594589 m, vertex 600187.781403 m, +1186.815 mm above the ground
[RockPrecisionFixDiag]   rock 'Kerbin Zn3010000130' 'Grass00' #141 vertex 3: ground 600186.649989 m, vertex 600187.781290 m, +1131.301 mm above the ground
[RockPrecisionFixDiag]   rock 'Kerbin Zn3010000130' 'Grass00' #141 vertex 4: ground 600186.594596 m, vertex 600186.390645 m, -203.951 mm above the ground
[RockPrecisionFixDiag]   rock 'Kerbin Zn3010000130' 'Grass00' #141 vertex 5: ground 600186.649996 m, vertex 600186.390531 m, -259.465 mm above the ground
[RockPrecisionFixDiag]   rock 'Kerbin Zn3010000130' 'Grass00' #141 vertex 6: ground 600186.594589 m, vertex 600187.781403 m, +1186.815 mm above the ground
[RockPrecisionFixDiag]   rock 'Kerbin Zn3010000130' 'Grass00' #141 vertex 7: ground 600186.649989 m, vertex 600187.781290 m, +1131.301 mm above the ground
[RockPrecisionFixDiag]   rock 'Kerbin Zn3010000130' 'Grass00' #142 vertex 0: ground 600188.832007 m, vertex 600188.630788 m, -201.219 mm above the ground
[RockPrecisionFixDiag]   rock 'Kerbin Zn3010000130' 'Grass00' #142 vertex 1: ground 600188.858590 m, vertex 600188.631227 m, -227.363 mm above the ground
[RockPrecisionFixDiag]   rock 'Kerbin Zn3010000130' 'Grass00' #142 vertex 2: ground 600188.831974 m, vertex 600189.873103 m, +1041.129 mm above the ground
[RockPrecisionFixDiag]   rock 'Kerbin Zn3010000130' 'Grass00' #142 vertex 3: ground 600188.858577 m, vertex 600189.873542 m, +1014.965 mm above the ground
[RockPrecisionFixDiag]   rock 'Kerbin Zn3010000130' 'Grass00' #142 vertex 4: ground 600188.832007 m, vertex 600188.630788 m, -201.219 mm above the ground
[RockPrecisionFixDiag]   rock 'Kerbin Zn3010000130' 'Grass00' #142 vertex 5: ground 600188.858590 m, vertex 600188.631227 m, -227.363 mm above the ground
[RockPrecisionFixDiag]   rock 'Kerbin Zn3010000130' 'Grass00' #142 vertex 6: ground 600188.831974 m, vertex 600189.873103 m, +1041.129 mm above the ground
[RockPrecisionFixDiag]   rock 'Kerbin Zn3010000130' 'Grass00' #142 vertex 7: ground 600188.858577 m, vertex 600189.873542 m, +1014.965 mm above the ground
[RockPrecisionFixDiag]   rock 'Kerbin Zn3010000130' 'Grass00' #143 vertex 0: ground 600188.491826 m, vertex 600188.286848 m, -204.978 mm above the ground
[RockPrecisionFixDiag]   rock 'Kerbin Zn3010000130' 'Grass00' #143 vertex 1: ground 600188.460462 m, vertex 600188.287298 m, -173.164 mm above the ground
[RockPrecisionFixDiag]   rock 'Kerbin Zn3010000130' 'Grass00' #143 vertex 2: ground 600188.491793 m, vertex 600189.347196 m, +855.403 mm above the ground
[RockPrecisionFixDiag]   rock 'Kerbin Zn3010000130' 'Grass00' #143 vertex 3: ground 600188.460429 m, vertex 600189.347646 m, +887.217 mm above the ground
[RockPrecisionFixDiag]   rock 'Kerbin Zn3010000130' 'Grass00' #143 vertex 4: ground 600188.491826 m, vertex 600188.286848 m, -204.978 mm above the ground
[RockPrecisionFixDiag]   rock 'Kerbin Zn3010000130' 'Grass00' #143 vertex 5: ground 600188.460462 m, vertex 600188.287298 m, -173.164 mm above the ground
[RockPrecisionFixDiag]   rock 'Kerbin Zn3010000130' 'Grass00' #143 vertex 6: ground 600188.491793 m, vertex 600189.347196 m, +855.403 mm above the ground
[RockPrecisionFixDiag]   rock 'Kerbin Zn3010000130' 'Grass00' #143 vertex 7: ground 600188.460429 m, vertex 600189.347646 m, +887.217 mm above the ground
[RockPrecisionFixDiag]   rock 'Kerbin Zn3010000130' 'Grass00' #144 vertex 0: ground 600190.617015 m, vertex 600191.278567 m, +661.552 mm above the ground
[RockPrecisionFixDiag]   rock 'Kerbin Zn3010000130' 'Grass00' #144 vertex 1: ground 600190.679846 m, vertex 600191.278467 m, +598.621 mm above the ground
[RockPrecisionFixDiag]   rock 'Kerbin Zn3010000130' 'Grass00' #144 vertex 2: ground 600190.617029 m, vertex 600192.502668 m, +1885.639 mm above the ground
[RockPrecisionFixDiag]   rock 'Kerbin Zn3010000130' 'Grass00' #144 vertex 3: ground 600190.679856 m, vertex 600192.502566 m, +1822.710 mm above the ground
[RockPrecisionFixDiag]   rock 'Kerbin Zn3010000130' 'Grass00' #144 vertex 4: ground 600190.617015 m, vertex 600191.278567 m, +661.552 mm above the ground
[RockPrecisionFixDiag]   rock 'Kerbin Zn3010000130' 'Grass00' #144 vertex 5: ground 600190.679846 m, vertex 600191.278467 m, +598.621 mm above the ground
[RockPrecisionFixDiag]   rock 'Kerbin Zn3010000130' 'Grass00' #144 vertex 6: ground 600190.617029 m, vertex 600192.502668 m, +1885.639 mm above the ground
[RockPrecisionFixDiag]   rock 'Kerbin Zn3010000130' 'Grass00' #144 vertex 7: ground 600190.679856 m, vertex 600192.502566 m, +1822.710 mm above the ground
[RockPrecisionFixDiag]   rock 'Kerbin Zn3010000130' 'Grass00' #145 vertex 0: ground 600189.582847 m, vertex 600189.380110 m, -202.737 mm above the ground
[RockPrecisionFixDiag]   rock 'Kerbin Zn3010000130' 'Grass00' #145 vertex 1: ground 600189.549883 m, vertex 600189.379613 m, -170.270 mm above the ground
[RockPrecisionFixDiag]   rock 'Kerbin Zn3010000130' 'Grass00' #145 vertex 2: ground 600189.582867 m, vertex 600190.609721 m, +1026.854 mm above the ground
[RockPrecisionFixDiag]   rock 'Kerbin Zn3010000130' 'Grass00' #145 vertex 3: ground 600189.549899 m, vertex 600190.609218 m, +1059.319 mm above the ground
[RockPrecisionFixDiag]   rock 'Kerbin Zn3010000130' 'Grass00' #145 vertex 4: ground 600189.582847 m, vertex 600189.380110 m, -202.737 mm above the ground
[RockPrecisionFixDiag]   rock 'Kerbin Zn3010000130' 'Grass00' #145 vertex 5: ground 600189.549883 m, vertex 600189.379613 m, -170.270 mm above the ground
[RockPrecisionFixDiag]   rock 'Kerbin Zn3010000130' 'Grass00' #145 vertex 6: ground 600189.582867 m, vertex 600190.609721 m, +1026.854 mm above the ground
[RockPrecisionFixDiag]   rock 'Kerbin Zn3010000130' 'Grass00' #145 vertex 7: ground 600189.549899 m, vertex 600190.609218 m, +1059.319 mm above the ground
[RockPrecisionFixDiag]   rock 'Kerbin Zn3010000130' 'Grass00' #146 vertex 0: ground 600197.048842 m, vertex 600196.845570 m, -203.272 mm above the ground
[RockPrecisionFixDiag]   rock 'Kerbin Zn3010000130' 'Grass00' #146 vertex 1: ground 600197.099880 m, vertex 600196.844131 m, -255.749 mm above the ground
[RockPrecisionFixDiag]   rock 'Kerbin Zn3010000130' 'Grass00' #146 vertex 2: ground 600197.048878 m, vertex 600198.512627 m, +1463.748 mm above the ground
[RockPrecisionFixDiag]   rock 'Kerbin Zn3010000130' 'Grass00' #146 vertex 3: ground 600197.099893 m, vertex 600198.511188 m, +1411.295 mm above the ground
[RockPrecisionFixDiag]   rock 'Kerbin Zn3010000130' 'Grass00' #146 vertex 4: ground 600197.048842 m, vertex 600196.845570 m, -203.272 mm above the ground
[RockPrecisionFixDiag]   rock 'Kerbin Zn3010000130' 'Grass00' #146 vertex 5: ground 600197.099880 m, vertex 600196.844131 m, -255.749 mm above the ground
[RockPrecisionFixDiag]   rock 'Kerbin Zn3010000130' 'Grass00' #146 vertex 6: ground 600197.048878 m, vertex 600198.512627 m, +1463.748 mm above the ground
[RockPrecisionFixDiag]   rock 'Kerbin Zn3010000130' 'Grass00' #146 vertex 7: ground 600197.099893 m, vertex 600198.511188 m, +1411.295 mm above the ground
[RockPrecisionFixDiag]   rock 'Kerbin Zn3010000130' 'Grass00' #147 vertex 0: ground 600202.368758 m, vertex 600202.170273 m, -198.485 mm above the ground
[RockPrecisionFixDiag]   rock 'Kerbin Zn3010000130' 'Grass00' #147 vertex 1: ground 600202.286992 m, vertex 600202.170590 m, -116.403 mm above the ground
[RockPrecisionFixDiag]   rock 'Kerbin Zn3010000130' 'Grass00' #147 vertex 2: ground 600202.368915 m, vertex 600203.293214 m, +924.299 mm above the ground
[RockPrecisionFixDiag]   rock 'Kerbin Zn3010000130' 'Grass00' #147 vertex 3: ground 600202.287143 m, vertex 600203.293531 m, +1006.389 mm above the ground
[RockPrecisionFixDiag]   rock 'Kerbin Zn3010000130' 'Grass00' #147 vertex 4: ground 600202.368758 m, vertex 600202.170273 m, -198.485 mm above the ground
[RockPrecisionFixDiag]   rock 'Kerbin Zn3010000130' 'Grass00' #147 vertex 5: ground 600202.286992 m, vertex 600202.170590 m, -116.403 mm above the ground
[RockPrecisionFixDiag]   rock 'Kerbin Zn3010000130' 'Grass00' #147 vertex 6: ground 600202.368915 m, vertex 600203.293214 m, +924.299 mm above the ground
[RockPrecisionFixDiag]   rock 'Kerbin Zn3010000130' 'Grass00' #147 vertex 7: ground 600202.287143 m, vertex 600203.293531 m, +1006.389 mm above the ground
[RockPrecisionFixDiag]   rock 'Kerbin Zn3010000130' 'Grass00' #148 vertex 0: ground 600189.523775 m, vertex 600189.051296 m, -472.479 mm above the ground
[RockPrecisionFixDiag]   rock 'Kerbin Zn3010000130' 'Grass00' #148 vertex 1: ground 600189.546005 m, vertex 600189.051237 m, -494.768 mm above the ground
[RockPrecisionFixDiag]   rock 'Kerbin Zn3010000130' 'Grass00' #148 vertex 2: ground 600189.523796 m, vertex 600190.684309 m, +1160.514 mm above the ground
[RockPrecisionFixDiag]   rock 'Kerbin Zn3010000130' 'Grass00' #148 vertex 3: ground 600189.546029 m, vertex 600190.684250 m, +1138.221 mm above the ground
[RockPrecisionFixDiag]   rock 'Kerbin Zn3010000130' 'Grass00' #148 vertex 4: ground 600189.523775 m, vertex 600189.051296 m, -472.479 mm above the ground
[RockPrecisionFixDiag]   rock 'Kerbin Zn3010000130' 'Grass00' #148 vertex 5: ground 600189.546005 m, vertex 600189.051237 m, -494.768 mm above the ground
[RockPrecisionFixDiag]   rock 'Kerbin Zn3010000130' 'Grass00' #148 vertex 6: ground 600189.523796 m, vertex 600190.684309 m, +1160.514 mm above the ground
[RockPrecisionFixDiag]   rock 'Kerbin Zn3010000130' 'Grass00' #148 vertex 7: ground 600189.546029 m, vertex 600190.684250 m, +1138.221 mm above the ground
[RockPrecisionFixDiag]   rock 'Kerbin Zn3010000130' 'Grass00' #149 vertex 0: ground 600197.490125 m, vertex 600197.286541 m, -203.584 mm above the ground
[RockPrecisionFixDiag]   rock 'Kerbin Zn3010000130' 'Grass00' #149 vertex 1: ground 600197.577660 m, vertex 600197.285904 m, -291.755 mm above the ground
[RockPrecisionFixDiag]   rock 'Kerbin Zn3010000130' 'Grass00' #149 vertex 2: ground 600197.490155 m, vertex 600198.917935 m, +1427.780 mm above the ground
[RockPrecisionFixDiag]   rock 'Kerbin Zn3010000130' 'Grass00' #149 vertex 3: ground 600197.577690 m, vertex 600198.917299 m, +1339.609 mm above the ground
[RockPrecisionFixDiag]   rock 'Kerbin Zn3010000130' 'Grass00' #149 vertex 4: ground 600197.490125 m, vertex 600197.286541 m, -203.584 mm above the ground
[RockPrecisionFixDiag]   rock 'Kerbin Zn3010000130' 'Grass00' #149 vertex 5: ground 600197.577660 m, vertex 600197.285904 m, -291.755 mm above the ground
[RockPrecisionFixDiag]   rock 'Kerbin Zn3010000130' 'Grass00' #149 vertex 6: ground 600197.490155 m, vertex 600198.917935 m, +1427.780 mm above the ground
[RockPrecisionFixDiag]   rock 'Kerbin Zn3010000130' 'Grass00' #149 vertex 7: ground 600197.577690 m, vertex 600198.917299 m, +1339.609 mm above the ground
[RockPrecisionFixDiag]   rock 'Kerbin Zn3010000130' 'Grass00' #150 vertex 0: ground 600191.282036 m, vertex 600190.589167 m, -692.869 mm above the ground
[RockPrecisionFixDiag]   rock 'Kerbin Zn3010000130' 'Grass00' #150 vertex 1: ground 600191.222522 m, vertex 600190.590358 m, -632.163 mm above the ground
[RockPrecisionFixDiag]   rock 'Kerbin Zn3010000130' 'Grass00' #150 vertex 2: ground 600191.282089 m, vertex 600192.150314 m, +868.226 mm above the ground
[RockPrecisionFixDiag]   rock 'Kerbin Zn3010000130' 'Grass00' #150 vertex 3: ground 600191.222559 m, vertex 600192.151529 m, +928.971 mm above the ground
[RockPrecisionFixDiag]   rock 'Kerbin Zn3010000130' 'Grass00' #150 vertex 4: ground 600191.282036 m, vertex 600190.589167 m, -692.869 mm above the ground
[RockPrecisionFixDiag]   rock 'Kerbin Zn3010000130' 'Grass00' #150 vertex 5: ground 600191.222522 m, vertex 600190.590358 m, -632.163 mm above the ground
[RockPrecisionFixDiag]   rock 'Kerbin Zn3010000130' 'Grass00' #150 vertex 6: ground 600191.282089 m, vertex 600192.150314 m, +868.226 mm above the ground
[RockPrecisionFixDiag]   rock 'Kerbin Zn3010000130' 'Grass00' #150 vertex 7: ground 600191.222559 m, vertex 600192.151529 m, +928.971 mm above the ground
[RockPrecisionFixDiag]   rock 'Kerbin Zn3010000130' 'Grass00' #151 vertex 0: ground 600190.912825 m, vertex 600190.220498 m, -692.327 mm above the ground
[RockPrecisionFixDiag]   rock 'Kerbin Zn3010000130' 'Grass00' #151 vertex 1: ground 600190.862298 m, vertex 600190.221607 m, -640.691 mm above the ground
[RockPrecisionFixDiag]   rock 'Kerbin Zn3010000130' 'Grass00' #151 vertex 2: ground 600190.912865 m, vertex 600192.008438 m, +1095.573 mm above the ground
[RockPrecisionFixDiag]   rock 'Kerbin Zn3010000130' 'Grass00' #151 vertex 3: ground 600190.862311 m, vertex 600192.009548 m, +1147.237 mm above the ground
[RockPrecisionFixDiag]   rock 'Kerbin Zn3010000130' 'Grass00' #151 vertex 4: ground 600190.912825 m, vertex 600190.220498 m, -692.327 mm above the ground
[RockPrecisionFixDiag]   rock 'Kerbin Zn3010000130' 'Grass00' #151 vertex 5: ground 600190.862298 m, vertex 600190.221607 m, -640.691 mm above the ground
[RockPrecisionFixDiag]   rock 'Kerbin Zn3010000130' 'Grass00' #151 vertex 6: ground 600190.912865 m, vertex 600192.008438 m, +1095.573 mm above the ground
[RockPrecisionFixDiag]   rock 'Kerbin Zn3010000130' 'Grass00' #151 vertex 7: ground 600190.862311 m, vertex 600192.009548 m, +1147.237 mm above the ground
[RockPrecisionFixDiag]   rock 'Kerbin Zn3010000130' 'Grass00' #152 vertex 0: ground 600211.878244 m, vertex 600211.674562 m, -203.682 mm above the ground
[RockPrecisionFixDiag]   rock 'Kerbin Zn3010000130' 'Grass00' #152 vertex 1: ground 600211.919703 m, vertex 600211.675439 m, -244.265 mm above the ground
[RockPrecisionFixDiag]   rock 'Kerbin Zn3010000130' 'Grass00' #152 vertex 2: ground 600211.878236 m, vertex 600212.682740 m, +804.505 mm above the ground
[RockPrecisionFixDiag]   rock 'Kerbin Zn3010000130' 'Grass00' #152 vertex 3: ground 600211.919668 m, vertex 600212.683605 m, +763.938 mm above the ground
[RockPrecisionFixDiag]   rock 'Kerbin Zn3010000130' 'Grass00' #152 vertex 4: ground 600211.878244 m, vertex 600211.674562 m, -203.682 mm above the ground
[RockPrecisionFixDiag]   rock 'Kerbin Zn3010000130' 'Grass00' #152 vertex 5: ground 600211.919703 m, vertex 600211.675439 m, -244.265 mm above the ground
[RockPrecisionFixDiag]   rock 'Kerbin Zn3010000130' 'Grass00' #152 vertex 6: ground 600211.878236 m, vertex 600212.682740 m, +804.505 mm above the ground
[RockPrecisionFixDiag]   rock 'Kerbin Zn3010000130' 'Grass00' #152 vertex 7: ground 600211.919668 m, vertex 600212.683605 m, +763.938 mm above the ground
[RockPrecisionFixDiag]   rock 'Kerbin Zn3010000130' 'Grass00' #153 vertex 0: ground 600187.368674 m, vertex 600187.168188 m, -200.486 mm above the ground
[RockPrecisionFixDiag]   rock 'Kerbin Zn3010000130' 'Grass00' #153 vertex 1: ground 600187.401015 m, vertex 600187.167499 m, -233.516 mm above the ground
[RockPrecisionFixDiag]   rock 'Kerbin Zn3010000130' 'Grass00' #153 vertex 2: ground 600187.368659 m, vertex 600188.478238 m, +1109.579 mm above the ground
[RockPrecisionFixDiag]   rock 'Kerbin Zn3010000130' 'Grass00' #153 vertex 3: ground 600187.401021 m, vertex 600188.477549 m, +1076.528 mm above the ground
[RockPrecisionFixDiag]   rock 'Kerbin Zn3010000130' 'Grass00' #153 vertex 4: ground 600187.368674 m, vertex 600187.168188 m, -200.486 mm above the ground
[RockPrecisionFixDiag]   rock 'Kerbin Zn3010000130' 'Grass00' #153 vertex 5: ground 600187.401015 m, vertex 600187.167499 m, -233.516 mm above the ground
[RockPrecisionFixDiag]   rock 'Kerbin Zn3010000130' 'Grass00' #153 vertex 6: ground 600187.368659 m, vertex 600188.478238 m, +1109.579 mm above the ground
[RockPrecisionFixDiag]   rock 'Kerbin Zn3010000130' 'Grass00' #153 vertex 7: ground 600187.401021 m, vertex 600188.477549 m, +1076.528 mm above the ground
[RockPrecisionFixDiag]   rock 'Kerbin Zn3010000130' 'Grass00' #154 vertex 0: ground 600187.131026 m, vertex 600186.925678 m, -205.348 mm above the ground
[RockPrecisionFixDiag]   rock 'Kerbin Zn3010000130' 'Grass00' #154 vertex 1: ground 600187.275373 m, vertex 600186.926398 m, -348.975 mm above the ground
[RockPrecisionFixDiag]   rock 'Kerbin Zn3010000130' 'Grass00' #154 vertex 2: ground 600187.130970 m, vertex 600188.671063 m, +1540.093 mm above the ground
[RockPrecisionFixDiag]   rock 'Kerbin Zn3010000130' 'Grass00' #154 vertex 3: ground 600187.275327 m, vertex 600188.671783 m, +1396.456 mm above the ground
[RockPrecisionFixDiag]   rock 'Kerbin Zn3010000130' 'Grass00' #154 vertex 4: ground 600187.131026 m, vertex 600186.925678 m, -205.348 mm above the ground
[RockPrecisionFixDiag]   rock 'Kerbin Zn3010000130' 'Grass00' #154 vertex 5: ground 600187.275373 m, vertex 600186.926398 m, -348.975 mm above the ground
[RockPrecisionFixDiag]   rock 'Kerbin Zn3010000130' 'Grass00' #154 vertex 6: ground 600187.130970 m, vertex 600188.671063 m, +1540.093 mm above the ground
[RockPrecisionFixDiag]   rock 'Kerbin Zn3010000130' 'Grass00' #154 vertex 7: ground 600187.275327 m, vertex 600188.671783 m, +1396.456 mm above the ground
[RockPrecisionFixDiag]   rock 'Kerbin Zn3010000130' 'Grass00' #155 vertex 0: ground 600186.854548 m, vertex 600186.652214 m, -202.335 mm above the ground
[RockPrecisionFixDiag]   rock 'Kerbin Zn3010000130' 'Grass00' #155 vertex 1: ground 600186.906111 m, vertex 600186.652931 m, -253.180 mm above the ground
[RockPrecisionFixDiag]   rock 'Kerbin Zn3010000130' 'Grass00' #155 vertex 2: ground 600186.854558 m, vertex 600188.011701 m, +1157.143 mm above the ground
[RockPrecisionFixDiag]   rock 'Kerbin Zn3010000130' 'Grass00' #155 vertex 3: ground 600186.906091 m, vertex 600188.012414 m, +1106.323 mm above the ground
[RockPrecisionFixDiag]   rock 'Kerbin Zn3010000130' 'Grass00' #155 vertex 4: ground 600186.854548 m, vertex 600186.652214 m, -202.335 mm above the ground
[RockPrecisionFixDiag]   rock 'Kerbin Zn3010000130' 'Grass00' #155 vertex 5: ground 600186.906111 m, vertex 600186.652931 m, -253.180 mm above the ground
[RockPrecisionFixDiag]   rock 'Kerbin Zn3010000130' 'Grass00' #155 vertex 6: ground 600186.854558 m, vertex 600188.011701 m, +1157.143 mm above the ground
[RockPrecisionFixDiag]   rock 'Kerbin Zn3010000130' 'Grass00' #155 vertex 7: ground 600186.906091 m, vertex 600188.012414 m, +1106.323 mm above the ground
[RockPrecisionFixDiag]   rock 'Kerbin Zn3010000130' 'Grass00' #156 vertex 0: ground 600186.401278 m, vertex 600186.199170 m, -202.108 mm above the ground
[RockPrecisionFixDiag]   rock 'Kerbin Zn3010000130' 'Grass00' #156 vertex 1: ground 600186.428362 m, vertex 600186.199992 m, -228.370 mm above the ground
[RockPrecisionFixDiag]   rock 'Kerbin Zn3010000130' 'Grass00' #156 vertex 2: ground 600186.401290 m, vertex 600187.491978 m, +1090.688 mm above the ground
[RockPrecisionFixDiag]   rock 'Kerbin Zn3010000130' 'Grass00' #156 vertex 3: ground 600186.428335 m, vertex 600187.492812 m, +1064.477 mm above the ground
[RockPrecisionFixDiag]   rock 'Kerbin Zn3010000130' 'Grass00' #156 vertex 4: ground 600186.401278 m, vertex 600186.199170 m, -202.108 mm above the ground
[RockPrecisionFixDiag]   rock 'Kerbin Zn3010000130' 'Grass00' #156 vertex 5: ground 600186.428362 m, vertex 600186.199992 m, -228.370 mm above the ground
[RockPrecisionFixDiag]   rock 'Kerbin Zn3010000130' 'Grass00' #156 vertex 6: ground 600186.401290 m, vertex 600187.491978 m, +1090.688 mm above the ground
[RockPrecisionFixDiag]   rock 'Kerbin Zn3010000130' 'Grass00' #156 vertex 7: ground 600186.428335 m, vertex 600187.492812 m, +1064.477 mm above the ground
[RockPrecisionFixDiag]   rock 'Kerbin Zn3010000130' 'Grass00' #157 vertex 0: ground 600196.267976 m, vertex 600196.065033 m, -202.943 mm above the ground
[RockPrecisionFixDiag]   rock 'Kerbin Zn3010000130' 'Grass00' #157 vertex 1: ground 600196.289457 m, vertex 600196.065369 m, -224.088 mm above the ground
[RockPrecisionFixDiag]   rock 'Kerbin Zn3010000130' 'Grass00' #157 vertex 2: ground 600196.267959 m, vertex 600197.196211 m, +928.252 mm above the ground
[RockPrecisionFixDiag]   rock 'Kerbin Zn3010000130' 'Grass00' #157 vertex 3: ground 600196.289440 m, vertex 600197.196546 m, +907.107 mm above the ground
[RockPrecisionFixDiag]   rock 'Kerbin Zn3010000130' 'Grass00' #157 vertex 4: ground 600196.267976 m, vertex 600196.065033 m, -202.943 mm above the ground
[RockPrecisionFixDiag]   rock 'Kerbin Zn3010000130' 'Grass00' #157 vertex 5: ground 600196.289457 m, vertex 600196.065369 m, -224.088 mm above the ground
[RockPrecisionFixDiag]   rock 'Kerbin Zn3010000130' 'Grass00' #157 vertex 6: ground 600196.267959 m, vertex 600197.196211 m, +928.252 mm above the ground
[RockPrecisionFixDiag]   rock 'Kerbin Zn3010000130' 'Grass00' #157 vertex 7: ground 600196.289440 m, vertex 600197.196546 m, +907.107 mm above the ground
[RockPrecisionFixDiag]   rock 'Kerbin Zn3010000130' 'Grass00' #158 vertex 0: ground 600204.385359 m, vertex 600204.183240 m, -202.119 mm above the ground
[RockPrecisionFixDiag]   rock 'Kerbin Zn3010000130' 'Grass00' #158 vertex 1: ground 600204.388686 m, vertex 600204.182246 m, -206.440 mm above the ground
[RockPrecisionFixDiag]   rock 'Kerbin Zn3010000130' 'Grass00' #158 vertex 2: ground 600204.385324 m, vertex 600205.400619 m, +1015.294 mm above the ground
[RockPrecisionFixDiag]   rock 'Kerbin Zn3010000130' 'Grass00' #158 vertex 3: ground 600204.388683 m, vertex 600205.399644 m, +1010.961 mm above the ground
[RockPrecisionFixDiag]   rock 'Kerbin Zn3010000130' 'Grass00' #158 vertex 4: ground 600204.385359 m, vertex 600204.183240 m, -202.119 mm above the ground
[RockPrecisionFixDiag]   rock 'Kerbin Zn3010000130' 'Grass00' #158 vertex 5: ground 600204.388686 m, vertex 600204.182246 m, -206.440 mm above the ground
[RockPrecisionFixDiag]   rock 'Kerbin Zn3010000130' 'Grass00' #158 vertex 6: ground 600204.385324 m, vertex 600205.400619 m, +1015.294 mm above the ground
[RockPrecisionFixDiag]   rock 'Kerbin Zn3010000130' 'Grass00' #158 vertex 7: ground 600204.388683 m, vertex 600205.399644 m, +1010.961 mm above the ground
[RockPrecisionFixDiag]   rock 'Kerbin Zn3010000130' 'Grass00' #159 vertex 0: ground 600190.821601 m, vertex 600190.616509 m, -205.092 mm above the ground
[RockPrecisionFixDiag]   rock 'Kerbin Zn3010000130' 'Grass00' #159 vertex 1: ground 600190.788305 m, vertex 600190.616515 m, -171.790 mm above the ground
[RockPrecisionFixDiag]   rock 'Kerbin Zn3010000130' 'Grass00' #159 vertex 2: ground 600190.821603 m, vertex 600192.330823 m, +1509.220 mm above the ground
[RockPrecisionFixDiag]   rock 'Kerbin Zn3010000130' 'Grass00' #159 vertex 3: ground 600190.788306 m, vertex 600192.330830 m, +1542.524 mm above the ground
[RockPrecisionFixDiag]   rock 'Kerbin Zn3010000130' 'Grass00' #159 vertex 4: ground 600190.821601 m, vertex 600190.616509 m, -205.092 mm above the ground
[RockPrecisionFixDiag]   rock 'Kerbin Zn3010000130' 'Grass00' #159 vertex 5: ground 600190.788305 m, vertex 600190.616515 m, -171.790 mm above the ground
[RockPrecisionFixDiag]   rock 'Kerbin Zn3010000130' 'Grass00' #159 vertex 6: ground 600190.821603 m, vertex 600192.330823 m, +1509.220 mm above the ground
[RockPrecisionFixDiag]   rock 'Kerbin Zn3010000130' 'Grass00' #159 vertex 7: ground 600190.788306 m, vertex 600192.330830 m, +1542.524 mm above the ground
[RockPrecisionFixDiag]   rock 'Kerbin Zn3010000130' 'Grass00' #160 vertex 0: ground 600201.475371 m, vertex 600201.203605 m, -271.765 mm above the ground
[RockPrecisionFixDiag]   rock 'Kerbin Zn3010000130' 'Grass00' #160 vertex 1: ground 600201.398406 m, vertex 600201.203782 m, -194.624 mm above the ground
[RockPrecisionFixDiag]   rock 'Kerbin Zn3010000130' 'Grass00' #160 vertex 2: ground 600201.475344 m, vertex 600203.038607 m, +1563.263 mm above the ground
[RockPrecisionFixDiag]   rock 'Kerbin Zn3010000130' 'Grass00' #160 vertex 3: ground 600201.398379 m, vertex 600203.038786 m, +1640.406 mm above the ground
[RockPrecisionFixDiag]   rock 'Kerbin Zn3010000130' 'Grass00' #160 vertex 4: ground 600201.475371 m, vertex 600201.203605 m, -271.765 mm above the ground
[RockPrecisionFixDiag]   rock 'Kerbin Zn3010000130' 'Grass00' #160 vertex 5: ground 600201.398406 m, vertex 600201.203782 m, -194.624 mm above the ground
[RockPrecisionFixDiag]   rock 'Kerbin Zn3010000130' 'Grass00' #160 vertex 6: ground 600201.475344 m, vertex 600203.038607 m, +1563.263 mm above the ground
[RockPrecisionFixDiag]   rock 'Kerbin Zn3010000130' 'Grass00' #160 vertex 7: ground 600201.398379 m, vertex 600203.038786 m, +1640.406 mm above the ground
[RockPrecisionFixDiag]   rock 'Kerbin Zn3010000130' 'Grass00' #161 vertex 0: ground 600198.108361 m, vertex 600198.962743 m, +854.382 mm above the ground
[RockPrecisionFixDiag]   rock 'Kerbin Zn3010000130' 'Grass00' #161 vertex 1: ground 600198.114213 m, vertex 600198.961463 m, +847.251 mm above the ground
[RockPrecisionFixDiag]   rock 'Kerbin Zn3010000130' 'Grass00' #161 vertex 2: ground 600198.108368 m, vertex 600200.688304 m, +2579.936 mm above the ground
[RockPrecisionFixDiag]   rock 'Kerbin Zn3010000130' 'Grass00' #161 vertex 3: ground 600198.114220 m, vertex 600200.687048 m, +2572.828 mm above the ground
[RockPrecisionFixDiag]   rock 'Kerbin Zn3010000130' 'Grass00' #161 vertex 4: ground 600198.108361 m, vertex 600198.962743 m, +854.382 mm above the ground
[RockPrecisionFixDiag]   rock 'Kerbin Zn3010000130' 'Grass00' #161 vertex 5: ground 600198.114213 m, vertex 600198.961463 m, +847.251 mm above the ground
[RockPrecisionFixDiag]   rock 'Kerbin Zn3010000130' 'Grass00' #161 vertex 6: ground 600198.108368 m, vertex 600200.688304 m, +2579.936 mm above the ground
[RockPrecisionFixDiag]   rock 'Kerbin Zn3010000130' 'Grass00' #161 vertex 7: ground 600198.114220 m, vertex 600200.687048 m, +2572.828 mm above the ground
[RockPrecisionFixDiag]   rock 'Kerbin Zn3010000130' 'Grass00' #162 vertex 0: ground 600205.398130 m, vertex 600205.195700 m, -202.430 mm above the ground
[RockPrecisionFixDiag]   rock 'Kerbin Zn3010000130' 'Grass00' #162 vertex 1: ground 600205.438785 m, vertex 600205.196664 m, -242.121 mm above the ground
[RockPrecisionFixDiag]   rock 'Kerbin Zn3010000130' 'Grass00' #162 vertex 2: ground 600205.398181 m, vertex 600206.765220 m, +1367.039 mm above the ground
[RockPrecisionFixDiag]   rock 'Kerbin Zn3010000130' 'Grass00' #162 vertex 3: ground 600205.438790 m, vertex 600206.766164 m, +1327.374 mm above the ground
[RockPrecisionFixDiag]   rock 'Kerbin Zn3010000130' 'Grass00' #162 vertex 4: ground 600205.398130 m, vertex 600205.195700 m, -202.430 mm above the ground
[RockPrecisionFixDiag]   rock 'Kerbin Zn3010000130' 'Grass00' #162 vertex 5: ground 600205.438785 m, vertex 600205.196664 m, -242.121 mm above the ground
[RockPrecisionFixDiag]   rock 'Kerbin Zn3010000130' 'Grass00' #162 vertex 6: ground 600205.398181 m, vertex 600206.765220 m, +1367.039 mm above the ground
[RockPrecisionFixDiag]   rock 'Kerbin Zn3010000130' 'Grass00' #162 vertex 7: ground 600205.438790 m, vertex 600206.766164 m, +1327.374 mm above the ground
[RockPrecisionFixDiag]   rock 'Kerbin Zn3010000130' 'Grass00' #163 vertex 0: ground 600188.880018 m, vertex 600188.678130 m, -201.888 mm above the ground
[RockPrecisionFixDiag]   rock 'Kerbin Zn3010000130' 'Grass00' #163 vertex 1: ground 600188.861636 m, vertex 600188.678941 m, -182.695 mm above the ground
[RockPrecisionFixDiag]   rock 'Kerbin Zn3010000130' 'Grass00' #163 vertex 2: ground 600188.880004 m, vertex 600190.622482 m, +1742.478 mm above the ground
[RockPrecisionFixDiag]   rock 'Kerbin Zn3010000130' 'Grass00' #163 vertex 3: ground 600188.861613 m, vertex 600190.623293 m, +1761.680 mm above the ground
[RockPrecisionFixDiag]   rock 'Kerbin Zn3010000130' 'Grass00' #163 vertex 4: ground 600188.880018 m, vertex 600188.678130 m, -201.888 mm above the ground
[RockPrecisionFixDiag]   rock 'Kerbin Zn3010000130' 'Grass00' #163 vertex 5: ground 600188.861636 m, vertex 600188.678941 m, -182.695 mm above the ground
[RockPrecisionFixDiag]   rock 'Kerbin Zn3010000130' 'Grass00' #163 vertex 6: ground 600188.880004 m, vertex 600190.622482 m, +1742.478 mm above the ground
[RockPrecisionFixDiag]   rock 'Kerbin Zn3010000130' 'Grass00' #163 vertex 7: ground 600188.861613 m, vertex 600190.623293 m, +1761.680 mm above the ground
[RockPrecisionFixDiag]   rock 'Kerbin Zn3010000130' 'Grass00' #164 vertex 0: ground 600191.342891 m, vertex 600191.141841 m, -201.050 mm above the ground
[RockPrecisionFixDiag]   rock 'Kerbin Zn3010000130' 'Grass00' #164 vertex 1: ground 600191.374965 m, vertex 600191.141383 m, -233.582 mm above the ground
[RockPrecisionFixDiag]   rock 'Kerbin Zn3010000130' 'Grass00' #164 vertex 2: ground 600191.342878 m, vertex 600192.703172 m, +1360.294 mm above the ground
[RockPrecisionFixDiag]   rock 'Kerbin Zn3010000130' 'Grass00' #164 vertex 3: ground 600191.374935 m, vertex 600192.702714 m, +1327.779 mm above the ground
[RockPrecisionFixDiag]   rock 'Kerbin Zn3010000130' 'Grass00' #164 vertex 4: ground 600191.342891 m, vertex 600191.141841 m, -201.050 mm above the ground
[RockPrecisionFixDiag]   rock 'Kerbin Zn3010000130' 'Grass00' #164 vertex 5: ground 600191.374965 m, vertex 600191.141383 m, -233.582 mm above the ground
[RockPrecisionFixDiag]   rock 'Kerbin Zn3010000130' 'Grass00' #164 vertex 6: ground 600191.342878 m, vertex 600192.703172 m, +1360.294 mm above the ground
[RockPrecisionFixDiag]   rock 'Kerbin Zn3010000130' 'Grass00' #164 vertex 7: ground 600191.374935 m, vertex 600192.702714 m, +1327.779 mm above the ground
[RockPrecisionFixDiag]   rock 'Kerbin Zn3010000130' 'Grass00' #165 vertex 0: ground 600201.630254 m, vertex 600201.424961 m, -205.293 mm above the ground
[RockPrecisionFixDiag]   rock 'Kerbin Zn3010000130' 'Grass00' #165 vertex 1: ground 600201.467324 m, vertex 600201.424613 m, -42.712 mm above the ground
[RockPrecisionFixDiag]   rock 'Kerbin Zn3010000130' 'Grass00' #165 vertex 2: ground 600201.630219 m, vertex 600203.378705 m, +1748.486 mm above the ground
[RockPrecisionFixDiag]   rock 'Kerbin Zn3010000130' 'Grass00' #165 vertex 3: ground 600201.467257 m, vertex 600203.378357 m, +1911.101 mm above the ground
[RockPrecisionFixDiag]   rock 'Kerbin Zn3010000130' 'Grass00' #165 vertex 4: ground 600201.630254 m, vertex 600201.424961 m, -205.293 mm above the ground
[RockPrecisionFixDiag]   rock 'Kerbin Zn3010000130' 'Grass00' #165 vertex 5: ground 600201.467324 m, vertex 600201.424613 m, -42.712 mm above the ground
[RockPrecisionFixDiag]   rock 'Kerbin Zn3010000130' 'Grass00' #165 vertex 6: ground 600201.630219 m, vertex 600203.378705 m, +1748.486 mm above the ground
[RockPrecisionFixDiag]   rock 'Kerbin Zn3010000130' 'Grass00' #165 vertex 7: ground 600201.467257 m, vertex 600203.378357 m, +1911.101 mm above the ground
[RockPrecisionFixDiag]   rock 'Kerbin Zn3010000130' 'Grass00' #166 vertex 0: ground 600204.722965 m, vertex 600204.373205 m, -349.761 mm above the ground
[RockPrecisionFixDiag]   rock 'Kerbin Zn3010000130' 'Grass00' #166 vertex 1: ground 600204.729150 m, vertex 600204.372391 m, -356.759 mm above the ground
[RockPrecisionFixDiag]   rock 'Kerbin Zn3010000130' 'Grass00' #166 vertex 2: ground 600204.722962 m, vertex 600206.350026 m, +1627.064 mm above the ground
[RockPrecisionFixDiag]   rock 'Kerbin Zn3010000130' 'Grass00' #166 vertex 3: ground 600204.729140 m, vertex 600206.349233 m, +1620.093 mm above the ground
[RockPrecisionFixDiag]   rock 'Kerbin Zn3010000130' 'Grass00' #166 vertex 4: ground 600204.722965 m, vertex 600204.373205 m, -349.761 mm above the ground
[RockPrecisionFixDiag]   rock 'Kerbin Zn3010000130' 'Grass00' #166 vertex 5: ground 600204.729150 m, vertex 600204.372391 m, -356.759 mm above the ground
[RockPrecisionFixDiag]   rock 'Kerbin Zn3010000130' 'Grass00' #166 vertex 6: ground 600204.722962 m, vertex 600206.350026 m, +1627.064 mm above the ground
[RockPrecisionFixDiag]   rock 'Kerbin Zn3010000130' 'Grass00' #166 vertex 7: ground 600204.729140 m, vertex 600206.349233 m, +1620.093 mm above the ground
[RockPrecisionFixDiag]   rock 'Kerbin Zn3010000130' 'Grass00' #167 vertex 0: ground 600199.373960 m, vertex 600198.074639 m, -1299.321 mm above the ground
[RockPrecisionFixDiag]   rock 'Kerbin Zn3010000130' 'Grass00' #167 vertex 1: ground 600199.393459 m, vertex 600198.074759 m, -1318.700 mm above the ground
[RockPrecisionFixDiag]   rock 'Kerbin Zn3010000130' 'Grass00' #167 vertex 2: ground 600199.373989 m, vertex 600199.109730 m, -264.259 mm above the ground
[RockPrecisionFixDiag]   rock 'Kerbin Zn3010000130' 'Grass00' #167 vertex 3: ground 600199.393486 m, vertex 600199.109850 m, -283.636 mm above the ground
[RockPrecisionFixDiag]   rock 'Kerbin Zn3010000130' 'Grass00' #167 vertex 4: ground 600199.373960 m, vertex 600198.074639 m, -1299.321 mm above the ground
[RockPrecisionFixDiag]   rock 'Kerbin Zn3010000130' 'Grass00' #167 vertex 5: ground 600199.393459 m, vertex 600198.074759 m, -1318.700 mm above the ground
[RockPrecisionFixDiag]   rock 'Kerbin Zn3010000130' 'Grass00' #167 vertex 6: ground 600199.373989 m, vertex 600199.109730 m, -264.259 mm above the ground
[RockPrecisionFixDiag]   rock 'Kerbin Zn3010000130' 'Grass00' #167 vertex 7: ground 600199.393486 m, vertex 600199.109850 m, -283.636 mm above the ground
[RockPrecisionFixDiag]   rock 'Kerbin Zn3010000130' 'Grass00' #168 vertex 0: ground 600186.483564 m, vertex 600186.280047 m, -203.517 mm above the ground
[RockPrecisionFixDiag]   rock 'Kerbin Zn3010000130' 'Grass00' #168 vertex 1: ground 600186.500352 m, vertex 600186.279962 m, -220.390 mm above the ground
[RockPrecisionFixDiag]   rock 'Kerbin Zn3010000130' 'Grass00' #168 vertex 2: ground 600186.483568 m, vertex 600187.902361 m, +1418.793 mm above the ground
[RockPrecisionFixDiag]   rock 'Kerbin Zn3010000130' 'Grass00' #168 vertex 3: ground 600186.500339 m, vertex 600187.902276 m, +1401.937 mm above the ground
[RockPrecisionFixDiag]   rock 'Kerbin Zn3010000130' 'Grass00' #168 vertex 4: ground 600186.483564 m, vertex 600186.280047 m, -203.517 mm above the ground
[RockPrecisionFixDiag]   rock 'Kerbin Zn3010000130' 'Grass00' #168 vertex 5: ground 600186.500352 m, vertex 600186.279962 m, -220.390 mm above the ground
[RockPrecisionFixDiag]   rock 'Kerbin Zn3010000130' 'Grass00' #168 vertex 6: ground 600186.483568 m, vertex 600187.902361 m, +1418.793 mm above the ground
[RockPrecisionFixDiag]   rock 'Kerbin Zn3010000130' 'Grass00' #168 vertex 7: ground 600186.500339 m, vertex 600187.902276 m, +1401.937 mm above the ground
[RockPrecisionFixDiag]   rock 'Kerbin Zn3010000130' 'Grass00' #169 vertex 0: ground 600201.160690 m, vertex 600200.960193 m, -200.498 mm above the ground
[RockPrecisionFixDiag]   rock 'Kerbin Zn3010000130' 'Grass00' #169 vertex 1: ground 600201.223597 m, vertex 600200.959467 m, -264.130 mm above the ground
[RockPrecisionFixDiag]   rock 'Kerbin Zn3010000130' 'Grass00' #169 vertex 2: ground 600201.160734 m, vertex 600202.019922 m, +859.188 mm above the ground
[RockPrecisionFixDiag]   rock 'Kerbin Zn3010000130' 'Grass00' #169 vertex 3: ground 600201.223644 m, vertex 600202.019239 m, +795.595 mm above the ground
[RockPrecisionFixDiag]   rock 'Kerbin Zn3010000130' 'Grass00' #169 vertex 4: ground 600201.160690 m, vertex 600200.960193 m, -200.498 mm above the ground
[RockPrecisionFixDiag]   rock 'Kerbin Zn3010000130' 'Grass00' #169 vertex 5: ground 600201.223597 m, vertex 600200.959467 m, -264.130 mm above the ground
[RockPrecisionFixDiag]   rock 'Kerbin Zn3010000130' 'Grass00' #169 vertex 6: ground 600201.160734 m, vertex 600202.019922 m, +859.188 mm above the ground
[RockPrecisionFixDiag]   rock 'Kerbin Zn3010000130' 'Grass00' #169 vertex 7: ground 600201.223644 m, vertex 600202.019239 m, +795.595 mm above the ground
[RockPrecisionFixDiag]   rock 'Kerbin Zn3010000130' 'Grass00' #170 vertex 0: ground 600200.775040 m, vertex 600200.573652 m, -201.389 mm above the ground
[RockPrecisionFixDiag]   rock 'Kerbin Zn3010000130' 'Grass00' #170 vertex 1: ground 600200.766540 m, vertex 600200.572001 m, -194.539 mm above the ground
[RockPrecisionFixDiag]   rock 'Kerbin Zn3010000130' 'Grass00' #170 vertex 2: ground 600200.775019 m, vertex 600202.415397 m, +1640.378 mm above the ground
[RockPrecisionFixDiag]   rock 'Kerbin Zn3010000130' 'Grass00' #170 vertex 3: ground 600200.766546 m, vertex 600202.413723 m, +1647.177 mm above the ground
[RockPrecisionFixDiag]   rock 'Kerbin Zn3010000130' 'Grass00' #170 vertex 4: ground 600200.775040 m, vertex 600200.573652 m, -201.389 mm above the ground
[RockPrecisionFixDiag]   rock 'Kerbin Zn3010000130' 'Grass00' #170 vertex 5: ground 600200.766540 m, vertex 600200.572001 m, -194.539 mm above the ground
[RockPrecisionFixDiag]   rock 'Kerbin Zn3010000130' 'Grass00' #170 vertex 6: ground 600200.775019 m, vertex 600202.415397 m, +1640.378 mm above the ground
[RockPrecisionFixDiag]   rock 'Kerbin Zn3010000130' 'Grass00' #170 vertex 7: ground 600200.766546 m, vertex 600202.413723 m, +1647.177 mm above the ground
[RockPrecisionFixDiag]   rock 'Kerbin Zn3010000130' 'Grass00' #171 vertex 0: ground 600201.400418 m, vertex 600201.200961 m, -199.457 mm above the ground
[RockPrecisionFixDiag]   rock 'Kerbin Zn3010000130' 'Grass00' #171 vertex 1: ground 600201.386581 m, vertex 600201.199843 m, -186.739 mm above the ground
[RockPrecisionFixDiag]   rock 'Kerbin Zn3010000130' 'Grass00' #171 vertex 2: ground 600201.400453 m, vertex 600203.080178 m, +1679.725 mm above the ground
[RockPrecisionFixDiag]   rock 'Kerbin Zn3010000130' 'Grass00' #171 vertex 3: ground 600201.386597 m, vertex 600203.079060 m, +1692.463 mm above the ground
[RockPrecisionFixDiag]   rock 'Kerbin Zn3010000130' 'Grass00' #171 vertex 4: ground 600201.400418 m, vertex 600201.200961 m, -199.457 mm above the ground
[RockPrecisionFixDiag]   rock 'Kerbin Zn3010000130' 'Grass00' #171 vertex 5: ground 600201.386581 m, vertex 600201.199843 m, -186.739 mm above the ground
[RockPrecisionFixDiag]   rock 'Kerbin Zn3010000130' 'Grass00' #171 vertex 6: ground 600201.400453 m, vertex 600203.080178 m, +1679.725 mm above the ground
[RockPrecisionFixDiag]   rock 'Kerbin Zn3010000130' 'Grass00' #171 vertex 7: ground 600201.386597 m, vertex 600203.079060 m, +1692.463 mm above the ground
[RockPrecisionFixDiag]   rock 'Kerbin Zn3010000130' 'Grass00' #172 vertex 0: ground 600194.721614 m, vertex 600194.518619 m, -202.995 mm above the ground
[RockPrecisionFixDiag]   rock 'Kerbin Zn3010000130' 'Grass00' #172 vertex 1: ground 600194.750758 m, vertex 600194.517673 m, -233.086 mm above the ground
[RockPrecisionFixDiag]   rock 'Kerbin Zn3010000130' 'Grass00' #172 vertex 2: ground 600194.721607 m, vertex 600195.618635 m, +897.028 mm above the ground
[RockPrecisionFixDiag]   rock 'Kerbin Zn3010000130' 'Grass00' #172 vertex 3: ground 600194.750799 m, vertex 600195.617689 m, +866.890 mm above the ground
[RockPrecisionFixDiag]   rock 'Kerbin Zn3010000130' 'Grass00' #172 vertex 4: ground 600194.721614 m, vertex 600194.518619 m, -202.995 mm above the ground
[RockPrecisionFixDiag]   rock 'Kerbin Zn3010000130' 'Grass00' #172 vertex 5: ground 600194.750758 m, vertex 600194.517673 m, -233.086 mm above the ground
[RockPrecisionFixDiag]   rock 'Kerbin Zn3010000130' 'Grass00' #172 vertex 6: ground 600194.721607 m, vertex 600195.618635 m, +897.028 mm above the ground
[RockPrecisionFixDiag]   rock 'Kerbin Zn3010000130' 'Grass00' #172 vertex 7: ground 600194.750799 m, vertex 600195.617689 m, +866.890 mm above the ground
[RockPrecisionFixDiag]   rock 'Kerbin Zn3010000130' 'Grass00' #173 vertex 0: ground 600208.476860 m, vertex 600208.277730 m, -199.130 mm above the ground
[RockPrecisionFixDiag]   rock 'Kerbin Zn3010000130' 'Grass00' #173 vertex 1: ground 600208.412927 m, vertex 600208.278438 m, -134.488 mm above the ground
[RockPrecisionFixDiag]   rock 'Kerbin Zn3010000130' 'Grass00' #173 vertex 2: ground 600208.477011 m, vertex 600209.978167 m, +1501.157 mm above the ground
[RockPrecisionFixDiag]   rock 'Kerbin Zn3010000130' 'Grass00' #173 vertex 3: ground 600208.413063 m, vertex 600209.978876 m, +1565.813 mm above the ground
[RockPrecisionFixDiag]   rock 'Kerbin Zn3010000130' 'Grass00' #173 vertex 4: ground 600208.476860 m, vertex 600208.277730 m, -199.130 mm above the ground
[RockPrecisionFixDiag]   rock 'Kerbin Zn3010000130' 'Grass00' #173 vertex 5: ground 600208.412927 m, vertex 600208.278438 m, -134.488 mm above the ground
[RockPrecisionFixDiag]   rock 'Kerbin Zn3010000130' 'Grass00' #173 vertex 6: ground 600208.477011 m, vertex 600209.978167 m, +1501.157 mm above the ground
[RockPrecisionFixDiag]   rock 'Kerbin Zn3010000130' 'Grass00' #173 vertex 7: ground 600208.413063 m, vertex 600209.978876 m, +1565.813 mm above the ground
[RockPrecisionFixDiag]   rock 'Kerbin Zn3010000130' 'Grass00' #174 vertex 0: ground 600196.645865 m, vertex 600196.443030 m, -202.835 mm above the ground
[RockPrecisionFixDiag]   rock 'Kerbin Zn3010000130' 'Grass00' #174 vertex 1: ground 600196.628338 m, vertex 600196.441047 m, -187.291 mm above the ground
[RockPrecisionFixDiag]   rock 'Kerbin Zn3010000130' 'Grass00' #174 vertex 2: ground 600196.645801 m, vertex 600198.292214 m, +1646.413 mm above the ground
[RockPrecisionFixDiag]   rock 'Kerbin Zn3010000130' 'Grass00' #174 vertex 3: ground 600196.628395 m, vertex 600198.290231 m, +1661.836 mm above the ground
[RockPrecisionFixDiag]   rock 'Kerbin Zn3010000130' 'Grass00' #174 vertex 4: ground 600196.645865 m, vertex 600196.443030 m, -202.835 mm above the ground
[RockPrecisionFixDiag]   rock 'Kerbin Zn3010000130' 'Grass00' #174 vertex 5: ground 600196.628338 m, vertex 600196.441047 m, -187.291 mm above the ground
[RockPrecisionFixDiag]   rock 'Kerbin Zn3010000130' 'Grass00' #174 vertex 6: ground 600196.645801 m, vertex 600198.292214 m, +1646.413 mm above the ground
[RockPrecisionFixDiag]   rock 'Kerbin Zn3010000130' 'Grass00' #174 vertex 7: ground 600196.628395 m, vertex 600198.290231 m, +1661.836 mm above the ground
[RockPrecisionFixDiag]   rock 'Kerbin Zn3010000130' 'Grass00' #175 vertex 0: ground 600191.703707 m, vertex 600191.499644 m, -204.063 mm above the ground
[RockPrecisionFixDiag]   rock 'Kerbin Zn3010000130' 'Grass00' #175 vertex 1: ground 600191.741643 m, vertex 600191.499383 m, -242.260 mm above the ground
[RockPrecisionFixDiag]   rock 'Kerbin Zn3010000130' 'Grass00' #175 vertex 2: ground 600191.703695 m, vertex 600192.746250 m, +1042.555 mm above the ground
[RockPrecisionFixDiag]   rock 'Kerbin Zn3010000130' 'Grass00' #175 vertex 3: ground 600191.741649 m, vertex 600192.745989 m, +1004.340 mm above the ground
[RockPrecisionFixDiag]   rock 'Kerbin Zn3010000130' 'Grass00' #175 vertex 4: ground 600191.703707 m, vertex 600191.499644 m, -204.063 mm above the ground
[RockPrecisionFixDiag]   rock 'Kerbin Zn3010000130' 'Grass00' #175 vertex 5: ground 600191.741643 m, vertex 600191.499383 m, -242.260 mm above the ground
[RockPrecisionFixDiag]   rock 'Kerbin Zn3010000130' 'Grass00' #175 vertex 6: ground 600191.703695 m, vertex 600192.746250 m, +1042.555 mm above the ground
[RockPrecisionFixDiag]   rock 'Kerbin Zn3010000130' 'Grass00' #175 vertex 7: ground 600191.741649 m, vertex 600192.745989 m, +1004.340 mm above the ground
[RockPrecisionFixDiag]   rock 'Kerbin Zn3010000130' 'Grass00' #176 vertex 0: ground 600200.030331 m, vertex 600199.826119 m, -204.212 mm above the ground
[RockPrecisionFixDiag]   rock 'Kerbin Zn3010000130' 'Grass00' #176 vertex 1: ground 600199.939542 m, vertex 600199.825416 m, -114.126 mm above the ground
[RockPrecisionFixDiag]   rock 'Kerbin Zn3010000130' 'Grass00' #176 vertex 2: ground 600200.030295 m, vertex 600201.609295 m, +1579.001 mm above the ground
[RockPrecisionFixDiag]   rock 'Kerbin Zn3010000130' 'Grass00' #176 vertex 3: ground 600199.939512 m, vertex 600201.608590 m, +1669.079 mm above the ground
[RockPrecisionFixDiag]   rock 'Kerbin Zn3010000130' 'Grass00' #176 vertex 4: ground 600200.030331 m, vertex 600199.826119 m, -204.212 mm above the ground
[RockPrecisionFixDiag]   rock 'Kerbin Zn3010000130' 'Grass00' #176 vertex 5: ground 600199.939542 m, vertex 600199.825416 m, -114.126 mm above the ground
[RockPrecisionFixDiag]   rock 'Kerbin Zn3010000130' 'Grass00' #176 vertex 6: ground 600200.030295 m, vertex 600201.609295 m, +1579.001 mm above the ground
[RockPrecisionFixDiag]   rock 'Kerbin Zn3010000130' 'Grass00' #176 vertex 7: ground 600199.939512 m, vertex 600201.608590 m, +1669.079 mm above the ground
[RockPrecisionFixDiag]   rock 'Kerbin Zn3010000130' 'Grass00' #177 vertex 0: ground 600207.682814 m, vertex 600207.483892 m, -198.923 mm above the ground
[RockPrecisionFixDiag]   rock 'Kerbin Zn3010000130' 'Grass00' #177 vertex 1: ground 600207.604447 m, vertex 600207.484591 m, -119.856 mm above the ground
[RockPrecisionFixDiag]   rock 'Kerbin Zn3010000130' 'Grass00' #177 vertex 2: ground 600207.682918 m, vertex 600208.999076 m, +1316.158 mm above the ground
[RockPrecisionFixDiag]   rock 'Kerbin Zn3010000130' 'Grass00' #177 vertex 3: ground 600207.604551 m, vertex 600208.999774 m, +1395.223 mm above the ground
[RockPrecisionFixDiag]   rock 'Kerbin Zn3010000130' 'Grass00' #177 vertex 4: ground 600207.682814 m, vertex 600207.483892 m, -198.923 mm above the ground
[RockPrecisionFixDiag]   rock 'Kerbin Zn3010000130' 'Grass00' #177 vertex 5: ground 600207.604447 m, vertex 600207.484591 m, -119.856 mm above the ground
[RockPrecisionFixDiag]   rock 'Kerbin Zn3010000130' 'Grass00' #177 vertex 6: ground 600207.682918 m, vertex 600208.999076 m, +1316.158 mm above the ground
[RockPrecisionFixDiag]   rock 'Kerbin Zn3010000130' 'Grass00' #177 vertex 7: ground 600207.604551 m, vertex 600208.999774 m, +1395.223 mm above the ground
[RockPrecisionFixDiag]   rock 'Kerbin Zn3010000130' 'Grass00' #178 vertex 0: ground 600193.024898 m, vertex 600192.823638 m, -201.260 mm above the ground
[RockPrecisionFixDiag]   rock 'Kerbin Zn3010000130' 'Grass00' #178 vertex 1: ground 600192.995816 m, vertex 600192.822033 m, -173.783 mm above the ground
[RockPrecisionFixDiag]   rock 'Kerbin Zn3010000130' 'Grass00' #178 vertex 2: ground 600193.024892 m, vertex 600194.441780 m, +1416.888 mm above the ground
[RockPrecisionFixDiag]   rock 'Kerbin Zn3010000130' 'Grass00' #178 vertex 3: ground 600192.995790 m, vertex 600194.440156 m, +1444.365 mm above the ground
[RockPrecisionFixDiag]   rock 'Kerbin Zn3010000130' 'Grass00' #178 vertex 4: ground 600193.024898 m, vertex 600192.823638 m, -201.260 mm above the ground
[RockPrecisionFixDiag]   rock 'Kerbin Zn3010000130' 'Grass00' #178 vertex 5: ground 600192.995816 m, vertex 600192.822033 m, -173.783 mm above the ground
[RockPrecisionFixDiag]   rock 'Kerbin Zn3010000130' 'Grass00' #178 vertex 6: ground 600193.024892 m, vertex 600194.441780 m, +1416.888 mm above the ground
[RockPrecisionFixDiag]   rock 'Kerbin Zn3010000130' 'Grass00' #178 vertex 7: ground 600192.995790 m, vertex 600194.440156 m, +1444.365 mm above the ground
[RockPrecisionFixDiag]   rock 'Kerbin Zn3010000130' 'Grass00' #179 vertex 0: ground 600188.947996 m, vertex 600188.757137 m, -190.859 mm above the ground
[RockPrecisionFixDiag]   rock 'Kerbin Zn3010000130' 'Grass00' #179 vertex 1: ground 600188.920545 m, vertex 600188.757960 m, -162.585 mm above the ground
[RockPrecisionFixDiag]   rock 'Kerbin Zn3010000130' 'Grass00' #179 vertex 2: ground 600188.948024 m, vertex 600190.448053 m, +1500.030 mm above the ground
[RockPrecisionFixDiag]   rock 'Kerbin Zn3010000130' 'Grass00' #179 vertex 3: ground 600188.920580 m, vertex 600190.448884 m, +1528.304 mm above the ground
[RockPrecisionFixDiag]   rock 'Kerbin Zn3010000130' 'Grass00' #179 vertex 4: ground 600188.947996 m, vertex 600188.757137 m, -190.859 mm above the ground
[RockPrecisionFixDiag]   rock 'Kerbin Zn3010000130' 'Grass00' #179 vertex 5: ground 600188.920545 m, vertex 600188.757960 m, -162.585 mm above the ground
[RockPrecisionFixDiag]   rock 'Kerbin Zn3010000130' 'Grass00' #179 vertex 6: ground 600188.948024 m, vertex 600190.448053 m, +1500.030 mm above the ground
[RockPrecisionFixDiag]   rock 'Kerbin Zn3010000130' 'Grass00' #179 vertex 7: ground 600188.920580 m, vertex 600190.448884 m, +1528.304 mm above the ground
[RockPrecisionFixDiag]   rock 'Kerbin Zn3010000130' 'Grass00' #180 vertex 0: ground 600202.292586 m, vertex 600202.088317 m, -204.268 mm above the ground
[RockPrecisionFixDiag]   rock 'Kerbin Zn3010000130' 'Grass00' #180 vertex 1: ground 600202.269010 m, vertex 600202.089221 m, -179.789 mm above the ground
[RockPrecisionFixDiag]   rock 'Kerbin Zn3010000130' 'Grass00' #180 vertex 2: ground 600202.292624 m, vertex 600203.197894 m, +905.270 mm above the ground
[RockPrecisionFixDiag]   rock 'Kerbin Zn3010000130' 'Grass00' #180 vertex 3: ground 600202.269071 m, vertex 600203.198786 m, +929.715 mm above the ground
[RockPrecisionFixDiag]   rock 'Kerbin Zn3010000130' 'Grass00' #180 vertex 4: ground 600202.292586 m, vertex 600202.088317 m, -204.268 mm above the ground
[RockPrecisionFixDiag]   rock 'Kerbin Zn3010000130' 'Grass00' #180 vertex 5: ground 600202.269010 m, vertex 600202.089221 m, -179.789 mm above the ground
[RockPrecisionFixDiag]   rock 'Kerbin Zn3010000130' 'Grass00' #180 vertex 6: ground 600202.292624 m, vertex 600203.197894 m, +905.270 mm above the ground
[RockPrecisionFixDiag]   rock 'Kerbin Zn3010000130' 'Grass00' #180 vertex 7: ground 600202.269071 m, vertex 600203.198786 m, +929.715 mm above the ground
[RockPrecisionFixDiag]   rock 'Kerbin Zn3010000130' 'Grass00' #181 vertex 0: ground 600189.844616 m, vertex 600189.754778 m, -89.839 mm above the ground
[RockPrecisionFixDiag]   rock 'Kerbin Zn3010000130' 'Grass00' #181 vertex 1: ground 600189.804922 m, vertex 600189.754603 m, -50.320 mm above the ground
[RockPrecisionFixDiag]   rock 'Kerbin Zn3010000130' 'Grass00' #181 vertex 2: ground 600189.844609 m, vertex 600190.898908 m, +1054.299 mm above the ground
[RockPrecisionFixDiag]   rock 'Kerbin Zn3010000130' 'Grass00' #181 vertex 3: ground 600189.804911 m, vertex 600190.898738 m, +1093.827 mm above the ground
[RockPrecisionFixDiag]   rock 'Kerbin Zn3010000130' 'Grass00' #181 vertex 4: ground 600189.844616 m, vertex 600189.754778 m, -89.839 mm above the ground
[RockPrecisionFixDiag]   rock 'Kerbin Zn3010000130' 'Grass00' #181 vertex 5: ground 600189.804922 m, vertex 600189.754603 m, -50.320 mm above the ground
[RockPrecisionFixDiag]   rock 'Kerbin Zn3010000130' 'Grass00' #181 vertex 6: ground 600189.844609 m, vertex 600190.898908 m, +1054.299 mm above the ground
[RockPrecisionFixDiag]   rock 'Kerbin Zn3010000130' 'Grass00' #181 vertex 7: ground 600189.804911 m, vertex 600190.898738 m, +1093.827 mm above the ground
[RockPrecisionFixDiag]   rock 'Kerbin Zn3010000130' 'Grass00' #182 vertex 0: ground 600190.403197 m, vertex 600190.200952 m, -202.245 mm above the ground
[RockPrecisionFixDiag]   rock 'Kerbin Zn3010000130' 'Grass00' #182 vertex 1: ground 600190.381793 m, vertex 600190.201484 m, -180.309 mm above the ground
[RockPrecisionFixDiag]   rock 'Kerbin Zn3010000130' 'Grass00' #182 vertex 2: ground 600190.403245 m, vertex 600191.282329 m, +879.084 mm above the ground
[RockPrecisionFixDiag]   rock 'Kerbin Zn3010000130' 'Grass00' #182 vertex 3: ground 600190.381841 m, vertex 600191.282841 m, +901.000 mm above the ground
[RockPrecisionFixDiag]   rock 'Kerbin Zn3010000130' 'Grass00' #182 vertex 4: ground 600190.403197 m, vertex 600190.200952 m, -202.245 mm above the ground
[RockPrecisionFixDiag]   rock 'Kerbin Zn3010000130' 'Grass00' #182 vertex 5: ground 600190.381793 m, vertex 600190.201484 m, -180.309 mm above the ground
[RockPrecisionFixDiag]   rock 'Kerbin Zn3010000130' 'Grass00' #182 vertex 6: ground 600190.403245 m, vertex 600191.282329 m, +879.084 mm above the ground
[RockPrecisionFixDiag]   rock 'Kerbin Zn3010000130' 'Grass00' #182 vertex 7: ground 600190.381841 m, vertex 600191.282841 m, +901.000 mm above the ground
[RockPrecisionFixDiag]   rock 'Kerbin Zn3010000130' 'Grass00' #183 vertex 0: ground 600194.514073 m, vertex 600194.311082 m, -202.991 mm above the ground
[RockPrecisionFixDiag]   rock 'Kerbin Zn3010000130' 'Grass00' #183 vertex 1: ground 600194.539445 m, vertex 600194.310216 m, -229.229 mm above the ground
[RockPrecisionFixDiag]   rock 'Kerbin Zn3010000130' 'Grass00' #183 vertex 2: ground 600194.514085 m, vertex 600195.323508 m, +809.424 mm above the ground
[RockPrecisionFixDiag]   rock 'Kerbin Zn3010000130' 'Grass00' #183 vertex 3: ground 600194.539453 m, vertex 600195.322642 m, +783.189 mm above the ground
[RockPrecisionFixDiag]   rock 'Kerbin Zn3010000130' 'Grass00' #183 vertex 4: ground 600194.514073 m, vertex 600194.311082 m, -202.991 mm above the ground
[RockPrecisionFixDiag]   rock 'Kerbin Zn3010000130' 'Grass00' #183 vertex 5: ground 600194.539445 m, vertex 600194.310216 m, -229.229 mm above the ground
[RockPrecisionFixDiag]   rock 'Kerbin Zn3010000130' 'Grass00' #183 vertex 6: ground 600194.514085 m, vertex 600195.323508 m, +809.424 mm above the ground
[RockPrecisionFixDiag]   rock 'Kerbin Zn3010000130' 'Grass00' #183 vertex 7: ground 600194.539453 m, vertex 600195.322642 m, +783.189 mm above the ground
[RockPrecisionFixDiag]   rock 'Kerbin Zn3010000130' 'Grass00' #184 vertex 0: ground 600205.376515 m, vertex 600205.174826 m, -201.689 mm above the ground
[RockPrecisionFixDiag]   rock 'Kerbin Zn3010000130' 'Grass00' #184 vertex 1: ground 600205.359708 m, vertex 600205.174161 m, -185.547 mm above the ground
[RockPrecisionFixDiag]   rock 'Kerbin Zn3010000130' 'Grass00' #184 vertex 2: ground 600205.376547 m, vertex 600206.251273 m, +874.726 mm above the ground
[RockPrecisionFixDiag]   rock 'Kerbin Zn3010000130' 'Grass00' #184 vertex 3: ground 600205.359724 m, vertex 600206.250611 m, +890.887 mm above the ground
[RockPrecisionFixDiag]   rock 'Kerbin Zn3010000130' 'Grass00' #184 vertex 4: ground 600205.376515 m, vertex 600205.174826 m, -201.689 mm above the ground
[RockPrecisionFixDiag]   rock 'Kerbin Zn3010000130' 'Grass00' #184 vertex 5: ground 600205.359708 m, vertex 600205.174161 m, -185.547 mm above the ground
[RockPrecisionFixDiag]   rock 'Kerbin Zn3010000130' 'Grass00' #184 vertex 6: ground 600205.376547 m, vertex 600206.251273 m, +874.726 mm above the ground
[RockPrecisionFixDiag]   rock 'Kerbin Zn3010000130' 'Grass00' #184 vertex 7: ground 600205.359724 m, vertex 600206.250611 m, +890.887 mm above the ground
[RockPrecisionFixDiag]   rock 'Kerbin Zn3010000130' 'Grass00' #185 vertex 0: ground 600194.174909 m, vertex 600193.974152 m, -200.757 mm above the ground
[RockPrecisionFixDiag]   rock 'Kerbin Zn3010000130' 'Grass00' #185 vertex 1: ground 600194.082040 m, vertex 600193.974641 m, -107.399 mm above the ground
[RockPrecisionFixDiag]   rock 'Kerbin Zn3010000130' 'Grass00' #185 vertex 2: ground 600194.174972 m, vertex 600195.763800 m, +1588.828 mm above the ground
[RockPrecisionFixDiag]   rock 'Kerbin Zn3010000130' 'Grass00' #185 vertex 3: ground 600194.082073 m, vertex 600195.764294 m, +1682.221 mm above the ground
[RockPrecisionFixDiag]   rock 'Kerbin Zn3010000130' 'Grass00' #185 vertex 4: ground 600194.174909 m, vertex 600193.974152 m, -200.757 mm above the ground
[RockPrecisionFixDiag]   rock 'Kerbin Zn3010000130' 'Grass00' #185 vertex 5: ground 600194.082040 m, vertex 600193.974641 m, -107.399 mm above the ground
[RockPrecisionFixDiag]   rock 'Kerbin Zn3010000130' 'Grass00' #185 vertex 6: ground 600194.174972 m, vertex 600195.763800 m, +1588.828 mm above the ground
[RockPrecisionFixDiag]   rock 'Kerbin Zn3010000130' 'Grass00' #185 vertex 7: ground 600194.082073 m, vertex 600195.764294 m, +1682.221 mm above the ground
[RockPrecisionFixDiag]   rock 'Kerbin Zn3010000130' 'Grass00' #186 vertex 0: ground 600191.674121 m, vertex 600191.470100 m, -204.021 mm above the ground
[RockPrecisionFixDiag]   rock 'Kerbin Zn3010000130' 'Grass00' #186 vertex 1: ground 600191.706418 m, vertex 600191.470495 m, -235.923 mm above the ground
[RockPrecisionFixDiag]   rock 'Kerbin Zn3010000130' 'Grass00' #186 vertex 2: ground 600191.674121 m, vertex 600192.529421 m, +855.300 mm above the ground
[RockPrecisionFixDiag]   rock 'Kerbin Zn3010000130' 'Grass00' #186 vertex 3: ground 600191.706418 m, vertex 600192.529816 m, +823.398 mm above the ground
[RockPrecisionFixDiag]   rock 'Kerbin Zn3010000130' 'Grass00' #186 vertex 4: ground 600191.674121 m, vertex 600191.470100 m, -204.021 mm above the ground
[RockPrecisionFixDiag]   rock 'Kerbin Zn3010000130' 'Grass00' #186 vertex 5: ground 600191.706418 m, vertex 600191.470495 m, -235.923 mm above the ground
[RockPrecisionFixDiag]   rock 'Kerbin Zn3010000130' 'Grass00' #186 vertex 6: ground 600191.674121 m, vertex 600192.529421 m, +855.300 mm above the ground
[RockPrecisionFixDiag]   rock 'Kerbin Zn3010000130' 'Grass00' #186 vertex 7: ground 600191.706418 m, vertex 600192.529816 m, +823.398 mm above the ground
[RockPrecisionFixDiag]   rock 'Kerbin Zn3010000130' 'Grass00' #187 vertex 0: ground 600190.487472 m, vertex 600190.285985 m, -201.487 mm above the ground
[RockPrecisionFixDiag]   rock 'Kerbin Zn3010000130' 'Grass00' #187 vertex 1: ground 600190.507116 m, vertex 600190.285973 m, -221.143 mm above the ground
[RockPrecisionFixDiag]   rock 'Kerbin Zn3010000130' 'Grass00' #187 vertex 2: ground 600190.487457 m, vertex 600191.682406 m, +1194.949 mm above the ground
[RockPrecisionFixDiag]   rock 'Kerbin Zn3010000130' 'Grass00' #187 vertex 3: ground 600190.507066 m, vertex 600191.682393 m, +1175.327 mm above the ground
[RockPrecisionFixDiag]   rock 'Kerbin Zn3010000130' 'Grass00' #187 vertex 4: ground 600190.487472 m, vertex 600190.285985 m, -201.487 mm above the ground
[RockPrecisionFixDiag]   rock 'Kerbin Zn3010000130' 'Grass00' #187 vertex 5: ground 600190.507116 m, vertex 600190.285973 m, -221.143 mm above the ground
[RockPrecisionFixDiag]   rock 'Kerbin Zn3010000130' 'Grass00' #187 vertex 6: ground 600190.487457 m, vertex 600191.682406 m, +1194.949 mm above the ground
[RockPrecisionFixDiag]   rock 'Kerbin Zn3010000130' 'Grass00' #187 vertex 7: ground 600190.507066 m, vertex 600191.682393 m, +1175.327 mm above the ground
[RockPrecisionFixDiag]   rock 'Kerbin Zn3010000130' 'Grass00' #188 vertex 0: ground 600190.374978 m, vertex 600190.173936 m, -201.042 mm above the ground
[RockPrecisionFixDiag]   rock 'Kerbin Zn3010000130' 'Grass00' #188 vertex 1: ground 600190.314690 m, vertex 600190.173386 m, -141.305 mm above the ground
[RockPrecisionFixDiag]   rock 'Kerbin Zn3010000130' 'Grass00' #188 vertex 2: ground 600190.374949 m, vertex 600191.609335 m, +1234.386 mm above the ground
[RockPrecisionFixDiag]   rock 'Kerbin Zn3010000130' 'Grass00' #188 vertex 3: ground 600190.314655 m, vertex 600191.608785 m, +1294.131 mm above the ground
[RockPrecisionFixDiag]   rock 'Kerbin Zn3010000130' 'Grass00' #188 vertex 4: ground 600190.374978 m, vertex 600190.173936 m, -201.042 mm above the ground
[RockPrecisionFixDiag]   rock 'Kerbin Zn3010000130' 'Grass00' #188 vertex 5: ground 600190.314690 m, vertex 600190.173386 m, -141.305 mm above the ground
[RockPrecisionFixDiag]   rock 'Kerbin Zn3010000130' 'Grass00' #188 vertex 6: ground 600190.374949 m, vertex 600191.609335 m, +1234.386 mm above the ground
[RockPrecisionFixDiag]   rock 'Kerbin Zn3010000130' 'Grass00' #188 vertex 7: ground 600190.314655 m, vertex 600191.608785 m, +1294.131 mm above the ground
[RockPrecisionFixDiag]   rock 'Kerbin Zn3010000130' 'Grass00' #189 vertex 0: ground 600203.027936 m, vertex 600202.825812 m, -202.124 mm above the ground
[RockPrecisionFixDiag]   rock 'Kerbin Zn3010000130' 'Grass00' #189 vertex 1: ground 600203.006810 m, vertex 600202.825409 m, -181.401 mm above the ground
[RockPrecisionFixDiag]   rock 'Kerbin Zn3010000130' 'Grass00' #189 vertex 2: ground 600203.027920 m, vertex 600204.176796 m, +1148.876 mm above the ground
[RockPrecisionFixDiag]   rock 'Kerbin Zn3010000130' 'Grass00' #189 vertex 3: ground 600203.006827 m, vertex 600204.176405 m, +1169.578 mm above the ground
[RockPrecisionFixDiag]   rock 'Kerbin Zn3010000130' 'Grass00' #189 vertex 4: ground 600203.027936 m, vertex 600202.825812 m, -202.124 mm above the ground
[RockPrecisionFixDiag]   rock 'Kerbin Zn3010000130' 'Grass00' #189 vertex 5: ground 600203.006810 m, vertex 600202.825409 m, -181.401 mm above the ground
[RockPrecisionFixDiag]   rock 'Kerbin Zn3010000130' 'Grass00' #189 vertex 6: ground 600203.027920 m, vertex 600204.176796 m, +1148.876 mm above the ground
[RockPrecisionFixDiag]   rock 'Kerbin Zn3010000130' 'Grass00' #189 vertex 7: ground 600203.006827 m, vertex 600204.176405 m, +1169.578 mm above the ground
[RockPrecisionFixDiag]   rock 'Kerbin Zn3010000130' 'Grass00' #190 vertex 0: ground 600196.608845 m, vertex 600196.404990 m, -203.855 mm above the ground
[RockPrecisionFixDiag]   rock 'Kerbin Zn3010000130' 'Grass00' #190 vertex 1: ground 600196.644199 m, vertex 600196.404812 m, -239.387 mm above the ground
[RockPrecisionFixDiag]   rock 'Kerbin Zn3010000130' 'Grass00' #190 vertex 2: ground 600196.608831 m, vertex 600198.352668 m, +1743.836 mm above the ground
[RockPrecisionFixDiag]   rock 'Kerbin Zn3010000130' 'Grass00' #190 vertex 3: ground 600196.644219 m, vertex 600198.352506 m, +1708.287 mm above the ground
[RockPrecisionFixDiag]   rock 'Kerbin Zn3010000130' 'Grass00' #190 vertex 4: ground 600196.608845 m, vertex 600196.404990 m, -203.855 mm above the ground
[RockPrecisionFixDiag]   rock 'Kerbin Zn3010000130' 'Grass00' #190 vertex 5: ground 600196.644199 m, vertex 600196.404812 m, -239.387 mm above the ground
[RockPrecisionFixDiag]   rock 'Kerbin Zn3010000130' 'Grass00' #190 vertex 6: ground 600196.608831 m, vertex 600198.352668 m, +1743.836 mm above the ground
[RockPrecisionFixDiag]   rock 'Kerbin Zn3010000130' 'Grass00' #190 vertex 7: ground 600196.644219 m, vertex 600198.352506 m, +1708.287 mm above the ground
[RockPrecisionFixDiag]   rock 'Kerbin Zn3010000130' 'Grass00' #191 vertex 0: ground 600187.852184 m, vertex 600187.649961 m, -202.224 mm above the ground
[RockPrecisionFixDiag]   rock 'Kerbin Zn3010000130' 'Grass00' #191 vertex 1: ground 600187.829578 m, vertex 600187.650849 m, -178.728 mm above the ground
[RockPrecisionFixDiag]   rock 'Kerbin Zn3010000130' 'Grass00' #191 vertex 2: ground 600187.852207 m, vertex 600189.391508 m, +1539.301 mm above the ground
[RockPrecisionFixDiag]   rock 'Kerbin Zn3010000130' 'Grass00' #191 vertex 3: ground 600187.829573 m, vertex 600189.392405 m, +1562.832 mm above the ground
[RockPrecisionFixDiag]   rock 'Kerbin Zn3010000130' 'Grass00' #191 vertex 4: ground 600187.852184 m, vertex 600187.649961 m, -202.224 mm above the ground
[RockPrecisionFixDiag]   rock 'Kerbin Zn3010000130' 'Grass00' #191 vertex 5: ground 600187.829578 m, vertex 600187.650849 m, -178.728 mm above the ground
[RockPrecisionFixDiag]   rock 'Kerbin Zn3010000130' 'Grass00' #191 vertex 6: ground 600187.852207 m, vertex 600189.391508 m, +1539.301 mm above the ground
[RockPrecisionFixDiag]   rock 'Kerbin Zn3010000130' 'Grass00' #191 vertex 7: ground 600187.829573 m, vertex 600189.392405 m, +1562.832 mm above the ground
[RockPrecisionFixDiag]   rock 'Kerbin Zn3010000130' 'Grass00' #192 vertex 0: ground 600198.530426 m, vertex 600198.779514 m, +249.088 mm above the ground
[RockPrecisionFixDiag]   rock 'Kerbin Zn3010000130' 'Grass00' #192 vertex 1: ground 600198.476140 m, vertex 600198.779866 m, +303.726 mm above the ground
[RockPrecisionFixDiag]   rock 'Kerbin Zn3010000130' 'Grass00' #192 vertex 2: ground 600198.530449 m, vertex 600200.213122 m, +1682.673 mm above the ground
[RockPrecisionFixDiag]   rock 'Kerbin Zn3010000130' 'Grass00' #192 vertex 3: ground 600198.476142 m, vertex 600200.213474 m, +1737.332 mm above the ground
[RockPrecisionFixDiag]   rock 'Kerbin Zn3010000130' 'Grass00' #192 vertex 4: ground 600198.530426 m, vertex 600198.779514 m, +249.088 mm above the ground
[RockPrecisionFixDiag]   rock 'Kerbin Zn3010000130' 'Grass00' #192 vertex 5: ground 600198.476140 m, vertex 600198.779866 m, +303.726 mm above the ground
[RockPrecisionFixDiag]   rock 'Kerbin Zn3010000130' 'Grass00' #192 vertex 6: ground 600198.530449 m, vertex 600200.213122 m, +1682.673 mm above the ground
[RockPrecisionFixDiag]   rock 'Kerbin Zn3010000130' 'Grass00' #192 vertex 7: ground 600198.476142 m, vertex 600200.213474 m, +1737.332 mm above the ground
[RockPrecisionFixDiag]   rock 'Kerbin Zn3010000130' 'Grass00' #193 vertex 0: ground 600204.987695 m, vertex 600204.900388 m, -87.307 mm above the ground
[RockPrecisionFixDiag]   rock 'Kerbin Zn3010000130' 'Grass00' #193 vertex 1: ground 600204.939949 m, vertex 600204.899507 m, -40.442 mm above the ground
[RockPrecisionFixDiag]   rock 'Kerbin Zn3010000130' 'Grass00' #193 vertex 2: ground 600204.987625 m, vertex 600206.217261 m, +1229.636 mm above the ground
[RockPrecisionFixDiag]   rock 'Kerbin Zn3010000130' 'Grass00' #193 vertex 3: ground 600204.939922 m, vertex 600206.216358 m, +1276.436 mm above the ground
[RockPrecisionFixDiag]   rock 'Kerbin Zn3010000130' 'Grass00' #193 vertex 4: ground 600204.987695 m, vertex 600204.900388 m, -87.307 mm above the ground
[RockPrecisionFixDiag]   rock 'Kerbin Zn3010000130' 'Grass00' #193 vertex 5: ground 600204.939949 m, vertex 600204.899507 m, -40.442 mm above the ground
[RockPrecisionFixDiag]   rock 'Kerbin Zn3010000130' 'Grass00' #193 vertex 6: ground 600204.987625 m, vertex 600206.217261 m, +1229.636 mm above the ground
[RockPrecisionFixDiag]   rock 'Kerbin Zn3010000130' 'Grass00' #193 vertex 7: ground 600204.939922 m, vertex 600206.216358 m, +1276.436 mm above the ground
[RockPrecisionFixDiag]   rock 'Kerbin Zn3010000130' 'Grass00' #194 vertex 0: ground 600197.585690 m, vertex 600197.387473 m, -198.216 mm above the ground
[RockPrecisionFixDiag]   rock 'Kerbin Zn3010000130' 'Grass00' #194 vertex 1: ground 600197.556657 m, vertex 600197.386128 m, -170.528 mm above the ground
[RockPrecisionFixDiag]   rock 'Kerbin Zn3010000130' 'Grass00' #194 vertex 2: ground 600197.585732 m, vertex 600198.958279 m, +1372.546 mm above the ground
[RockPrecisionFixDiag]   rock 'Kerbin Zn3010000130' 'Grass00' #194 vertex 3: ground 600197.556567 m, vertex 600198.956953 m, +1400.387 mm above the ground
[RockPrecisionFixDiag]   rock 'Kerbin Zn3010000130' 'Grass00' #194 vertex 4: ground 600197.585690 m, vertex 600197.387473 m, -198.216 mm above the ground
[RockPrecisionFixDiag]   rock 'Kerbin Zn3010000130' 'Grass00' #194 vertex 5: ground 600197.556657 m, vertex 600197.386128 m, -170.528 mm above the ground
[RockPrecisionFixDiag]   rock 'Kerbin Zn3010000130' 'Grass00' #194 vertex 6: ground 600197.585732 m, vertex 600198.958279 m, +1372.546 mm above the ground
[RockPrecisionFixDiag]   rock 'Kerbin Zn3010000130' 'Grass00' #194 vertex 7: ground 600197.556567 m, vertex 600198.956953 m, +1400.387 mm above the ground
[RockPrecisionFixDiag]   rock 'Kerbin Zn3010000130' 'Grass00' #195 vertex 0: ground 600196.853840 m, vertex 600196.650883 m, -202.957 mm above the ground
[RockPrecisionFixDiag]   rock 'Kerbin Zn3010000130' 'Grass00' #195 vertex 1: ground 600196.866839 m, vertex 600196.651241 m, -215.597 mm above the ground
[RockPrecisionFixDiag]   rock 'Kerbin Zn3010000130' 'Grass00' #195 vertex 2: ground 600196.853802 m, vertex 600198.089665 m, +1235.863 mm above the ground
[RockPrecisionFixDiag]   rock 'Kerbin Zn3010000130' 'Grass00' #195 vertex 3: ground 600196.866793 m, vertex 600198.090024 m, +1223.231 mm above the ground
[RockPrecisionFixDiag]   rock 'Kerbin Zn3010000130' 'Grass00' #195 vertex 4: ground 600196.853840 m, vertex 600196.650883 m, -202.957 mm above the ground
[RockPrecisionFixDiag]   rock 'Kerbin Zn3010000130' 'Grass00' #195 vertex 5: ground 600196.866839 m, vertex 600196.651241 m, -215.597 mm above the ground
[RockPrecisionFixDiag]   rock 'Kerbin Zn3010000130' 'Grass00' #195 vertex 6: ground 600196.853802 m, vertex 600198.089665 m, +1235.863 mm above the ground
[RockPrecisionFixDiag]   rock 'Kerbin Zn3010000130' 'Grass00' #195 vertex 7: ground 600196.866793 m, vertex 600198.090024 m, +1223.231 mm above the ground
[RockPrecisionFixDiag]   rock 'Kerbin Zn3010000130' 'Grass00' #196 vertex 0: ground 600196.538780 m, vertex 600196.333701 m, -205.079 mm above the ground
[RockPrecisionFixDiag]   rock 'Kerbin Zn3010000130' 'Grass00' #196 vertex 1: ground 600196.528974 m, vertex 600196.332951 m, -196.024 mm above the ground
[RockPrecisionFixDiag]   rock 'Kerbin Zn3010000130' 'Grass00' #196 vertex 2: ground 600196.538813 m, vertex 600197.992466 m, +1453.653 mm above the ground
[RockPrecisionFixDiag]   rock 'Kerbin Zn3010000130' 'Grass00' #196 vertex 3: ground 600196.528976 m, vertex 600197.991716 m, +1462.739 mm above the ground
[RockPrecisionFixDiag]   rock 'Kerbin Zn3010000130' 'Grass00' #196 vertex 4: ground 600196.538780 m, vertex 600196.333701 m, -205.079 mm above the ground
[RockPrecisionFixDiag]   rock 'Kerbin Zn3010000130' 'Grass00' #196 vertex 5: ground 600196.528974 m, vertex 600196.332951 m, -196.024 mm above the ground
[RockPrecisionFixDiag]   rock 'Kerbin Zn3010000130' 'Grass00' #196 vertex 6: ground 600196.538813 m, vertex 600197.992466 m, +1453.653 mm above the ground
[RockPrecisionFixDiag]   rock 'Kerbin Zn3010000130' 'Grass00' #196 vertex 7: ground 600196.528976 m, vertex 600197.991716 m, +1462.739 mm above the ground
[RockPrecisionFixDiag]   rock 'Kerbin Zn3010000130' 'Grass00' #197 vertex 0: ground 600214.760558 m, vertex 600214.622914 m, -137.645 mm above the ground
[RockPrecisionFixDiag]   rock 'Kerbin Zn3010000130' 'Grass00' #197 vertex 1: ground 600214.782407 m, vertex 600214.623748 m, -158.659 mm above the ground
[RockPrecisionFixDiag]   rock 'Kerbin Zn3010000130' 'Grass00' #197 vertex 2: ground 600214.760569 m, vertex 600215.831409 m, +1070.840 mm above the ground
[RockPrecisionFixDiag]   rock 'Kerbin Zn3010000130' 'Grass00' #197 vertex 3: ground 600214.782384 m, vertex 600215.832243 m, +1049.859 mm above the ground
[RockPrecisionFixDiag]   rock 'Kerbin Zn3010000130' 'Grass00' #197 vertex 4: ground 600214.760558 m, vertex 600214.622914 m, -137.645 mm above the ground
[RockPrecisionFixDiag]   rock 'Kerbin Zn3010000130' 'Grass00' #197 vertex 5: ground 600214.782407 m, vertex 600214.623748 m, -158.659 mm above the ground
[RockPrecisionFixDiag]   rock 'Kerbin Zn3010000130' 'Grass00' #197 vertex 6: ground 600214.760569 m, vertex 600215.831409 m, +1070.840 mm above the ground
[RockPrecisionFixDiag]   rock 'Kerbin Zn3010000130' 'Grass00' #197 vertex 7: ground 600214.782384 m, vertex 600215.832243 m, +1049.859 mm above the ground
[RockPrecisionFixDiag]   rock 'Kerbin Zn3010000130' 'Grass00' #198 vertex 0: ground 600196.976532 m, vertex 600196.773240 m, -203.292 mm above the ground
[RockPrecisionFixDiag]   rock 'Kerbin Zn3010000130' 'Grass00' #198 vertex 1: ground 600197.007338 m, vertex 600196.772256 m, -235.083 mm above the ground
[RockPrecisionFixDiag]   rock 'Kerbin Zn3010000130' 'Grass00' #198 vertex 2: ground 600196.976557 m, vertex 600197.856030 m, +879.473 mm above the ground
[RockPrecisionFixDiag]   rock 'Kerbin Zn3010000130' 'Grass00' #198 vertex 3: ground 600197.007340 m, vertex 600197.855050 m, +847.709 mm above the ground
[RockPrecisionFixDiag]   rock 'Kerbin Zn3010000130' 'Grass00' #198 vertex 4: ground 600196.976532 m, vertex 600196.773240 m, -203.292 mm above the ground
[RockPrecisionFixDiag]   rock 'Kerbin Zn3010000130' 'Grass00' #198 vertex 5: ground 600197.007338 m, vertex 600196.772256 m, -235.083 mm above the ground
[RockPrecisionFixDiag]   rock 'Kerbin Zn3010000130' 'Grass00' #198 vertex 6: ground 600196.976557 m, vertex 600197.856030 m, +879.473 mm above the ground
[RockPrecisionFixDiag]   rock 'Kerbin Zn3010000130' 'Grass00' #198 vertex 7: ground 600197.007340 m, vertex 600197.855050 m, +847.709 mm above the ground
[RockPrecisionFixDiag]   rock 'Kerbin Zn3010000130' 'Grass00' #199 vertex 0: ground 600197.813554 m, vertex 600197.611569 m, -201.985 mm above the ground
[RockPrecisionFixDiag]   rock 'Kerbin Zn3010000130' 'Grass00' #199 vertex 1: ground 600197.814894 m, vertex 600197.611559 m, -203.336 mm above the ground
[RockPrecisionFixDiag]   rock 'Kerbin Zn3010000130' 'Grass00' #199 vertex 2: ground 600197.813575 m, vertex 600199.519427 m, +1705.853 mm above the ground
[RockPrecisionFixDiag]   rock 'Kerbin Zn3010000130' 'Grass00' #199 vertex 3: ground 600197.814892 m, vertex 600199.519408 m, +1704.516 mm above the ground
[RockPrecisionFixDiag]   rock 'Kerbin Zn3010000130' 'Grass00' #199 vertex 4: ground 600197.813554 m, vertex 600197.611569 m, -201.985 mm above the ground
[RockPrecisionFixDiag]   rock 'Kerbin Zn3010000130' 'Grass00' #199 vertex 5: ground 600197.814894 m, vertex 600197.611559 m, -203.336 mm above the ground
[RockPrecisionFixDiag]   rock 'Kerbin Zn3010000130' 'Grass00' #199 vertex 6: ground 600197.813575 m, vertex 600199.519427 m, +1705.853 mm above the ground
[RockPrecisionFixDiag]   rock 'Kerbin Zn3010000130' 'Grass00' #199 vertex 7: ground 600197.814892 m, vertex 600199.519408 m, +1704.516 mm above the ground
[RockPrecisionFixDiag]   rock 'Kerbin Zn3010000130' 'Tree00' #0 vertex 11: ground 600193.599290 m, vertex 600192.562590 m, -1036.700 mm above the ground
[RockPrecisionFixDiag]   rock 'Kerbin Zn3010000130' 'Tree00' #0 vertex 47: ground 600193.639586 m, vertex 600211.980473 m, +18340.888 mm above the ground
[RockPrecisionFixDiag]   rock 'Kerbin Zn3010000130' 'Tree00' #0 vertex 31: ground 600193.245472 m, vertex 600211.966392 m, +18720.920 mm above the ground
[RockPrecisionFixDiag]   rock 'Kerbin Zn3010000130' 'Tree00' #0 vertex 55: ground 600193.168310 m, vertex 600211.972821 m, +18804.511 mm above the ground
[RockPrecisionFixDiag]   rock 'Kerbin Zn3010000130' 'Tree00' #0 vertex 39: ground 600193.530863 m, vertex 600211.974048 m, +18443.185 mm above the ground
[RockPrecisionFixDiag]   rock 'Kerbin Zn3010000130' 'Tree00' #0 vertex 48: ground 600193.853615 m, vertex 600199.667852 m, +5814.237 mm above the ground
[RockPrecisionFixDiag]   rock 'Kerbin Zn3010000130' 'Tree00' #0 vertex 37: ground 600193.302601 m, vertex 600199.666896 m, +6364.295 mm above the ground
[RockPrecisionFixDiag]   rock 'Kerbin Zn3010000130' 'Tree00' #0 vertex 40: ground 600193.285739 m, vertex 600199.657911 m, +6372.172 mm above the ground
[RockPrecisionFixDiag]   rock 'Kerbin Zn3010000130' 'Tree00' #0 vertex 12: ground 600193.633240 m, vertex 600205.269020 m, +11635.781 mm above the ground
[RockPrecisionFixDiag]   rock 'Kerbin Zn3010000130' 'Tree00' #0 vertex 32: ground 600193.321579 m, vertex 600199.656862 m, +6335.284 mm above the ground
[RockPrecisionFixDiag]   rock 'Kerbin Zn3010000130' 'Tree00' #1 vertex 11: ground 600189.213606 m, vertex 600188.101281 m, -1112.324 mm above the ground
[RockPrecisionFixDiag]   rock 'Kerbin Zn3010000130' 'Tree00' #1 vertex 47: ground 600189.488975 m, vertex 600218.229607 m, +28740.632 mm above the ground
[RockPrecisionFixDiag]   rock 'Kerbin Zn3010000130' 'Tree00' #1 vertex 31: ground 600189.243827 m, vertex 600218.232740 m, +28988.913 mm above the ground
[RockPrecisionFixDiag]   rock 'Kerbin Zn3010000130' 'Tree00' #1 vertex 55: ground 600188.999722 m, vertex 600218.235727 m, +29236.005 mm above the ground
[RockPrecisionFixDiag]   rock 'Kerbin Zn3010000130' 'Tree00' #1 vertex 39: ground 600190.636869 m, vertex 600218.226621 m, +27589.752 mm above the ground
[RockPrecisionFixDiag]   rock 'Kerbin Zn3010000130' 'Tree00' #1 vertex 48: ground 600190.225942 m, vertex 600199.116218 m, +8890.275 mm above the ground
[RockPrecisionFixDiag]   rock 'Kerbin Zn3010000130' 'Tree00' #1 vertex 37: ground 600189.238592 m, vertex 600199.122611 m, +9884.019 mm above the ground
[RockPrecisionFixDiag]   rock 'Kerbin Zn3010000130' 'Tree00' #1 vertex 40: ground 600190.239435 m, vertex 600199.118316 m, +8878.881 mm above the ground
[RockPrecisionFixDiag]   rock 'Kerbin Zn3010000130' 'Tree00' #1 vertex 12: ground 600189.246180 m, vertex 600207.824095 m, +18577.914 mm above the ground
[RockPrecisionFixDiag]   rock 'Kerbin Zn3010000130' 'Tree00' #1 vertex 32: ground 600188.912193 m, vertex 600199.124792 m, +10212.599 mm above the ground
[RockPrecisionFixDiag]   rock 'Kerbin Zn3010000130' 'Tree00' #2 vertex 11: ground 600190.658984 m, vertex 600189.042588 m, -1616.396 mm above the ground
[RockPrecisionFixDiag]   rock 'Kerbin Zn3010000130' 'Tree00' #2 vertex 47: ground 600189.881360 m, vertex 600243.717846 m, +53836.486 mm above the ground
[RockPrecisionFixDiag]   rock 'Kerbin Zn3010000130' 'Tree00' #2 vertex 31: ground 600192.582164 m, vertex 600243.705706 m, +51123.542 mm above the ground
[RockPrecisionFixDiag]   rock 'Kerbin Zn3010000130' 'Tree00' #2 vertex 55: ground 600190.762137 m, vertex 600243.689742 m, +52927.605 mm above the ground
[RockPrecisionFixDiag]   rock 'Kerbin Zn3010000130' 'Tree00' #2 vertex 39: ground 600191.577754 m, vertex 600243.733832 m, +52156.078 mm above the ground
[RockPrecisionFixDiag]   rock 'Kerbin Zn3010000130' 'Tree00' #2 vertex 48: ground 600191.079462 m, vertex 600209.058017 m, +17978.555 mm above the ground
[RockPrecisionFixDiag]   rock 'Kerbin Zn3010000130' 'Tree00' #2 vertex 37: ground 600189.475420 m, vertex 600209.027031 m, +19551.610 mm above the ground
[RockPrecisionFixDiag]   rock 'Kerbin Zn3010000130' 'Tree00' #2 vertex 40: ground 600192.182116 m, vertex 600209.049986 m, +16867.870 mm above the ground
[RockPrecisionFixDiag]   rock 'Kerbin Zn3010000130' 'Tree00' #2 vertex 12: ground 600190.400255 m, vertex 600224.828337 m, +34428.082 mm above the ground
[RockPrecisionFixDiag]   rock 'Kerbin Zn3010000130' 'Tree00' #2 vertex 32: ground 600191.962829 m, vertex 600209.018650 m, +17055.821 mm above the ground
[RockPrecisionFixDiag]   rock 'Kerbin Zn3010000130' 'Tree00' #3 vertex 11: ground 600204.628533 m, vertex 600203.621934 m, -1006.599 mm above the ground
[RockPrecisionFixDiag]   rock 'Kerbin Zn3010000130' 'Tree00' #3 vertex 47: ground 600204.502307 m, vertex 600218.829626 m, +14327.319 mm above the ground
[RockPrecisionFixDiag]   rock 'Kerbin Zn3010000130' 'Tree00' #3 vertex 31: ground 600204.739230 m, vertex 600218.844271 m, +14105.041 mm above the ground
[RockPrecisionFixDiag]   rock 'Kerbin Zn3010000130' 'Tree00' #3 vertex 55: ground 600204.470573 m, vertex 600218.836693 m, +14366.120 mm above the ground
[RockPrecisionFixDiag]   rock 'Kerbin Zn3010000130' 'Tree00' #3 vertex 39: ground 600204.770952 m, vertex 600218.837184 m, +14066.233 mm above the ground
[RockPrecisionFixDiag]   rock 'Kerbin Zn3010000130' 'Tree00' #3 vertex 48: ground 600204.640015 m, vertex 600209.180845 m, +4540.829 mm above the ground
[RockPrecisionFixDiag]   rock 'Kerbin Zn3010000130' 'Tree00' #3 vertex 37: ground 600204.430922 m, vertex 600209.180587 m, +4749.665 mm above the ground
[RockPrecisionFixDiag]   rock 'Kerbin Zn3010000130' 'Tree00' #3 vertex 40: ground 600204.811256 m, vertex 600209.191206 m, +4379.950 mm above the ground
[RockPrecisionFixDiag]   rock 'Kerbin Zn3010000130' 'Tree00' #3 vertex 12: ground 600204.617579 m, vertex 600213.581344 m, +8963.765 mm above the ground
[RockPrecisionFixDiag]   rock 'Kerbin Zn3010000130' 'Tree00' #3 vertex 32: ground 600204.601816 m, vertex 600209.191035 m, +4589.219 mm above the ground
[RockPrecisionFixDiag]   rock 'Kerbin Zn3010000130' 'Tree00' #4 vertex 11: ground 600201.753318 m, vertex 600200.624131 m, -1129.186 mm above the ground
[RockPrecisionFixDiag]   rock 'Kerbin Zn3010000130' 'Tree00' #4 vertex 47: ground 600202.132196 m, vertex 600241.768293 m, +39636.096 mm above the ground
[RockPrecisionFixDiag]   rock 'Kerbin Zn3010000130' 'Tree00' #4 vertex 31: ground 600201.241926 m, vertex 600241.801092 m, +40559.166 mm above the ground
[RockPrecisionFixDiag]   rock 'Kerbin Zn3010000130' 'Tree00' #4 vertex 55: ground 600200.841433 m, vertex 600241.787083 m, +40945.650 mm above the ground
[RockPrecisionFixDiag]   rock 'Kerbin Zn3010000130' 'Tree00' #4 vertex 39: ground 600202.213700 m, vertex 600241.782302 m, +39568.601 mm above the ground
[RockPrecisionFixDiag]   rock 'Kerbin Zn3010000130' 'Tree00' #4 vertex 48: ground 600202.543438 m, vertex 600215.663081 m, +13119.643 mm above the ground
[RockPrecisionFixDiag]   rock 'Kerbin Zn3010000130' 'Tree00' #4 vertex 37: ground 600201.333850 m, vertex 600215.666628 m, +14332.778 mm above the ground
[RockPrecisionFixDiag]   rock 'Kerbin Zn3010000130' 'Tree00' #4 vertex 40: ground 600201.687009 m, vertex 600215.686196 m, +13999.187 mm above the ground
[RockPrecisionFixDiag]   rock 'Kerbin Zn3010000130' 'Tree00' #4 vertex 12: ground 600201.817974 m, vertex 600227.566987 m, +25749.013 mm above the ground
[RockPrecisionFixDiag]   rock 'Kerbin Zn3010000130' 'Tree00' #4 vertex 32: ground 600200.951128 m, vertex 600215.690001 m, +14738.874 mm above the ground
[RockPrecisionFixDiag]   rock 'Kerbin Zn3010000130' 'Tree00' #5 vertex 11: ground 600193.554958 m, vertex 600192.426637 m, -1128.321 mm above the ground
[RockPrecisionFixDiag]   rock 'Kerbin Zn3010000130' 'Tree00' #5 vertex 47: ground 600195.084405 m, vertex 600226.589616 m, +31505.211 mm above the ground
[RockPrecisionFixDiag]   rock 'Kerbin Zn3010000130' 'Tree00' #5 vertex 31: ground 600193.151538 m, vertex 600226.601850 m, +33450.312 mm above the ground
[RockPrecisionFixDiag]   rock 'Kerbin Zn3010000130' 'Tree00' #5 vertex 55: ground 600193.705727 m, vertex 600226.597578 m, +32891.851 mm above the ground
[RockPrecisionFixDiag]   rock 'Kerbin Zn3010000130' 'Tree00' #5 vertex 39: ground 600193.664216 m, vertex 600226.593892 m, +32929.676 mm above the ground
[RockPrecisionFixDiag]   rock 'Kerbin Zn3010000130' 'Tree00' #5 vertex 48: ground 600194.706174 m, vertex 600204.917180 m, +10211.006 mm above the ground
[RockPrecisionFixDiag]   rock 'Kerbin Zn3010000130' 'Tree00' #5 vertex 37: ground 600194.617388 m, vertex 600204.919836 m, +10302.448 mm above the ground
[RockPrecisionFixDiag]   rock 'Kerbin Zn3010000130' 'Tree00' #5 vertex 40: ground 600193.223098 m, vertex 600204.925785 m, +11702.687 mm above the ground
[RockPrecisionFixDiag]   rock 'Kerbin Zn3010000130' 'Tree00' #5 vertex 12: ground 600193.607032 m, vertex 600214.793281 m, +21186.249 mm above the ground
[RockPrecisionFixDiag]   rock 'Kerbin Zn3010000130' 'Tree00' #5 vertex 32: ground 600193.346182 m, vertex 600204.928542 m, +11582.360 mm above the ground
[RockPrecisionFixDiag]   rock 'Kerbin Zn3010000130' 'Tree00' #6 vertex 11: ground 600197.266650 m, vertex 600196.133485 m, -1133.166 mm above the ground
[RockPrecisionFixDiag]   rock 'Kerbin Zn3010000130' 'Tree00' #6 vertex 47: ground 600197.306670 m, vertex 600221.005750 m, +23699.080 mm above the ground
[RockPrecisionFixDiag]   rock 'Kerbin Zn3010000130' 'Tree00' #6 vertex 31: ground 600197.233605 m, vertex 600221.006198 m, +23772.593 mm above the ground
[RockPrecisionFixDiag]   rock 'Kerbin Zn3010000130' 'Tree00' #6 vertex 55: ground 600197.557490 m, vertex 600220.997403 m, +23439.913 mm above the ground
[RockPrecisionFixDiag]   rock 'Kerbin Zn3010000130' 'Tree00' #6 vertex 39: ground 600196.958281 m, vertex 600221.014502 m, +24056.220 mm above the ground
[RockPrecisionFixDiag]   rock 'Kerbin Zn3010000130' 'Tree00' #6 vertex 48: ground 600197.086325 m, vertex 600205.236210 m, +8149.884 mm above the ground
[RockPrecisionFixDiag]   rock 'Kerbin Zn3010000130' 'Tree00' #6 vertex 37: ground 600197.499856 m, vertex 600205.224218 m, +7724.362 mm above the ground
[RockPrecisionFixDiag]   rock 'Kerbin Zn3010000130' 'Tree00' #6 vertex 40: ground 600197.020977 m, vertex 600205.236736 m, +8215.759 mm above the ground
[RockPrecisionFixDiag]   rock 'Kerbin Zn3010000130' 'Tree00' #6 vertex 12: ground 600197.263010 m, vertex 600212.414700 m, +15151.691 mm above the ground
[RockPrecisionFixDiag]   rock 'Kerbin Zn3010000130' 'Tree00' #6 vertex 32: ground 600197.449942 m, vertex 600205.224654 m, +7774.711 mm above the ground
[RockPrecisionFixDiag]   rock 'Kerbin Zn3010000130' 'Tree00' #7 vertex 11: ground 600202.830309 m, vertex 600201.558355 m, -1271.954 mm above the ground
[RockPrecisionFixDiag]   rock 'Kerbin Zn3010000130' 'Tree00' #7 vertex 47: ground 600202.654909 m, vertex 600254.984251 m, +52329.342 mm above the ground
[RockPrecisionFixDiag]   rock 'Kerbin Zn3010000130' 'Tree00' #7 vertex 31: ground 600202.643989 m, vertex 600255.047068 m, +52403.078 mm above the ground
[RockPrecisionFixDiag]   rock 'Kerbin Zn3010000130' 'Tree00' #7 vertex 55: ground 600202.669099 m, vertex 600255.013549 m, +52344.451 mm above the ground
[RockPrecisionFixDiag]   rock 'Kerbin Zn3010000130' 'Tree00' #7 vertex 39: ground 600203.261460 m, vertex 600255.017746 m, +51756.287 mm above the ground
[RockPrecisionFixDiag]   rock 'Kerbin Zn3010000130' 'Tree00' #7 vertex 48: ground 600203.290469 m, vertex 600221.085952 m, +17795.483 mm above the ground
[RockPrecisionFixDiag]   rock 'Kerbin Zn3010000130' 'Tree00' #7 vertex 37: ground 600202.295788 m, vertex 600221.083378 m, +18787.589 mm above the ground
[RockPrecisionFixDiag]   rock 'Kerbin Zn3010000130' 'Tree00' #7 vertex 40: ground 600202.836202 m, vertex 600221.130427 m, +18294.225 mm above the ground
[RockPrecisionFixDiag]   rock 'Kerbin Zn3010000130' 'Tree00' #7 vertex 12: ground 600202.860440 m, vertex 600236.549885 m, +33689.445 mm above the ground
[RockPrecisionFixDiag]   rock 'Kerbin Zn3010000130' 'Tree00' #7 vertex 32: ground 600202.594136 m, vertex 600221.128202 m, +18534.066 mm above the ground
[RockPrecisionFixDiag]   rock 'Kerbin Zn3010000130' 'Tree00' #8 vertex 11: ground 600189.932104 m, vertex 600188.700537 m, -1231.566 mm above the ground
[RockPrecisionFixDiag]   rock 'Kerbin Zn3010000130' 'Tree00' #8 vertex 47: ground 600191.960883 m, vertex 600237.829416 m, +45868.533 mm above the ground
[RockPrecisionFixDiag]   rock 'Kerbin Zn3010000130' 'Tree00' #8 vertex 31: ground 600189.985885 m, vertex 600237.828828 m, +47842.943 mm above the ground
[RockPrecisionFixDiag]   rock 'Kerbin Zn3010000130' 'Tree00' #8 vertex 55: ground 600189.716151 m, vertex 600237.840381 m, +48124.229 mm above the ground
[RockPrecisionFixDiag]   rock 'Kerbin Zn3010000130' 'Tree00' #8 vertex 39: ground 600190.374477 m, vertex 600237.817859 m, +47443.382 mm above the ground
[RockPrecisionFixDiag]   rock 'Kerbin Zn3010000130' 'Tree00' #8 vertex 48: ground 600191.436690 m, vertex 600206.660659 m, +15223.970 mm above the ground
[RockPrecisionFixDiag]   rock 'Kerbin Zn3010000130' 'Tree00' #8 vertex 37: ground 600191.192276 m, vertex 600206.676423 m, +15484.147 mm above the ground
[RockPrecisionFixDiag]   rock 'Kerbin Zn3010000130' 'Tree00' #8 vertex 40: ground 600190.366117 m, vertex 600206.659958 m, +16293.841 mm above the ground
[RockPrecisionFixDiag]   rock 'Kerbin Zn3010000130' 'Tree00' #8 vertex 12: ground 600189.965146 m, vertex 600220.859777 m, +30894.631 mm above the ground
[RockPrecisionFixDiag]   rock 'Kerbin Zn3010000130' 'Tree00' #8 vertex 32: ground 600189.498857 m, vertex 600206.675862 m, +17177.006 mm above the ground
[RockPrecisionFixDiag]   rock 'Kerbin Zn3010000130' 'Tree00' #9 vertex 11: ground 600217.620051 m, vertex 600216.695584 m, -924.467 mm above the ground
[RockPrecisionFixDiag]   rock 'Kerbin Zn3010000130' 'Tree00' #9 vertex 47: ground 600218.540576 m, vertex 600236.692420 m, +18151.844 mm above the ground
[RockPrecisionFixDiag]   rock 'Kerbin Zn3010000130' 'Tree00' #9 vertex 31: ground 600216.852161 m, vertex 600236.697039 m, +19844.878 mm above the ground
[RockPrecisionFixDiag]   rock 'Kerbin Zn3010000130' 'Tree00' #9 vertex 55: ground 600217.059609 m, vertex 600236.707110 m, +19647.501 mm above the ground
[RockPrecisionFixDiag]   rock 'Kerbin Zn3010000130' 'Tree00' #9 vertex 39: ground 600218.482126 m, vertex 600236.682392 m, +18200.266 mm above the ground
[RockPrecisionFixDiag]   rock 'Kerbin Zn3010000130' 'Tree00' #9 vertex 48: ground 600218.827218 m, vertex 600223.999047 m, +5171.829 mm above the ground
[RockPrecisionFixDiag]   rock 'Kerbin Zn3010000130' 'Tree00' #9 vertex 37: ground 600217.806513 m, vertex 600224.016412 m, +6209.900 mm above the ground
[RockPrecisionFixDiag]   rock 'Kerbin Zn3010000130' 'Tree00' #9 vertex 40: ground 600217.638835 m, vertex 600224.002016 m, +6363.181 mm above the ground
[RockPrecisionFixDiag]   rock 'Kerbin Zn3010000130' 'Tree00' #9 vertex 12: ground 600217.744955 m, vertex 600229.786995 m, +12042.040 mm above the ground
[RockPrecisionFixDiag]   rock 'Kerbin Zn3010000130' 'Tree00' #9 vertex 32: ground 600216.624426 m, vertex 600224.019555 m, +7395.129 mm above the ground
[RockPrecisionFixDiag]   rock 'Kerbin Zn3010000130' 'Tree00' #10 vertex 11: ground 600211.951277 m, vertex 600210.699068 m, -1252.209 mm above the ground
[RockPrecisionFixDiag]   rock 'Kerbin Zn3010000130' 'Tree00' #10 vertex 47: ground 600210.334010 m, vertex 600256.463750 m, +46129.740 mm above the ground
[RockPrecisionFixDiag]   rock 'Kerbin Zn3010000130' 'Tree00' #10 vertex 31: ground 600212.252109 m, vertex 600256.476163 m, +44224.054 mm above the ground
[RockPrecisionFixDiag]   rock 'Kerbin Zn3010000130' 'Tree00' #10 vertex 55: ground 600211.057939 m, vertex 600256.491957 m, +45434.018 mm above the ground
[RockPrecisionFixDiag]   rock 'Kerbin Zn3010000130' 'Tree00' #10 vertex 39: ground 600212.799965 m, vertex 600256.447956 m, +43647.991 mm above the ground
[RockPrecisionFixDiag]   rock 'Kerbin Zn3010000130' 'Tree00' #10 vertex 48: ground 600211.547122 m, vertex 600227.418105 m, +15870.982 mm above the ground
[RockPrecisionFixDiag]   rock 'Kerbin Zn3010000130' 'Tree00' #10 vertex 37: ground 600209.710170 m, vertex 600227.449008 m, +17738.838 mm above the ground
[RockPrecisionFixDiag]   rock 'Kerbin Zn3010000130' 'Tree00' #10 vertex 40: ground 600212.803957 m, vertex 600227.426337 m, +14622.381 mm above the ground
[RockPrecisionFixDiag]   rock 'Kerbin Zn3010000130' 'Tree00' #10 vertex 12: ground 600211.936828 m, vertex 600240.660369 m, +28723.540 mm above the ground
[RockPrecisionFixDiag]   rock 'Kerbin Zn3010000130' 'Tree00' #10 vertex 32: ground 600211.550732 m, vertex 600227.457602 m, +15906.870 mm above the ground
[RockPrecisionFixDiag]   rock 'Kerbin Zn3010000130' 'Tree00' #11 vertex 11: ground 600194.413880 m, vertex 600192.531122 m, -1882.758 mm above the ground
[RockPrecisionFixDiag]   rock 'Kerbin Zn3010000130' 'Tree00' #11 vertex 47: ground 600194.209675 m, vertex 600244.464182 m, +50254.507 mm above the ground
[RockPrecisionFixDiag]   rock 'Kerbin Zn3010000130' 'Tree00' #11 vertex 31: ground 600194.293075 m, vertex 600244.431095 m, +50138.020 mm above the ground
[RockPrecisionFixDiag]   rock 'Kerbin Zn3010000130' 'Tree00' #11 vertex 55: ground 600196.027255 m, vertex 600244.437771 m, +48410.516 mm above the ground
[RockPrecisionFixDiag]   rock 'Kerbin Zn3010000130' 'Tree00' #11 vertex 39: ground 600192.488356 m, vertex 600244.457510 m, +51969.155 mm above the ground
[RockPrecisionFixDiag]   rock 'Kerbin Zn3010000130' 'Tree00' #11 vertex 48: ground 600192.864605 m, vertex 600211.539328 m, +18674.723 mm above the ground
[RockPrecisionFixDiag]   rock 'Kerbin Zn3010000130' 'Tree00' #11 vertex 37: ground 600195.556429 m, vertex 600211.525280 m, +15968.851 mm above the ground
[RockPrecisionFixDiag]   rock 'Kerbin Zn3010000130' 'Tree00' #11 vertex 40: ground 600193.083317 m, vertex 600211.516181 m, +18432.864 mm above the ground
[RockPrecisionFixDiag]   rock 'Kerbin Zn3010000130' 'Tree00' #11 vertex 12: ground 600194.384056 m, vertex 600226.515511 m, +32131.455 mm above the ground
[RockPrecisionFixDiag]   rock 'Kerbin Zn3010000130' 'Tree00' #11 vertex 32: ground 600195.481077 m, vertex 600211.501815 m, +16020.738 mm above the ground
[RockPrecisionFixDiag]   rock 'Kerbin Zn3010000130' 'Tree00' #12 vertex 11: ground 600189.162216 m, vertex 600188.476932 m, -685.284 mm above the ground
[RockPrecisionFixDiag]   rock 'Kerbin Zn3010000130' 'Tree00' #12 vertex 47: ground 600189.681346 m, vertex 600236.506956 m, +46825.610 mm above the ground
[RockPrecisionFixDiag]   rock 'Kerbin Zn3010000130' 'Tree00' #12 vertex 31: ground 600188.817704 m, vertex 600236.505089 m, +47687.385 mm above the ground
[RockPrecisionFixDiag]   rock 'Kerbin Zn3010000130' 'Tree00' #12 vertex 55: ground 600188.873052 m, vertex 600236.508362 m, +47635.309 mm above the ground
[RockPrecisionFixDiag]   rock 'Kerbin Zn3010000130' 'Tree00' #12 vertex 39: ground 600189.524460 m, vertex 600236.503677 m, +46979.217 mm above the ground
[RockPrecisionFixDiag]   rock 'Kerbin Zn3010000130' 'Tree00' #12 vertex 48: ground 600189.756676 m, vertex 600206.041926 m, +16285.250 mm above the ground
[RockPrecisionFixDiag]   rock 'Kerbin Zn3010000130' 'Tree00' #12 vertex 37: ground 600188.948488 m, vertex 600206.045188 m, +17096.700 mm above the ground
[RockPrecisionFixDiag]   rock 'Kerbin Zn3010000130' 'Tree00' #12 vertex 40: ground 600189.134426 m, vertex 600206.040543 m, +16906.117 mm above the ground
[RockPrecisionFixDiag]   rock 'Kerbin Zn3010000130' 'Tree00' #12 vertex 12: ground 600189.220390 m, vertex 600219.916355 m, +30695.965 mm above the ground
[RockPrecisionFixDiag]   rock 'Kerbin Zn3010000130' 'Tree00' #12 vertex 32: ground 600188.810442 m, vertex 600206.043828 m, +17233.386 mm above the ground
[RockPrecisionFixDiag]   rock 'Kerbin Zn3010000130' 'Tree00' #13 vertex 11: ground 600188.283532 m, vertex 600186.941111 m, -1342.421 mm above the ground
[RockPrecisionFixDiag]   rock 'Kerbin Zn3010000130' 'Tree00' #13 vertex 47: ground 600187.834173 m, vertex 600210.110483 m, +22276.310 mm above the ground
[RockPrecisionFixDiag]   rock 'Kerbin Zn3010000130' 'Tree00' #13 vertex 31: ground 600188.624577 m, vertex 600210.105629 m, +21481.053 mm above the ground
[RockPrecisionFixDiag]   rock 'Kerbin Zn3010000130' 'Tree00' #13 vertex 55: ground 600188.279668 m, vertex 600210.107299 m, +21827.631 mm above the ground
[RockPrecisionFixDiag]   rock 'Kerbin Zn3010000130' 'Tree00' #13 vertex 39: ground 600188.177488 m, vertex 600210.108815 m, +21931.327 mm above the ground
[RockPrecisionFixDiag]   rock 'Kerbin Zn3010000130' 'Tree00' #13 vertex 48: ground 600187.884477 m, vertex 600195.416517 m, +7532.039 mm above the ground
[RockPrecisionFixDiag]   rock 'Kerbin Zn3010000130' 'Tree00' #13 vertex 37: ground 600187.985409 m, vertex 600195.415420 m, +7430.011 mm above the ground
[RockPrecisionFixDiag]   rock 'Kerbin Zn3010000130' 'Tree00' #13 vertex 40: ground 600188.467600 m, vertex 600195.413103 m, +6945.502 mm above the ground
[RockPrecisionFixDiag]   rock 'Kerbin Zn3010000130' 'Tree00' #13 vertex 12: ground 600188.236265 m, vertex 600202.106104 m, +13869.839 mm above the ground
[RockPrecisionFixDiag]   rock 'Kerbin Zn3010000130' 'Tree00' #13 vertex 32: ground 600188.548516 m, vertex 600195.411968 m, +6863.453 mm above the ground
[RockPrecisionFixDiag]   rock 'Kerbin Zn3010000130' 'Tree00' #14 vertex 11: ground 600198.188513 m, vertex 600196.955998 m, -1232.515 mm above the ground
[RockPrecisionFixDiag]   rock 'Kerbin Zn3010000130' 'Tree00' #14 vertex 47: ground 600197.870219 m, vertex 600230.601183 m, +32730.964 mm above the ground
[RockPrecisionFixDiag]   rock 'Kerbin Zn3010000130' 'Tree00' #14 vertex 31: ground 600198.608264 m, vertex 600230.595794 m, +31987.530 mm above the ground
[RockPrecisionFixDiag]   rock 'Kerbin Zn3010000130' 'Tree00' #14 vertex 55: ground 600198.866175 m, vertex 600230.612556 m, +31746.381 mm above the ground
[RockPrecisionFixDiag]   rock 'Kerbin Zn3010000130' 'Tree00' #14 vertex 39: ground 600197.272171 m, vertex 600230.584440 m, +33312.270 mm above the ground
[RockPrecisionFixDiag]   rock 'Kerbin Zn3010000130' 'Tree00' #14 vertex 48: ground 600197.436399 m, vertex 600209.252125 m, +11815.726 mm above the ground
[RockPrecisionFixDiag]   rock 'Kerbin Zn3010000130' 'Tree00' #14 vertex 37: ground 600198.466008 m, vertex 600209.271781 m, +10805.773 mm above the ground
[RockPrecisionFixDiag]   rock 'Kerbin Zn3010000130' 'Tree00' #14 vertex 40: ground 600197.560409 m, vertex 600209.247977 m, +11687.568 mm above the ground
[RockPrecisionFixDiag]   rock 'Kerbin Zn3010000130' 'Tree00' #14 vertex 12: ground 600198.161307 m, vertex 600218.978380 m, +20817.073 mm above the ground
[RockPrecisionFixDiag]   rock 'Kerbin Zn3010000130' 'Tree00' #14 vertex 32: ground 600198.968492 m, vertex 600209.267791 m, +10299.299 mm above the ground
[RockPrecisionFixDiag]   rock 'Kerbin Zn3010000130' 'Tree00' #15 vertex 11: ground 600199.854483 m, vertex 600198.496404 m, -1358.079 mm above the ground
[RockPrecisionFixDiag]   rock 'Kerbin Zn3010000130' 'Tree00' #15 vertex 47: ground 600200.713831 m, vertex 600222.729782 m, +22015.951 mm above the ground
[RockPrecisionFixDiag]   rock 'Kerbin Zn3010000130' 'Tree00' #15 vertex 31: ground 600199.210481 m, vertex 600222.749971 m, +23539.491 mm above the ground
[RockPrecisionFixDiag]   rock 'Kerbin Zn3010000130' 'Tree00' #15 vertex 55: ground 600199.812745 m, vertex 600222.736337 m, +22923.593 mm above the ground
[RockPrecisionFixDiag]   rock 'Kerbin Zn3010000130' 'Tree00' #15 vertex 39: ground 600200.111547 m, vertex 600222.743439 m, +22631.892 mm above the ground
[RockPrecisionFixDiag]   rock 'Kerbin Zn3010000130' 'Tree00' #15 vertex 48: ground 600200.605970 m, vertex 600207.357505 m, +6751.535 mm above the ground
[RockPrecisionFixDiag]   rock 'Kerbin Zn3010000130' 'Tree00' #15 vertex 37: ground 600200.387294 m, vertex 600207.352672 m, +6965.379 mm above the ground
[RockPrecisionFixDiag]   rock 'Kerbin Zn3010000130' 'Tree00' #15 vertex 40: ground 600199.546795 m, vertex 600207.371878 m, +7825.084 mm above the ground
[RockPrecisionFixDiag]   rock 'Kerbin Zn3010000130' 'Tree00' #15 vertex 12: ground 600199.946529 m, vertex 600214.365650 m, +14419.121 mm above the ground
[RockPrecisionFixDiag]   rock 'Kerbin Zn3010000130' 'Tree00' #15 vertex 32: ground 600199.316801 m, vertex 600207.367123 m, +8050.322 mm above the ground
[RockPrecisionFixDiag]   rock 'Kerbin Zn3010000130' 'Tree00' #16 vertex 11: ground 600188.933715 m, vertex 600187.665813 m, -1267.902 mm above the ground
[RockPrecisionFixDiag]   rock 'Kerbin Zn3010000130' 'Tree00' #16 vertex 47: ground 600189.584349 m, vertex 600230.063235 m, +40478.886 mm above the ground
[RockPrecisionFixDiag]   rock 'Kerbin Zn3010000130' 'Tree00' #16 vertex 31: ground 600189.320559 m, vertex 600230.043329 m, +40722.770 mm above the ground
[RockPrecisionFixDiag]   rock 'Kerbin Zn3010000130' 'Tree00' #16 vertex 55: ground 600188.487904 m, vertex 600230.045859 m, +41557.956 mm above the ground
[RockPrecisionFixDiag]   rock 'Kerbin Zn3010000130' 'Tree00' #16 vertex 39: ground 600189.429430 m, vertex 600230.060707 m, +40631.277 mm above the ground
[RockPrecisionFixDiag]   rock 'Kerbin Zn3010000130' 'Tree00' #16 vertex 48: ground 600189.683619 m, vertex 600203.181784 m, +13498.165 mm above the ground
[RockPrecisionFixDiag]   rock 'Kerbin Zn3010000130' 'Tree00' #16 vertex 37: ground 600189.091270 m, vertex 600203.171246 m, +14079.976 mm above the ground
[RockPrecisionFixDiag]   rock 'Kerbin Zn3010000130' 'Tree00' #16 vertex 40: ground 600189.569861 m, vertex 600203.167890 m, +13598.029 mm above the ground
[RockPrecisionFixDiag]   rock 'Kerbin Zn3010000130' 'Tree00' #16 vertex 12: ground 600188.896091 m, vertex 600215.412466 m, +26516.374 mm above the ground
[RockPrecisionFixDiag]   rock 'Kerbin Zn3010000130' 'Tree00' #16 vertex 32: ground 600188.842278 m, vertex 600203.157146 m, +14314.868 mm above the ground
[RockPrecisionFixDiag]   rock 'Kerbin Zn3010000130' 'Tree00' #17 vertex 11: ground 600203.114151 m, vertex 600202.084496 m, -1029.655 mm above the ground
[RockPrecisionFixDiag]   rock 'Kerbin Zn3010000130' 'Tree00' #17 vertex 47: ground 600203.320749 m, vertex 600220.997472 m, +17676.723 mm above the ground
[RockPrecisionFixDiag]   rock 'Kerbin Zn3010000130' 'Tree00' #17 vertex 31: ground 600202.942330 m, vertex 600221.009733 m, +18067.403 mm above the ground
[RockPrecisionFixDiag]   rock 'Kerbin Zn3010000130' 'Tree00' #17 vertex 55: ground 600202.793037 m, vertex 600221.007909 m, +18214.872 mm above the ground
[RockPrecisionFixDiag]   rock 'Kerbin Zn3010000130' 'Tree00' #17 vertex 39: ground 600202.730367 m, vertex 600220.999294 m, +18268.927 mm above the ground
[RockPrecisionFixDiag]   rock 'Kerbin Zn3010000130' 'Tree00' #17 vertex 48: ground 600202.976311 m, vertex 600208.995762 m, +6019.451 mm above the ground
[RockPrecisionFixDiag]   rock 'Kerbin Zn3010000130' 'Tree00' #17 vertex 37: ground 600203.057430 m, vertex 600209.001872 m, +5944.442 mm above the ground
[RockPrecisionFixDiag]   rock 'Kerbin Zn3010000130' 'Tree00' #17 vertex 40: ground 600202.741888 m, vertex 600209.004322 m, +6262.435 mm above the ground
[RockPrecisionFixDiag]   rock 'Kerbin Zn3010000130' 'Tree00' #17 vertex 12: ground 600203.148165 m, vertex 600214.468692 m, +11320.527 mm above the ground
[RockPrecisionFixDiag]   rock 'Kerbin Zn3010000130' 'Tree00' #17 vertex 32: ground 600202.746689 m, vertex 600209.010566 m, +6263.877 mm above the ground
[RockPrecisionFixDiag] End of record 6: 64 quads with rocks, 118 holders (0 not built yet); nearest quad 'Kerbin Zn3010000130': 218 rocks, 1780 vertices measured, 0 without ground under them
