[RockPrecisionFixDiag] Record 2 on Kerbin: scatter on. Heights are distances from the centre of Kerbin, in metres
[RockPrecisionFixDiag]   quad 'Kerbin Zn1232222230': height 600176.853749 m, matrix 600176.853749 m, up 0.000 mm, across 0.000 mm
[RockPrecisionFixDiag]     holder 'Grass00': built, height 600176.856810 m, matrix 600176.856810 m, up +3.061 mm, across 3.843 mm
[RockPrecisionFixDiag]     holder 'Tree00': built, height 600176.856810 m, matrix 600176.856810 m, up +3.061 mm, across 3.843 mm
[RockPrecisionFixDiag]   quad 'Kerbin Zn1232222231': height 600177.289427 m, matrix 600177.289427 m, up 0.000 mm, across 0.000 mm
[RockPrecisionFixDiag]     holder 'Grass00': built, height 600177.290487 m, matrix 600177.272218 m, up -17.209 mm, across 9.266 mm
[RockPrecisionFixDiag]     holder 'Tree00': built, height 600177.290487 m, matrix 600177.272218 m, up -17.209 mm, across 9.266 mm
[RockPrecisionFixDiag]   quad 'Kerbin Zn1232222232': height 600186.581249 m, matrix 600186.581249 m, up 0.000 mm, across 0.000 mm
[RockPrecisionFixDiag]     holder 'Grass00': built, height 600186.571616 m, matrix 600186.589931 m, up +8.682 mm, across 9.087 mm
[RockPrecisionFixDiag]     holder 'Tree00': built, height 600186.571616 m, matrix 600186.589931 m, up +8.682 mm, across 9.087 mm
[RockPrecisionFixDiag]   quad 'Kerbin Zn1232222233': height 600173.701614 m, matrix 600173.701614 m, up 0.000 mm, across 0.000 mm
[RockPrecisionFixDiag]     holder 'Grass00': built, height 600173.678898 m, matrix 600173.667714 m, up -33.900 mm, across 0.355 mm
[RockPrecisionFixDiag]     holder 'Tree00': built, height 600173.678898 m, matrix 600173.667714 m, up -33.900 mm, across 0.355 mm
[RockPrecisionFixDiag]   quad 'Kerbin Zn1232222300': height 600210.992621 m, matrix 600210.992621 m, up 0.000 mm, across 0.000 mm
[RockPrecisionFixDiag]     holder 'Grass00': built, height 600210.979261 m, matrix 600210.997483 m, up +4.862 mm, across 2.438 mm
[RockPrecisionFixDiag]     holder 'Tree00': built, height 600210.979261 m, matrix 600210.997483 m, up +4.862 mm, across 2.438 mm
[RockPrecisionFixDiag]   quad 'Kerbin Zn1232222302': height 600210.795153 m, matrix 600210.795153 m, up 0.000 mm, across 0.000 mm
[RockPrecisionFixDiag]     holder 'Grass00': built, height 600210.742982 m, matrix 600210.761204 m, up -33.949 mm, across 8.617 mm
[RockPrecisionFixDiag]     holder 'Tree00': built, height 600210.742982 m, matrix 600210.761204 m, up -33.949 mm, across 8.617 mm
[RockPrecisionFixDiag]   quad 'Kerbin Zn1232222320': height 600203.253132 m, matrix 600203.253132 m, up 0.000 mm, across 0.000 mm
[RockPrecisionFixDiag]     holder 'Grass00': built, height 600203.261813 m, matrix 600203.243590 m, up -9.541 mm, across 16.015 mm
[RockPrecisionFixDiag]     holder 'Tree00': built, height 600203.261813 m, matrix 600203.243590 m, up -9.541 mm, across 16.015 mm
[RockPrecisionFixDiag]   quad 'Kerbin Zn1232222322': height 600241.011633 m, matrix 600241.011633 m, up 0.000 mm, across 0.000 mm
[RockPrecisionFixDiag]     holder 'Grass00': built, height 600240.938056 m, matrix 600240.981666 m, up -29.968 mm, across 7.236 mm
[RockPrecisionFixDiag]     holder 'Tree00': built, height 600240.938056 m, matrix 600240.981666 m, up -29.968 mm, across 7.236 mm
[RockPrecisionFixDiag]   quad 'Kerbin Zn3010000000': height 600249.583013 m, matrix 600249.583013 m, up 0.000 mm, across 0.000 mm
[RockPrecisionFixDiag]     holder 'Grass00': built, height 600249.562390 m, matrix 600249.580798 m, up -2.215 mm, across 26.388 mm
[RockPrecisionFixDiag]     holder 'Tree00': built, height 600249.562390 m, matrix 600249.580798 m, up -2.215 mm, across 26.388 mm
[RockPrecisionFixDiag]   quad 'Kerbin Zn3010000001': height 600248.200708 m, matrix 600248.200708 m, up 0.000 mm, across 0.000 mm
[RockPrecisionFixDiag]     holder 'Grass00': built, height 600248.179795 m, matrix 600248.179795 m, up -20.913 mm, across 51.392 mm
[RockPrecisionFixDiag]     holder 'Tree00': built, height 600248.179795 m, matrix 600248.179795 m, up -20.913 mm, across 51.392 mm
[RockPrecisionFixDiag]   quad 'Kerbin Zn3010000002': height 600219.459855 m, matrix 600219.459855 m, up 0.000 mm, across 0.000 mm
[RockPrecisionFixDiag]     holder 'Grass00': built, height 600219.426557 m, matrix 600219.463373 m, up +3.518 mm, across 0.148 mm
[RockPrecisionFixDiag]     holder 'Tree00': built, height 600219.426557 m, matrix 600219.463373 m, up +3.518 mm, across 0.148 mm
[RockPrecisionFixDiag]   quad 'Kerbin Zn3010000003': height 600238.468416 m, matrix 600238.468416 m, up 0.000 mm, across 0.000 mm
[RockPrecisionFixDiag]     holder 'Grass00': built, height 600238.430547 m, matrix 600238.412185 m, up -56.231 mm, across 17.299 mm
[RockPrecisionFixDiag]     holder 'Tree00': built, height 600238.430547 m, matrix 600238.412185 m, up -56.231 mm, across 17.299 mm
[RockPrecisionFixDiag]   quad 'Kerbin Zn3010000010': height 600189.654999 m, matrix 600189.654999 m, up 0.000 mm, across 0.000 mm
[RockPrecisionFixDiag]     holder 'Grass00': built, height 600189.572249 m, matrix 600189.634200 m, up -20.800 mm, across 5.403 mm
[RockPrecisionFixDiag]     holder 'Tree00': built, height 600189.572249 m, matrix 600189.634200 m, up -20.800 mm, across 5.403 mm
[RockPrecisionFixDiag]   quad 'Kerbin Zn3010000011': height 600220.717638 m, matrix 600220.717638 m, up 0.000 mm, across 0.000 mm
[RockPrecisionFixDiag]     holder 'Grass00': built, height 600220.701227 m, matrix 600220.701227 m, up -16.411 mm, across 5.210 mm
[RockPrecisionFixDiag]     holder 'Tree00': built, height 600220.701227 m, matrix 600220.701227 m, up -16.411 mm, across 5.210 mm
[RockPrecisionFixDiag]   quad 'Kerbin Zn3010000012': height 600273.374980 m, matrix 600273.374980 m, up 0.000 mm, across 0.000 mm
[RockPrecisionFixDiag]     holder 'Grass00': built, height 600273.359020 m, matrix 600273.359020 m, up -15.960 mm, across 7.929 mm
[RockPrecisionFixDiag]     holder 'Tree00': built, height 600273.359020 m, matrix 600273.359020 m, up -15.960 mm, across 7.929 mm
[RockPrecisionFixDiag]   quad 'Kerbin Zn3010000013': height 600242.615918 m, matrix 600242.615918 m, up 0.000 mm, across 0.000 mm
[RockPrecisionFixDiag]     holder 'Grass00': built, height 600242.589856 m, matrix 600242.571587 m, up -44.330 mm, across 6.968 mm
[RockPrecisionFixDiag]     holder 'Tree00': built, height 600242.589856 m, matrix 600242.571587 m, up -44.330 mm, across 6.968 mm
[RockPrecisionFixDiag]   quad 'Kerbin Zn3010000020': height 600242.273294 m, matrix 600242.273294 m, up 0.000 mm, across 0.000 mm
[RockPrecisionFixDiag]     holder 'Grass00': built, height 600242.259913 m, matrix 600242.266757 m, up -6.537 mm, across 13.829 mm
[RockPrecisionFixDiag]     holder 'Tree00': built, height 600242.259913 m, matrix 600242.266757 m, up -6.537 mm, across 13.829 mm
[RockPrecisionFixDiag]   quad 'Kerbin Zn3010000021': height 600225.876129 m, matrix 600225.876129 m, up 0.000 mm, across 0.000 mm
[RockPrecisionFixDiag]     holder 'Grass00': built, height 600225.870452 m, matrix 600225.852090 m, up -24.039 mm, across 18.147 mm
[RockPrecisionFixDiag]     holder 'Tree00': built, height 600225.870452 m, matrix 600225.852090 m, up -24.039 mm, across 18.147 mm
[RockPrecisionFixDiag]   quad 'Kerbin Zn3010000022': height 600288.746612 m, matrix 600288.746612 m, up 0.000 mm, across 0.000 mm
[RockPrecisionFixDiag]     holder 'Grass00': built, height 600288.764410 m, matrix 600288.764410 m, up +17.799 mm, across 26.906 mm
[RockPrecisionFixDiag]     holder 'Tree00': built, height 600288.764410 m, matrix 600288.764410 m, up +17.799 mm, across 26.906 mm
[RockPrecisionFixDiag]   quad 'Kerbin Zn3010000023': height 600244.638013 m, matrix 600244.638013 m, up 0.000 mm, across 0.000 mm
[RockPrecisionFixDiag]     holder 'Grass00': built, height 600244.590890 m, matrix 600244.590890 m, up -47.123 mm, across 15.869 mm
[RockPrecisionFixDiag]     holder 'Tree00': built, height 600244.590890 m, matrix 600244.590890 m, up -47.123 mm, across 15.869 mm
[RockPrecisionFixDiag]   quad 'Kerbin Zn3010000030': height 600256.866915 m, matrix 600256.866915 m, up 0.000 mm, across 0.000 mm
[RockPrecisionFixDiag]     holder 'Grass00': built, height 600256.930485 m, matrix 600256.893854 m, up +26.940 mm, across 13.161 mm
[RockPrecisionFixDiag]     holder 'Tree00': built, height 600256.930485 m, matrix 600256.893854 m, up +26.940 mm, across 13.161 mm
[RockPrecisionFixDiag]   quad 'Kerbin Zn3010000031': height 600280.000896 m, matrix 600280.000896 m, up 0.000 mm, across 0.000 mm
[RockPrecisionFixDiag]     holder 'Grass00': built, height 600279.980632 m, matrix 600279.980632 m, up -20.264 mm, across 10.376 mm
[RockPrecisionFixDiag]     holder 'Tree00': built, height 600279.980632 m, matrix 600279.980632 m, up -20.264 mm, across 10.376 mm
[RockPrecisionFixDiag]   quad 'Kerbin Zn3010000032': height 600248.663793 m, matrix 600248.663793 m, up 0.000 mm, across 0.000 mm
[RockPrecisionFixDiag]     holder 'Grass00': built, height 600248.616367 m, matrix 600248.641686 m, up -22.106 mm, across 23.483 mm
[RockPrecisionFixDiag]     holder 'Tree00': built, height 600248.616367 m, matrix 600248.641686 m, up -22.106 mm, across 23.483 mm
[RockPrecisionFixDiag]   quad 'Kerbin Zn3010000033': height 600313.717195 m, matrix 600313.717195 m, up 0.000 mm, across 0.000 mm
[RockPrecisionFixDiag]     holder 'Grass00': built, height 600313.729690 m, matrix 600313.693153 m, up -24.043 mm, across 14.573 mm
[RockPrecisionFixDiag]     holder 'Tree00': built, height 600313.729690 m, matrix 600313.693153 m, up -24.043 mm, across 14.573 mm
[RockPrecisionFixDiag]   quad 'Kerbin Zn3010000100': height 600253.724485 m, matrix 600253.724485 m, up 0.000 mm, across 0.000 mm
[RockPrecisionFixDiag]     holder 'Grass00': built, height 600253.739967 m, matrix 600253.703522 m, up -20.963 mm, across 7.646 mm
[RockPrecisionFixDiag]     holder 'Tree00': built, height 600253.739967 m, matrix 600253.703522 m, up -20.963 mm, across 7.646 mm
[RockPrecisionFixDiag]   quad 'Kerbin Zn3010000101': height 600259.953328 m, matrix 600259.953328 m, up 0.000 mm, across 0.000 mm
[RockPrecisionFixDiag]     holder 'Grass00': built, height 600259.889922 m, matrix 600259.915342 m, up -37.986 mm, across 11.256 mm
[RockPrecisionFixDiag]     holder 'Tree00': built, height 600259.889922 m, matrix 600259.915342 m, up -37.986 mm, across 11.256 mm
[RockPrecisionFixDiag]   quad 'Kerbin Zn3010000102': height 600230.717317 m, matrix 600230.717317 m, up 0.000 mm, across 0.000 mm
[RockPrecisionFixDiag]     holder 'Grass00': built, height 600230.656375 m, matrix 600230.681762 m, up -35.555 mm, across 22.112 mm
[RockPrecisionFixDiag]     holder 'Tree00': built, height 600230.656375 m, matrix 600230.681762 m, up -35.555 mm, across 22.112 mm
[RockPrecisionFixDiag]   quad 'Kerbin Zn3010000103': height 600230.029893 m, matrix 600230.029893 m, up 0.000 mm, across 0.000 mm
[RockPrecisionFixDiag]     holder 'Grass00': built, height 600230.000342 m, matrix 600230.025762 m, up -4.131 mm, across 3.049 mm
[RockPrecisionFixDiag]     holder 'Tree00': built, height 600230.000342 m, matrix 600230.025762 m, up -4.131 mm, across 3.049 mm
[RockPrecisionFixDiag]   quad 'Kerbin Zn3010000112': height 600227.195432 m, matrix 600227.195432 m, up 0.000 mm, across 0.000 mm
[RockPrecisionFixDiag]     holder 'Grass00': built, height 600227.178242 m, matrix 600227.170918 m, up -24.514 mm, across 10.969 mm
[RockPrecisionFixDiag]     holder 'Tree00': built, height 600227.178242 m, matrix 600227.170918 m, up -24.514 mm, across 10.969 mm
[RockPrecisionFixDiag]   quad 'Kerbin Zn3010000120': height 600226.532467 m, matrix 600226.532467 m, up 0.000 mm, across 0.000 mm
[RockPrecisionFixDiag]     holder 'Grass00': built, height 600226.483880 m, matrix 600226.502102 m, up -30.365 mm, across 19.243 mm
[RockPrecisionFixDiag]     holder 'Tree00': built, height 600226.483880 m, matrix 600226.502102 m, up -30.365 mm, across 19.243 mm
[RockPrecisionFixDiag]   quad 'Kerbin Zn3010000121': height 600217.201139 m, matrix 600217.201139 m, up 0.000 mm, across 0.000 mm
[RockPrecisionFixDiag]     holder 'Grass00': built, height 600217.195941 m, matrix 600217.221361 m, up +20.222 mm, across 1.525 mm
[RockPrecisionFixDiag]     holder 'Tree00': built, height 600217.195941 m, matrix 600217.221361 m, up +20.222 mm, across 1.525 mm
[RockPrecisionFixDiag]   quad 'Kerbin Zn3010000122': height 600239.513358 m, matrix 600239.513358 m, up 0.000 mm, across 0.000 mm
[RockPrecisionFixDiag]     holder 'Grass00': built, height 600239.486069 m, matrix 600239.486069 m, up -27.290 mm, across 25.040 mm
[RockPrecisionFixDiag]     holder 'Tree00': built, height 600239.486069 m, matrix 600239.486069 m, up -27.290 mm, across 25.040 mm
[RockPrecisionFixDiag]   quad 'Kerbin Zn3010000123': height 600203.275499 m, matrix 600203.275499 m, up 0.000 mm, across 0.000 mm
[RockPrecisionFixDiag]     holder 'Grass00': built, height 600203.283666 m, matrix 600203.290910 m, up +15.411 mm, across 0.472 mm
[RockPrecisionFixDiag]     holder 'Tree00': built, height 600203.283666 m, matrix 600203.290910 m, up +15.411 mm, across 0.472 mm
[RockPrecisionFixDiag]   quad 'Kerbin Zn3010000130': height 600190.635340 m, matrix 600190.635340 m, up 0.000 mm, across 0.000 mm
[RockPrecisionFixDiag]     holder 'Grass00': built, height 600190.585835 m, matrix 600190.603964 m, up -31.376 mm, across 25.064 mm
[RockPrecisionFixDiag]     holder 'Tree00': built, height 600190.585835 m, matrix 600190.603964 m, up -31.376 mm, across 25.064 mm
[RockPrecisionFixDiag]   quad 'Kerbin Zn3010000131': height 600164.314233 m, matrix 600164.314233 m, up 0.000 mm, across 0.000 mm
[RockPrecisionFixDiag]     holder 'Grass00': built, height 600164.263047 m, matrix 600164.299212 m, up -15.020 mm, across 26.822 mm
[RockPrecisionFixDiag]     holder 'Tree00': built, height 600164.263047 m, matrix 600164.299212 m, up -15.020 mm, across 26.822 mm
[RockPrecisionFixDiag]   quad 'Kerbin Zn3010000132': height 600212.377119 m, matrix 600212.377119 m, up 0.000 mm, across 0.000 mm
[RockPrecisionFixDiag]     holder 'Grass00': built, height 600212.377694 m, matrix 600212.359564 m, up -17.554 mm, across 2.035 mm
[RockPrecisionFixDiag]     holder 'Tree00': built, height 600212.377694 m, matrix 600212.359564 m, up -17.554 mm, across 2.035 mm
[RockPrecisionFixDiag]   quad 'Kerbin Zn3010000133': height 600126.805907 m, matrix 600126.805907 m, up 0.000 mm, across 0.000 mm
[RockPrecisionFixDiag]     holder 'Grass00': built, height 600126.815111 m, matrix 600126.807708 m, up +1.801 mm, across 29.331 mm
[RockPrecisionFixDiag]     holder 'Tree00': built, height 600126.815111 m, matrix 600126.807708 m, up +1.801 mm, across 29.331 mm
[RockPrecisionFixDiag]   quad 'Kerbin Zn3010000200': height 600248.967101 m, matrix 600248.967101 m, up 0.000 mm, across 0.000 mm
[RockPrecisionFixDiag]     holder 'Grass00': built, height 600248.937603 m, matrix 600248.956011 m, up -11.090 mm, across 18.357 mm
[RockPrecisionFixDiag]     holder 'Tree00': built, height 600248.937603 m, matrix 600248.956011 m, up -11.090 mm, across 18.357 mm
[RockPrecisionFixDiag]   quad 'Kerbin Zn3010000201': height 600253.845578 m, matrix 600253.845578 m, up 0.000 mm, across 0.000 mm
[RockPrecisionFixDiag]     holder 'Grass00': built, height 600253.860428 m, matrix 600253.842067 m, up -3.512 mm, across 18.846 mm
[RockPrecisionFixDiag]     holder 'Tree00': built, height 600253.860428 m, matrix 600253.842067 m, up -3.512 mm, across 18.846 mm
[RockPrecisionFixDiag]   quad 'Kerbin Zn3010000202': height 600240.651124 m, matrix 600240.651124 m, up 0.000 mm, across 0.000 mm
[RockPrecisionFixDiag]     holder 'Grass00': built, height 600240.691623 m, matrix 600240.647965 m, up -3.159 mm, across 2.311 mm
[RockPrecisionFixDiag]     holder 'Tree00': built, height 600240.691623 m, matrix 600240.647965 m, up -3.159 mm, across 2.311 mm
[RockPrecisionFixDiag]   quad 'Kerbin Zn3010000203': height 600237.244063 m, matrix 600237.244063 m, up 0.000 mm, across 0.000 mm
[RockPrecisionFixDiag]     holder 'Grass00': built, height 600237.179077 m, matrix 600237.215798 m, up -28.265 mm, across 15.093 mm
[RockPrecisionFixDiag]     holder 'Tree00': built, height 600237.179077 m, matrix 600237.215798 m, up -28.265 mm, across 15.093 mm
[RockPrecisionFixDiag]   quad 'Kerbin Zn3010000210': height 600271.300682 m, matrix 600271.300682 m, up 0.000 mm, across 0.000 mm
[RockPrecisionFixDiag]     holder 'Grass00': built, height 600271.293893 m, matrix 600271.293893 m, up -6.788 mm, across 5.636 mm
[RockPrecisionFixDiag]     holder 'Tree00': built, height 600271.293893 m, matrix 600271.293893 m, up -6.788 mm, across 5.636 mm
[RockPrecisionFixDiag]   quad 'Kerbin Zn3010000211': height 600331.669148 m, matrix 600331.669148 m, up 0.000 mm, across 0.000 mm
[RockPrecisionFixDiag]     holder 'Grass00': built, height 600331.637189 m, matrix 600331.637189 m, up -31.959 mm, across 26.642 mm
[RockPrecisionFixDiag]     holder 'Tree00': built, height 600331.637189 m, matrix 600331.637189 m, up -31.959 mm, across 26.642 mm
[RockPrecisionFixDiag]   quad 'Kerbin Zn3010000212': height 600278.908838 m, matrix 600278.908838 m, up 0.000 mm, across 0.000 mm
[RockPrecisionFixDiag]     holder 'Grass00': built, height 600278.843195 m, matrix 600278.886828 m, up -22.010 mm, across 2.074 mm
[RockPrecisionFixDiag]     holder 'Tree00': built, height 600278.843195 m, matrix 600278.886828 m, up -22.010 mm, across 2.074 mm
[RockPrecisionFixDiag]   quad 'Kerbin Zn3010000213': height 600292.233395 m, matrix 600292.233395 m, up 0.000 mm, across 0.000 mm
[RockPrecisionFixDiag]     holder 'Grass00': built, height 600292.228699 m, matrix 600292.192163 m, up -41.232 mm, across 19.644 mm
[RockPrecisionFixDiag]     holder 'Tree00': built, height 600292.228699 m, matrix 600292.192163 m, up -41.232 mm, across 19.644 mm
[RockPrecisionFixDiag]   quad 'Kerbin Zn3010000230': height 600239.585211 m, matrix 600239.585211 m, up 0.000 mm, across 0.000 mm
[RockPrecisionFixDiag]     holder 'Grass00': built, height 600239.593607 m, matrix 600239.593607 m, up +8.396 mm, across 5.472 mm
[RockPrecisionFixDiag]     holder 'Tree00': built, height 600239.593607 m, matrix 600239.593607 m, up +8.396 mm, across 5.472 mm
[RockPrecisionFixDiag]   quad 'Kerbin Zn3010000231': height 600273.718294 m, matrix 600273.718294 m, up 0.000 mm, across 0.000 mm
[RockPrecisionFixDiag]     holder 'Grass00': built, height 600273.708782 m, matrix 600273.708782 m, up -9.513 mm, across 12.272 mm
[RockPrecisionFixDiag]     holder 'Tree00': built, height 600273.708782 m, matrix 600273.708782 m, up -9.513 mm, across 12.272 mm
[RockPrecisionFixDiag]   quad 'Kerbin Zn3010000232': height 600245.838975 m, matrix 600245.838975 m, up 0.000 mm, across 0.000 mm
[RockPrecisionFixDiag]     holder 'Grass00': built, height 600245.776651 m, matrix 600245.794964 m, up -44.011 mm, across 29.134 mm
[RockPrecisionFixDiag]     holder 'Tree00': built, height 600245.776651 m, matrix 600245.794964 m, up -44.011 mm, across 29.134 mm
[RockPrecisionFixDiag]   quad 'Kerbin Zn3010000233': height 600281.401602 m, matrix 600281.401602 m, up 0.000 mm, across 0.000 mm
[RockPrecisionFixDiag]     holder 'Grass00': built, height 600281.379038 m, matrix 600281.379038 m, up -22.564 mm, across 2.738 mm
[RockPrecisionFixDiag]     holder 'Tree00': built, height 600281.379038 m, matrix 600281.379038 m, up -22.564 mm, across 2.738 mm
[RockPrecisionFixDiag]   quad 'Kerbin Zn3010000300': height 600251.411213 m, matrix 600251.411213 m, up 0.000 mm, across 0.000 mm
[RockPrecisionFixDiag]     holder 'Grass00': built, height 600251.419322 m, matrix 600251.419322 m, up +8.109 mm, across 32.648 mm
[RockPrecisionFixDiag]     holder 'Tree00': built, height 600251.419322 m, matrix 600251.419322 m, up +8.109 mm, across 32.648 mm
[RockPrecisionFixDiag]   quad 'Kerbin Zn3010000301': height 600205.190138 m, matrix 600205.190138 m, up 0.000 mm, across 0.000 mm
[RockPrecisionFixDiag]     holder 'Grass00': built, height 600205.170457 m, matrix 600205.188632 m, up -1.506 mm, across 10.906 mm
[RockPrecisionFixDiag]     holder 'Tree00': built, height 600205.170457 m, matrix 600205.188632 m, up -1.506 mm, across 10.906 mm
[RockPrecisionFixDiag]   quad 'Kerbin Zn3010000302': height 600252.928665 m, matrix 600252.928665 m, up 0.000 mm, across 0.000 mm
[RockPrecisionFixDiag]     holder 'Grass00': built, height 600252.884608 m, matrix 600252.902830 m, up -25.835 mm, across 14.040 mm
[RockPrecisionFixDiag]     holder 'Tree00': built, height 600252.884608 m, matrix 600252.902830 m, up -25.835 mm, across 14.040 mm
[RockPrecisionFixDiag]   quad 'Kerbin Zn3010000303': height 600185.474384 m, matrix 600185.474384 m, up 0.000 mm, across 0.000 mm
[RockPrecisionFixDiag]     holder 'Grass00': built, height 600185.466631 m, matrix 600185.466631 m, up -7.753 mm, across 7.065 mm
[RockPrecisionFixDiag]     holder 'Tree00': built, height 600185.466631 m, matrix 600185.466631 m, up -7.753 mm, across 7.065 mm
[RockPrecisionFixDiag]   quad 'Kerbin Zn3010000310': height 600205.532416 m, matrix 600205.532416 m, up 0.000 mm, across 0.000 mm
[RockPrecisionFixDiag]     holder 'Grass00': built, height 600205.552082 m, matrix 600205.533953 m, up +1.537 mm, across 7.795 mm
[RockPrecisionFixDiag]     holder 'Tree00': built, height 600205.552082 m, matrix 600205.533953 m, up +1.537 mm, across 7.795 mm
[RockPrecisionFixDiag]   quad 'Kerbin Zn3010000311': height 600080.089549 m, matrix 600080.089549 m, up 0.000 mm, across 0.000 mm
[RockPrecisionFixDiag]     holder 'Grass00': built, height 600080.076334 m, matrix 600080.076334 m, up -13.215 mm, across 18.837 mm
[RockPrecisionFixDiag]   quad 'Kerbin Zn3010000312': height 600141.400103 m, matrix 600141.400103 m, up 0.000 mm, across 0.000 mm
[RockPrecisionFixDiag]     holder 'Grass00': built, height 600141.396272 m, matrix 600141.396272 m, up -3.832 mm, across 7.856 mm
[RockPrecisionFixDiag]   quad 'Kerbin Zn3010000320': height 600225.973607 m, matrix 600225.973607 m, up 0.000 mm, across 0.000 mm
[RockPrecisionFixDiag]     holder 'Grass00': built, height 600225.959714 m, matrix 600225.941493 m, up -32.114 mm, across 13.767 mm
[RockPrecisionFixDiag]   quad 'Kerbin Zn3010000321': height 600207.436543 m, matrix 600207.436543 m, up 0.000 mm, across 0.000 mm
[RockPrecisionFixDiag]     holder 'Grass00': built, height 600207.381242 m, matrix 600207.381242 m, up -55.301 mm, across 26.043 mm
[RockPrecisionFixDiag]   quad 'Kerbin Zn3010000323': height 600194.806583 m, matrix 600194.806583 m, up 0.000 mm, across 0.000 mm
[RockPrecisionFixDiag]     holder 'Grass00': built, height 600194.774233 m, matrix 600194.737884 m, up -68.698 mm, across 5.510 mm
[RockPrecisionFixDiag]   quad 'Kerbin Zn3010000322': height 600203.817475 m, matrix 600203.817475 m, up 0.000 mm, across 0.000 mm
[RockPrecisionFixDiag]     holder 'Grass00': built, height 600203.779552 m, matrix 600203.779552 m, up -37.923 mm, across 14.161 mm
[RockPrecisionFixDiag]   quad 'Kerbin Zn3010000313': height 600041.740719 m, matrix 600041.740719 m, up 0.000 mm, across 0.000 mm
[RockPrecisionFixDiag]     holder 'boulder': built, height 600041.701561 m, matrix 600041.701561 m, up -39.157 mm, across 3.634 mm
[RockPrecisionFixDiag]   quad 'Kerbin Zn3010000330': height 599959.150213 m, matrix 599959.150213 m, up 0.000 mm, across 0.000 mm
[RockPrecisionFixDiag]     holder 'boulder': built, height 599959.158519 m, matrix 599959.133067 m, up -17.146 mm, across 3.602 mm
[RockPrecisionFixDiag]   quad 'Kerbin Zn3010001022': height 599978.023793 m, matrix 599978.023793 m, up 0.000 mm, across 0.000 mm
[RockPrecisionFixDiag]     holder 'boulder': built, height 599978.012144 m, matrix 599978.030180 m, up +6.387 mm, across 16.862 mm
[RockPrecisionFixDiag]   quad 'Kerbin Zn3010001200': height 599939.945224 m, matrix 599939.945224 m, up 0.000 mm, across 0.000 mm
[RockPrecisionFixDiag]     holder 'boulder': built, height 599939.937733 m, matrix 599939.919697 m, up -25.526 mm, across 5.340 mm
[RockPrecisionFixDiag]   rock 'Kerbin Zn3010000130' 'Grass00' #0 vertex 0: ground 600188.741679 m, vertex 600188.263984 m, -477.694 mm above the ground
[RockPrecisionFixDiag]   rock 'Kerbin Zn3010000130' 'Grass00' #0 vertex 1: ground 600188.632252 m, vertex 600188.264499 m, -367.753 mm above the ground
[RockPrecisionFixDiag]   rock 'Kerbin Zn3010000130' 'Grass00' #0 vertex 2: ground 600188.741744 m, vertex 600189.630201 m, +888.457 mm above the ground
[RockPrecisionFixDiag]   rock 'Kerbin Zn3010000130' 'Grass00' #0 vertex 3: ground 600188.632305 m, vertex 600189.630716 m, +998.411 mm above the ground
[RockPrecisionFixDiag]   rock 'Kerbin Zn3010000130' 'Grass00' #0 vertex 4: ground 600188.741679 m, vertex 600188.263984 m, -477.694 mm above the ground
[RockPrecisionFixDiag]   rock 'Kerbin Zn3010000130' 'Grass00' #0 vertex 5: ground 600188.632252 m, vertex 600188.264499 m, -367.753 mm above the ground
[RockPrecisionFixDiag]   rock 'Kerbin Zn3010000130' 'Grass00' #0 vertex 6: ground 600188.741744 m, vertex 600189.630201 m, +888.457 mm above the ground
[RockPrecisionFixDiag]   rock 'Kerbin Zn3010000130' 'Grass00' #0 vertex 7: ground 600188.632305 m, vertex 600189.630716 m, +998.411 mm above the ground
[RockPrecisionFixDiag]   rock 'Kerbin Zn3010000130' 'Grass00' #1 vertex 0: ground 600199.879786 m, vertex 600199.599917 m, -279.869 mm above the ground
[RockPrecisionFixDiag]   rock 'Kerbin Zn3010000130' 'Grass00' #1 vertex 1: ground 600199.759655 m, vertex 600199.600074 m, -159.582 mm above the ground
[RockPrecisionFixDiag]   rock 'Kerbin Zn3010000130' 'Grass00' #1 vertex 2: ground 600199.879780 m, vertex 600201.188508 m, +1308.728 mm above the ground
[RockPrecisionFixDiag]   rock 'Kerbin Zn3010000130' 'Grass00' #1 vertex 3: ground 600199.759644 m, vertex 600201.188661 m, +1429.018 mm above the ground
[RockPrecisionFixDiag]   rock 'Kerbin Zn3010000130' 'Grass00' #1 vertex 4: ground 600199.879786 m, vertex 600199.599917 m, -279.869 mm above the ground
[RockPrecisionFixDiag]   rock 'Kerbin Zn3010000130' 'Grass00' #1 vertex 5: ground 600199.759655 m, vertex 600199.600074 m, -159.582 mm above the ground
[RockPrecisionFixDiag]   rock 'Kerbin Zn3010000130' 'Grass00' #1 vertex 6: ground 600199.879780 m, vertex 600201.188508 m, +1308.728 mm above the ground
[RockPrecisionFixDiag]   rock 'Kerbin Zn3010000130' 'Grass00' #1 vertex 7: ground 600199.759644 m, vertex 600201.188661 m, +1429.018 mm above the ground
[RockPrecisionFixDiag]   rock 'Kerbin Zn3010000130' 'Grass00' #2 vertex 0: ground 600187.167798 m, vertex 600186.886261 m, -281.537 mm above the ground
[RockPrecisionFixDiag]   rock 'Kerbin Zn3010000130' 'Grass00' #2 vertex 1: ground 600187.148813 m, vertex 600186.886935 m, -261.878 mm above the ground
[RockPrecisionFixDiag]   rock 'Kerbin Zn3010000130' 'Grass00' #2 vertex 2: ground 600187.167837 m, vertex 600187.934222 m, +766.385 mm above the ground
[RockPrecisionFixDiag]   rock 'Kerbin Zn3010000130' 'Grass00' #2 vertex 3: ground 600187.148827 m, vertex 600187.934896 m, +786.069 mm above the ground
[RockPrecisionFixDiag]   rock 'Kerbin Zn3010000130' 'Grass00' #2 vertex 4: ground 600187.167798 m, vertex 600186.886261 m, -281.537 mm above the ground
[RockPrecisionFixDiag]   rock 'Kerbin Zn3010000130' 'Grass00' #2 vertex 5: ground 600187.148813 m, vertex 600186.886935 m, -261.878 mm above the ground
[RockPrecisionFixDiag]   rock 'Kerbin Zn3010000130' 'Grass00' #2 vertex 6: ground 600187.167837 m, vertex 600187.934222 m, +766.385 mm above the ground
[RockPrecisionFixDiag]   rock 'Kerbin Zn3010000130' 'Grass00' #2 vertex 7: ground 600187.148827 m, vertex 600187.934896 m, +786.069 mm above the ground
[RockPrecisionFixDiag]   rock 'Kerbin Zn3010000130' 'Grass00' #3 vertex 0: ground 600199.183973 m, vertex 600198.903774 m, -280.199 mm above the ground
[RockPrecisionFixDiag]   rock 'Kerbin Zn3010000130' 'Grass00' #3 vertex 1: ground 600199.139137 m, vertex 600198.904852 m, -234.286 mm above the ground
[RockPrecisionFixDiag]   rock 'Kerbin Zn3010000130' 'Grass00' #3 vertex 2: ground 600199.184030 m, vertex 600200.520989 m, +1336.959 mm above the ground
[RockPrecisionFixDiag]   rock 'Kerbin Zn3010000130' 'Grass00' #3 vertex 3: ground 600199.139201 m, vertex 600200.522079 m, +1382.878 mm above the ground
[RockPrecisionFixDiag]   rock 'Kerbin Zn3010000130' 'Grass00' #3 vertex 4: ground 600199.183973 m, vertex 600198.903774 m, -280.199 mm above the ground
[RockPrecisionFixDiag]   rock 'Kerbin Zn3010000130' 'Grass00' #3 vertex 5: ground 600199.139137 m, vertex 600198.904852 m, -234.286 mm above the ground
[RockPrecisionFixDiag]   rock 'Kerbin Zn3010000130' 'Grass00' #3 vertex 6: ground 600199.184030 m, vertex 600200.520989 m, +1336.959 mm above the ground
[RockPrecisionFixDiag]   rock 'Kerbin Zn3010000130' 'Grass00' #3 vertex 7: ground 600199.139201 m, vertex 600200.522079 m, +1382.878 mm above the ground
[RockPrecisionFixDiag]   rock 'Kerbin Zn3010000130' 'Grass00' #4 vertex 0: ground 600203.891192 m, vertex 600203.641409 m, -249.783 mm above the ground
[RockPrecisionFixDiag]   rock 'Kerbin Zn3010000130' 'Grass00' #4 vertex 1: ground 600203.879280 m, vertex 600203.640977 m, -238.303 mm above the ground
[RockPrecisionFixDiag]   rock 'Kerbin Zn3010000130' 'Grass00' #4 vertex 2: ground 600203.891216 m, vertex 600204.823003 m, +931.787 mm above the ground
[RockPrecisionFixDiag]   rock 'Kerbin Zn3010000130' 'Grass00' #4 vertex 3: ground 600203.879268 m, vertex 600204.822564 m, +943.296 mm above the ground
[RockPrecisionFixDiag]   rock 'Kerbin Zn3010000130' 'Grass00' #4 vertex 4: ground 600203.891192 m, vertex 600203.641409 m, -249.783 mm above the ground
[RockPrecisionFixDiag]   rock 'Kerbin Zn3010000130' 'Grass00' #4 vertex 5: ground 600203.879280 m, vertex 600203.640977 m, -238.303 mm above the ground
[RockPrecisionFixDiag]   rock 'Kerbin Zn3010000130' 'Grass00' #4 vertex 6: ground 600203.891216 m, vertex 600204.823003 m, +931.787 mm above the ground
[RockPrecisionFixDiag]   rock 'Kerbin Zn3010000130' 'Grass00' #4 vertex 7: ground 600203.879268 m, vertex 600204.822564 m, +943.296 mm above the ground
[RockPrecisionFixDiag]   rock 'Kerbin Zn3010000130' 'Grass00' #5 vertex 0: ground 600188.372401 m, vertex 600187.954445 m, -417.956 mm above the ground
[RockPrecisionFixDiag]   rock 'Kerbin Zn3010000130' 'Grass00' #5 vertex 1: ground 600188.373213 m, vertex 600187.954494 m, -418.719 mm above the ground
[RockPrecisionFixDiag]   rock 'Kerbin Zn3010000130' 'Grass00' #5 vertex 2: ground 600188.372384 m, vertex 600189.836654 m, +1464.270 mm above the ground
[RockPrecisionFixDiag]   rock 'Kerbin Zn3010000130' 'Grass00' #5 vertex 3: ground 600188.373198 m, vertex 600189.836705 m, +1463.507 mm above the ground
[RockPrecisionFixDiag]   rock 'Kerbin Zn3010000130' 'Grass00' #5 vertex 4: ground 600188.372401 m, vertex 600187.954445 m, -417.956 mm above the ground
[RockPrecisionFixDiag]   rock 'Kerbin Zn3010000130' 'Grass00' #5 vertex 5: ground 600188.373213 m, vertex 600187.954494 m, -418.719 mm above the ground
[RockPrecisionFixDiag]   rock 'Kerbin Zn3010000130' 'Grass00' #5 vertex 6: ground 600188.372384 m, vertex 600189.836654 m, +1464.270 mm above the ground
[RockPrecisionFixDiag]   rock 'Kerbin Zn3010000130' 'Grass00' #5 vertex 7: ground 600188.373198 m, vertex 600189.836705 m, +1463.507 mm above the ground
[RockPrecisionFixDiag]   rock 'Kerbin Zn3010000130' 'Grass00' #6 vertex 0: ground 600195.664484 m, vertex 600195.383735 m, -280.749 mm above the ground
[RockPrecisionFixDiag]   rock 'Kerbin Zn3010000130' 'Grass00' #6 vertex 1: ground 600195.637357 m, vertex 600195.385194 m, -252.162 mm above the ground
[RockPrecisionFixDiag]   rock 'Kerbin Zn3010000130' 'Grass00' #6 vertex 2: ground 600195.664559 m, vertex 600197.144989 m, +1480.430 mm above the ground
[RockPrecisionFixDiag]   rock 'Kerbin Zn3010000130' 'Grass00' #6 vertex 3: ground 600195.637382 m, vertex 600197.146449 m, +1509.067 mm above the ground
[RockPrecisionFixDiag]   rock 'Kerbin Zn3010000130' 'Grass00' #6 vertex 4: ground 600195.664484 m, vertex 600195.383735 m, -280.749 mm above the ground
[RockPrecisionFixDiag]   rock 'Kerbin Zn3010000130' 'Grass00' #6 vertex 5: ground 600195.637357 m, vertex 600195.385194 m, -252.162 mm above the ground
[RockPrecisionFixDiag]   rock 'Kerbin Zn3010000130' 'Grass00' #6 vertex 6: ground 600195.664559 m, vertex 600197.144989 m, +1480.430 mm above the ground
[RockPrecisionFixDiag]   rock 'Kerbin Zn3010000130' 'Grass00' #6 vertex 7: ground 600195.637382 m, vertex 600197.146449 m, +1509.067 mm above the ground
[RockPrecisionFixDiag]   rock 'Kerbin Zn3010000130' 'Grass00' #7 vertex 0: ground 600190.627266 m, vertex 600189.540378 m, -1086.888 mm above the ground
[RockPrecisionFixDiag]   rock 'Kerbin Zn3010000130' 'Grass00' #7 vertex 1: ground 600190.618845 m, vertex 600189.540728 m, -1078.117 mm above the ground
[RockPrecisionFixDiag]   rock 'Kerbin Zn3010000130' 'Grass00' #7 vertex 2: ground 600190.627274 m, vertex 600190.557001 m, -70.273 mm above the ground
[RockPrecisionFixDiag]   rock 'Kerbin Zn3010000130' 'Grass00' #7 vertex 3: ground 600190.618841 m, vertex 600190.557339 m, -61.503 mm above the ground
[RockPrecisionFixDiag]   rock 'Kerbin Zn3010000130' 'Grass00' #7 vertex 4: ground 600190.627266 m, vertex 600189.540378 m, -1086.888 mm above the ground
[RockPrecisionFixDiag]   rock 'Kerbin Zn3010000130' 'Grass00' #7 vertex 5: ground 600190.618845 m, vertex 600189.540728 m, -1078.117 mm above the ground
[RockPrecisionFixDiag]   rock 'Kerbin Zn3010000130' 'Grass00' #7 vertex 6: ground 600190.627274 m, vertex 600190.557001 m, -70.273 mm above the ground
[RockPrecisionFixDiag]   rock 'Kerbin Zn3010000130' 'Grass00' #7 vertex 7: ground 600190.618841 m, vertex 600190.557339 m, -61.503 mm above the ground
[RockPrecisionFixDiag]   rock 'Kerbin Zn3010000130' 'Grass00' #8 vertex 0: ground 600196.443715 m, vertex 600196.162309 m, -281.406 mm above the ground
[RockPrecisionFixDiag]   rock 'Kerbin Zn3010000130' 'Grass00' #8 vertex 1: ground 600196.368213 m, vertex 600196.162067 m, -206.146 mm above the ground
[RockPrecisionFixDiag]   rock 'Kerbin Zn3010000130' 'Grass00' #8 vertex 2: ground 600196.443662 m, vertex 600197.592243 m, +1148.580 mm above the ground
[RockPrecisionFixDiag]   rock 'Kerbin Zn3010000130' 'Grass00' #8 vertex 3: ground 600196.368154 m, vertex 600197.592001 m, +1223.847 mm above the ground
[RockPrecisionFixDiag]   rock 'Kerbin Zn3010000130' 'Grass00' #8 vertex 4: ground 600196.443715 m, vertex 600196.162309 m, -281.406 mm above the ground
[RockPrecisionFixDiag]   rock 'Kerbin Zn3010000130' 'Grass00' #8 vertex 5: ground 600196.368213 m, vertex 600196.162067 m, -206.146 mm above the ground
[RockPrecisionFixDiag]   rock 'Kerbin Zn3010000130' 'Grass00' #8 vertex 6: ground 600196.443662 m, vertex 600197.592243 m, +1148.580 mm above the ground
[RockPrecisionFixDiag]   rock 'Kerbin Zn3010000130' 'Grass00' #8 vertex 7: ground 600196.368154 m, vertex 600197.592001 m, +1223.847 mm above the ground
[RockPrecisionFixDiag]   rock 'Kerbin Zn3010000130' 'Grass00' #9 vertex 0: ground 600202.460519 m, vertex 600202.180071 m, -280.449 mm above the ground
[RockPrecisionFixDiag]   rock 'Kerbin Zn3010000130' 'Grass00' #9 vertex 1: ground 600202.364874 m, vertex 600202.179351 m, -185.523 mm above the ground
[RockPrecisionFixDiag]   rock 'Kerbin Zn3010000130' 'Grass00' #9 vertex 2: ground 600202.460492 m, vertex 600204.043695 m, +1583.203 mm above the ground
[RockPrecisionFixDiag]   rock 'Kerbin Zn3010000130' 'Grass00' #9 vertex 3: ground 600202.364884 m, vertex 600204.042957 m, +1678.073 mm above the ground
[RockPrecisionFixDiag]   rock 'Kerbin Zn3010000130' 'Grass00' #9 vertex 4: ground 600202.460519 m, vertex 600202.180071 m, -280.449 mm above the ground
[RockPrecisionFixDiag]   rock 'Kerbin Zn3010000130' 'Grass00' #9 vertex 5: ground 600202.364874 m, vertex 600202.179351 m, -185.523 mm above the ground
[RockPrecisionFixDiag]   rock 'Kerbin Zn3010000130' 'Grass00' #9 vertex 6: ground 600202.460492 m, vertex 600204.043695 m, +1583.203 mm above the ground
[RockPrecisionFixDiag]   rock 'Kerbin Zn3010000130' 'Grass00' #9 vertex 7: ground 600202.364884 m, vertex 600204.042957 m, +1678.073 mm above the ground
[RockPrecisionFixDiag]   rock 'Kerbin Zn3010000130' 'Grass00' #10 vertex 0: ground 600187.188725 m, vertex 600187.183385 m, -5.339 mm above the ground
[RockPrecisionFixDiag]   rock 'Kerbin Zn3010000130' 'Grass00' #10 vertex 1: ground 600187.153427 m, vertex 600187.183243 m, +29.817 mm above the ground
[RockPrecisionFixDiag]   rock 'Kerbin Zn3010000130' 'Grass00' #10 vertex 2: ground 600187.188712 m, vertex 600188.786716 m, +1598.004 mm above the ground
[RockPrecisionFixDiag]   rock 'Kerbin Zn3010000130' 'Grass00' #10 vertex 3: ground 600187.153414 m, vertex 600188.786574 m, +1633.161 mm above the ground
[RockPrecisionFixDiag]   rock 'Kerbin Zn3010000130' 'Grass00' #10 vertex 4: ground 600187.188725 m, vertex 600187.183385 m, -5.339 mm above the ground
[RockPrecisionFixDiag]   rock 'Kerbin Zn3010000130' 'Grass00' #10 vertex 5: ground 600187.153427 m, vertex 600187.183243 m, +29.817 mm above the ground
[RockPrecisionFixDiag]   rock 'Kerbin Zn3010000130' 'Grass00' #10 vertex 6: ground 600187.188712 m, vertex 600188.786716 m, +1598.004 mm above the ground
[RockPrecisionFixDiag]   rock 'Kerbin Zn3010000130' 'Grass00' #10 vertex 7: ground 600187.153414 m, vertex 600188.786574 m, +1633.161 mm above the ground
[RockPrecisionFixDiag]   rock 'Kerbin Zn3010000130' 'Grass00' #11 vertex 0: ground 600191.839494 m, vertex 600191.558667 m, -280.827 mm above the ground
[RockPrecisionFixDiag]   rock 'Kerbin Zn3010000130' 'Grass00' #11 vertex 1: ground 600191.756353 m, vertex 600191.559171 m, -197.182 mm above the ground
[RockPrecisionFixDiag]   rock 'Kerbin Zn3010000130' 'Grass00' #11 vertex 2: ground 600191.839532 m, vertex 600192.663623 m, +824.091 mm above the ground
[RockPrecisionFixDiag]   rock 'Kerbin Zn3010000130' 'Grass00' #11 vertex 3: ground 600191.756400 m, vertex 600192.664136 m, +907.736 mm above the ground
[RockPrecisionFixDiag]   rock 'Kerbin Zn3010000130' 'Grass00' #11 vertex 4: ground 600191.839494 m, vertex 600191.558667 m, -280.827 mm above the ground
[RockPrecisionFixDiag]   rock 'Kerbin Zn3010000130' 'Grass00' #11 vertex 5: ground 600191.756353 m, vertex 600191.559171 m, -197.182 mm above the ground
[RockPrecisionFixDiag]   rock 'Kerbin Zn3010000130' 'Grass00' #11 vertex 6: ground 600191.839532 m, vertex 600192.663623 m, +824.091 mm above the ground
[RockPrecisionFixDiag]   rock 'Kerbin Zn3010000130' 'Grass00' #11 vertex 7: ground 600191.756400 m, vertex 600192.664136 m, +907.736 mm above the ground
[RockPrecisionFixDiag]   rock 'Kerbin Zn3010000130' 'Grass00' #12 vertex 0: ground 600186.701670 m, vertex 600186.420136 m, -281.534 mm above the ground
[RockPrecisionFixDiag]   rock 'Kerbin Zn3010000130' 'Grass00' #12 vertex 1: ground 600186.750002 m, vertex 600186.421110 m, -328.893 mm above the ground
[RockPrecisionFixDiag]   rock 'Kerbin Zn3010000130' 'Grass00' #12 vertex 2: ground 600186.701659 m, vertex 600188.270554 m, +1568.895 mm above the ground
[RockPrecisionFixDiag]   rock 'Kerbin Zn3010000130' 'Grass00' #12 vertex 3: ground 600186.749968 m, vertex 600188.271549 m, +1521.580 mm above the ground
[RockPrecisionFixDiag]   rock 'Kerbin Zn3010000130' 'Grass00' #12 vertex 4: ground 600186.701670 m, vertex 600186.420136 m, -281.534 mm above the ground
[RockPrecisionFixDiag]   rock 'Kerbin Zn3010000130' 'Grass00' #12 vertex 5: ground 600186.750002 m, vertex 600186.421110 m, -328.893 mm above the ground
[RockPrecisionFixDiag]   rock 'Kerbin Zn3010000130' 'Grass00' #12 vertex 6: ground 600186.701659 m, vertex 600188.270554 m, +1568.895 mm above the ground
[RockPrecisionFixDiag]   rock 'Kerbin Zn3010000130' 'Grass00' #12 vertex 7: ground 600186.749968 m, vertex 600188.271549 m, +1521.580 mm above the ground
[RockPrecisionFixDiag]   rock 'Kerbin Zn3010000130' 'Grass00' #13 vertex 0: ground 600187.096597 m, vertex 600186.814296 m, -282.301 mm above the ground
[RockPrecisionFixDiag]   rock 'Kerbin Zn3010000130' 'Grass00' #13 vertex 1: ground 600187.057664 m, vertex 600186.814160 m, -243.504 mm above the ground
[RockPrecisionFixDiag]   rock 'Kerbin Zn3010000130' 'Grass00' #13 vertex 2: ground 600187.096608 m, vertex 600188.424608 m, +1327.999 mm above the ground
[RockPrecisionFixDiag]   rock 'Kerbin Zn3010000130' 'Grass00' #13 vertex 3: ground 600187.057674 m, vertex 600188.424470 m, +1366.796 mm above the ground
[RockPrecisionFixDiag]   rock 'Kerbin Zn3010000130' 'Grass00' #13 vertex 4: ground 600187.096597 m, vertex 600186.814296 m, -282.301 mm above the ground
[RockPrecisionFixDiag]   rock 'Kerbin Zn3010000130' 'Grass00' #13 vertex 5: ground 600187.057664 m, vertex 600186.814160 m, -243.504 mm above the ground
[RockPrecisionFixDiag]   rock 'Kerbin Zn3010000130' 'Grass00' #13 vertex 6: ground 600187.096608 m, vertex 600188.424608 m, +1327.999 mm above the ground
[RockPrecisionFixDiag]   rock 'Kerbin Zn3010000130' 'Grass00' #13 vertex 7: ground 600187.057674 m, vertex 600188.424470 m, +1366.796 mm above the ground
[RockPrecisionFixDiag]   rock 'Kerbin Zn3010000130' 'Grass00' #14 vertex 0: ground 600193.576980 m, vertex 600193.049102 m, -527.878 mm above the ground
[RockPrecisionFixDiag]   rock 'Kerbin Zn3010000130' 'Grass00' #14 vertex 1: ground 600193.668478 m, vertex 600193.049095 m, -619.383 mm above the ground
[RockPrecisionFixDiag]   rock 'Kerbin Zn3010000130' 'Grass00' #14 vertex 2: ground 600193.576935 m, vertex 600194.650585 m, +1073.651 mm above the ground
[RockPrecisionFixDiag]   rock 'Kerbin Zn3010000130' 'Grass00' #14 vertex 3: ground 600193.668432 m, vertex 600194.650578 m, +982.146 mm above the ground
[RockPrecisionFixDiag]   rock 'Kerbin Zn3010000130' 'Grass00' #14 vertex 4: ground 600193.576980 m, vertex 600193.049102 m, -527.878 mm above the ground
[RockPrecisionFixDiag]   rock 'Kerbin Zn3010000130' 'Grass00' #14 vertex 5: ground 600193.668478 m, vertex 600193.049095 m, -619.383 mm above the ground
[RockPrecisionFixDiag]   rock 'Kerbin Zn3010000130' 'Grass00' #14 vertex 6: ground 600193.576935 m, vertex 600194.650585 m, +1073.651 mm above the ground
[RockPrecisionFixDiag]   rock 'Kerbin Zn3010000130' 'Grass00' #14 vertex 7: ground 600193.668432 m, vertex 600194.650578 m, +982.146 mm above the ground
[RockPrecisionFixDiag]   rock 'Kerbin Zn3010000130' 'Grass00' #15 vertex 0: ground 600195.814295 m, vertex 600195.532154 m, -282.141 mm above the ground
[RockPrecisionFixDiag]   rock 'Kerbin Zn3010000130' 'Grass00' #15 vertex 1: ground 600195.857403 m, vertex 600195.530783 m, -326.620 mm above the ground
[RockPrecisionFixDiag]   rock 'Kerbin Zn3010000130' 'Grass00' #15 vertex 2: ground 600195.814308 m, vertex 600197.269022 m, +1454.715 mm above the ground
[RockPrecisionFixDiag]   rock 'Kerbin Zn3010000130' 'Grass00' #15 vertex 3: ground 600195.857451 m, vertex 600197.267664 m, +1410.213 mm above the ground
[RockPrecisionFixDiag]   rock 'Kerbin Zn3010000130' 'Grass00' #15 vertex 4: ground 600195.814295 m, vertex 600195.532154 m, -282.141 mm above the ground
[RockPrecisionFixDiag]   rock 'Kerbin Zn3010000130' 'Grass00' #15 vertex 5: ground 600195.857403 m, vertex 600195.530783 m, -326.620 mm above the ground
[RockPrecisionFixDiag]   rock 'Kerbin Zn3010000130' 'Grass00' #15 vertex 6: ground 600195.814308 m, vertex 600197.269022 m, +1454.715 mm above the ground
[RockPrecisionFixDiag]   rock 'Kerbin Zn3010000130' 'Grass00' #15 vertex 7: ground 600195.857451 m, vertex 600197.267664 m, +1410.213 mm above the ground
[RockPrecisionFixDiag]   rock 'Kerbin Zn3010000130' 'Grass00' #16 vertex 0: ground 600204.233651 m, vertex 600203.951882 m, -281.769 mm above the ground
[RockPrecisionFixDiag]   rock 'Kerbin Zn3010000130' 'Grass00' #16 vertex 1: ground 600204.261502 m, vertex 600203.951382 m, -310.120 mm above the ground
[RockPrecisionFixDiag]   rock 'Kerbin Zn3010000130' 'Grass00' #16 vertex 2: ground 600204.233688 m, vertex 600205.404633 m, +1170.945 mm above the ground
[RockPrecisionFixDiag]   rock 'Kerbin Zn3010000130' 'Grass00' #16 vertex 3: ground 600204.261517 m, vertex 600205.404145 m, +1142.627 mm above the ground
[RockPrecisionFixDiag]   rock 'Kerbin Zn3010000130' 'Grass00' #16 vertex 4: ground 600204.233651 m, vertex 600203.951882 m, -281.769 mm above the ground
[RockPrecisionFixDiag]   rock 'Kerbin Zn3010000130' 'Grass00' #16 vertex 5: ground 600204.261502 m, vertex 600203.951382 m, -310.120 mm above the ground
[RockPrecisionFixDiag]   rock 'Kerbin Zn3010000130' 'Grass00' #16 vertex 6: ground 600204.233688 m, vertex 600205.404633 m, +1170.945 mm above the ground
[RockPrecisionFixDiag]   rock 'Kerbin Zn3010000130' 'Grass00' #16 vertex 7: ground 600204.261517 m, vertex 600205.404145 m, +1142.627 mm above the ground
[RockPrecisionFixDiag]   rock 'Kerbin Zn3010000130' 'Grass00' #17 vertex 0: ground 600197.575874 m, vertex 600197.293733 m, -282.141 mm above the ground
[RockPrecisionFixDiag]   rock 'Kerbin Zn3010000130' 'Grass00' #17 vertex 1: ground 600197.572829 m, vertex 600197.292154 m, -280.676 mm above the ground
[RockPrecisionFixDiag]   rock 'Kerbin Zn3010000130' 'Grass00' #17 vertex 2: ground 600197.575925 m, vertex 600198.994051 m, +1418.125 mm above the ground
[RockPrecisionFixDiag]   rock 'Kerbin Zn3010000130' 'Grass00' #17 vertex 3: ground 600197.572831 m, vertex 600198.992446 m, +1419.615 mm above the ground
[RockPrecisionFixDiag]   rock 'Kerbin Zn3010000130' 'Grass00' #17 vertex 4: ground 600197.575874 m, vertex 600197.293733 m, -282.141 mm above the ground
[RockPrecisionFixDiag]   rock 'Kerbin Zn3010000130' 'Grass00' #17 vertex 5: ground 600197.572829 m, vertex 600197.292154 m, -280.676 mm above the ground
[RockPrecisionFixDiag]   rock 'Kerbin Zn3010000130' 'Grass00' #17 vertex 6: ground 600197.575925 m, vertex 600198.994051 m, +1418.125 mm above the ground
[RockPrecisionFixDiag]   rock 'Kerbin Zn3010000130' 'Grass00' #17 vertex 7: ground 600197.572831 m, vertex 600198.992446 m, +1419.615 mm above the ground
[RockPrecisionFixDiag]   rock 'Kerbin Zn3010000130' 'Grass00' #18 vertex 0: ground 600192.417386 m, vertex 600193.120046 m, +702.661 mm above the ground
[RockPrecisionFixDiag]   rock 'Kerbin Zn3010000130' 'Grass00' #18 vertex 1: ground 600192.359681 m, vertex 600193.120509 m, +760.828 mm above the ground
[RockPrecisionFixDiag]   rock 'Kerbin Zn3010000130' 'Grass00' #18 vertex 2: ground 600192.417473 m, vertex 600194.610742 m, +2193.269 mm above the ground
[RockPrecisionFixDiag]   rock 'Kerbin Zn3010000130' 'Grass00' #18 vertex 3: ground 600192.359747 m, vertex 600194.611214 m, +2251.467 mm above the ground
[RockPrecisionFixDiag]   rock 'Kerbin Zn3010000130' 'Grass00' #18 vertex 4: ground 600192.417386 m, vertex 600193.120046 m, +702.661 mm above the ground
[RockPrecisionFixDiag]   rock 'Kerbin Zn3010000130' 'Grass00' #18 vertex 5: ground 600192.359681 m, vertex 600193.120509 m, +760.828 mm above the ground
[RockPrecisionFixDiag]   rock 'Kerbin Zn3010000130' 'Grass00' #18 vertex 6: ground 600192.417473 m, vertex 600194.610742 m, +2193.269 mm above the ground
[RockPrecisionFixDiag]   rock 'Kerbin Zn3010000130' 'Grass00' #18 vertex 7: ground 600192.359747 m, vertex 600194.611214 m, +2251.467 mm above the ground
[RockPrecisionFixDiag]   rock 'Kerbin Zn3010000130' 'Grass00' #19 vertex 0: ground 600205.228731 m, vertex 600204.697025 m, -531.707 mm above the ground
[RockPrecisionFixDiag]   rock 'Kerbin Zn3010000130' 'Grass00' #19 vertex 1: ground 600205.140803 m, vertex 600204.697498 m, -443.305 mm above the ground
[RockPrecisionFixDiag]   rock 'Kerbin Zn3010000130' 'Grass00' #19 vertex 2: ground 600205.228815 m, vertex 600206.009168 m, +780.353 mm above the ground
[RockPrecisionFixDiag]   rock 'Kerbin Zn3010000130' 'Grass00' #19 vertex 3: ground 600205.140875 m, vertex 600206.009638 m, +868.763 mm above the ground
[RockPrecisionFixDiag]   rock 'Kerbin Zn3010000130' 'Grass00' #19 vertex 4: ground 600205.228731 m, vertex 600204.697025 m, -531.707 mm above the ground
[RockPrecisionFixDiag]   rock 'Kerbin Zn3010000130' 'Grass00' #19 vertex 5: ground 600205.140803 m, vertex 600204.697498 m, -443.305 mm above the ground
[RockPrecisionFixDiag]   rock 'Kerbin Zn3010000130' 'Grass00' #19 vertex 6: ground 600205.228815 m, vertex 600206.009168 m, +780.353 mm above the ground
[RockPrecisionFixDiag]   rock 'Kerbin Zn3010000130' 'Grass00' #19 vertex 7: ground 600205.140875 m, vertex 600206.009638 m, +868.763 mm above the ground
[RockPrecisionFixDiag]   rock 'Kerbin Zn3010000130' 'Grass00' #20 vertex 0: ground 600201.921622 m, vertex 600201.638852 m, -282.769 mm above the ground
[RockPrecisionFixDiag]   rock 'Kerbin Zn3010000130' 'Grass00' #20 vertex 1: ground 600201.938850 m, vertex 600201.639719 m, -299.131 mm above the ground
[RockPrecisionFixDiag]   rock 'Kerbin Zn3010000130' 'Grass00' #20 vertex 2: ground 600201.921601 m, vertex 600202.728621 m, +807.021 mm above the ground
[RockPrecisionFixDiag]   rock 'Kerbin Zn3010000130' 'Grass00' #20 vertex 3: ground 600201.938829 m, vertex 600202.729506 m, +790.677 mm above the ground
[RockPrecisionFixDiag]   rock 'Kerbin Zn3010000130' 'Grass00' #20 vertex 4: ground 600201.921622 m, vertex 600201.638852 m, -282.769 mm above the ground
[RockPrecisionFixDiag]   rock 'Kerbin Zn3010000130' 'Grass00' #20 vertex 5: ground 600201.938850 m, vertex 600201.639719 m, -299.131 mm above the ground
[RockPrecisionFixDiag]   rock 'Kerbin Zn3010000130' 'Grass00' #20 vertex 6: ground 600201.921601 m, vertex 600202.728621 m, +807.021 mm above the ground
[RockPrecisionFixDiag]   rock 'Kerbin Zn3010000130' 'Grass00' #20 vertex 7: ground 600201.938829 m, vertex 600202.729506 m, +790.677 mm above the ground
[RockPrecisionFixDiag]   rock 'Kerbin Zn3010000130' 'Grass00' #21 vertex 0: ground 600192.748116 m, vertex 600193.286590 m, +538.475 mm above the ground
[RockPrecisionFixDiag]   rock 'Kerbin Zn3010000130' 'Grass00' #21 vertex 1: ground 600192.738638 m, vertex 600193.286873 m, +548.234 mm above the ground
[RockPrecisionFixDiag]   rock 'Kerbin Zn3010000130' 'Grass00' #21 vertex 2: ground 600192.748147 m, vertex 600194.735495 m, +1987.348 mm above the ground
[RockPrecisionFixDiag]   rock 'Kerbin Zn3010000130' 'Grass00' #21 vertex 3: ground 600192.738657 m, vertex 600194.735783 m, +1997.126 mm above the ground
[RockPrecisionFixDiag]   rock 'Kerbin Zn3010000130' 'Grass00' #21 vertex 4: ground 600192.748116 m, vertex 600193.286590 m, +538.475 mm above the ground
[RockPrecisionFixDiag]   rock 'Kerbin Zn3010000130' 'Grass00' #21 vertex 5: ground 600192.738638 m, vertex 600193.286873 m, +548.234 mm above the ground
[RockPrecisionFixDiag]   rock 'Kerbin Zn3010000130' 'Grass00' #21 vertex 6: ground 600192.748147 m, vertex 600194.735495 m, +1987.348 mm above the ground
[RockPrecisionFixDiag]   rock 'Kerbin Zn3010000130' 'Grass00' #21 vertex 7: ground 600192.738657 m, vertex 600194.735783 m, +1997.126 mm above the ground
[RockPrecisionFixDiag]   rock 'Kerbin Zn3010000130' 'Grass00' #22 vertex 0: ground 600191.691961 m, vertex 600191.409671 m, -282.290 mm above the ground
[RockPrecisionFixDiag]   rock 'Kerbin Zn3010000130' 'Grass00' #22 vertex 1: ground 600191.739725 m, vertex 600191.408983 m, -330.742 mm above the ground
[RockPrecisionFixDiag]   rock 'Kerbin Zn3010000130' 'Grass00' #22 vertex 2: ground 600191.692005 m, vertex 600192.818084 m, +1126.079 mm above the ground
[RockPrecisionFixDiag]   rock 'Kerbin Zn3010000130' 'Grass00' #22 vertex 3: ground 600191.739747 m, vertex 600192.817387 m, +1077.640 mm above the ground
[RockPrecisionFixDiag]   rock 'Kerbin Zn3010000130' 'Grass00' #22 vertex 4: ground 600191.691961 m, vertex 600191.409671 m, -282.290 mm above the ground
[RockPrecisionFixDiag]   rock 'Kerbin Zn3010000130' 'Grass00' #22 vertex 5: ground 600191.739725 m, vertex 600191.408983 m, -330.742 mm above the ground
[RockPrecisionFixDiag]   rock 'Kerbin Zn3010000130' 'Grass00' #22 vertex 6: ground 600191.692005 m, vertex 600192.818084 m, +1126.079 mm above the ground
[RockPrecisionFixDiag]   rock 'Kerbin Zn3010000130' 'Grass00' #22 vertex 7: ground 600191.739747 m, vertex 600192.817387 m, +1077.640 mm above the ground
[RockPrecisionFixDiag]   rock 'Kerbin Zn3010000130' 'Grass00' #23 vertex 0: ground 600188.497169 m, vertex 600189.784608 m, +1287.439 mm above the ground
[RockPrecisionFixDiag]   rock 'Kerbin Zn3010000130' 'Grass00' #23 vertex 1: ground 600188.457977 m, vertex 600189.784103 m, +1326.126 mm above the ground
[RockPrecisionFixDiag]   rock 'Kerbin Zn3010000130' 'Grass00' #23 vertex 2: ground 600188.497139 m, vertex 600190.891638 m, +2394.499 mm above the ground
[RockPrecisionFixDiag]   rock 'Kerbin Zn3010000130' 'Grass00' #23 vertex 3: ground 600188.457951 m, vertex 600190.891133 m, +2433.182 mm above the ground
[RockPrecisionFixDiag]   rock 'Kerbin Zn3010000130' 'Grass00' #23 vertex 4: ground 600188.497169 m, vertex 600189.784608 m, +1287.439 mm above the ground
[RockPrecisionFixDiag]   rock 'Kerbin Zn3010000130' 'Grass00' #23 vertex 5: ground 600188.457977 m, vertex 600189.784103 m, +1326.126 mm above the ground
[RockPrecisionFixDiag]   rock 'Kerbin Zn3010000130' 'Grass00' #23 vertex 6: ground 600188.497139 m, vertex 600190.891638 m, +2394.499 mm above the ground
[RockPrecisionFixDiag]   rock 'Kerbin Zn3010000130' 'Grass00' #23 vertex 7: ground 600188.457951 m, vertex 600190.891133 m, +2433.182 mm above the ground
[RockPrecisionFixDiag]   rock 'Kerbin Zn3010000130' 'Grass00' #24 vertex 0: ground 600198.778931 m, vertex 600198.270214 m, -508.717 mm above the ground
[RockPrecisionFixDiag]   rock 'Kerbin Zn3010000130' 'Grass00' #24 vertex 1: ground 600198.797406 m, vertex 600198.270072 m, -527.335 mm above the ground
[RockPrecisionFixDiag]   rock 'Kerbin Zn3010000130' 'Grass00' #24 vertex 2: ground 600198.778924 m, vertex 600199.440977 m, +662.052 mm above the ground
[RockPrecisionFixDiag]   rock 'Kerbin Zn3010000130' 'Grass00' #24 vertex 3: ground 600198.797398 m, vertex 600199.440834 m, +643.436 mm above the ground
[RockPrecisionFixDiag]   rock 'Kerbin Zn3010000130' 'Grass00' #24 vertex 4: ground 600198.778931 m, vertex 600198.270214 m, -508.717 mm above the ground
[RockPrecisionFixDiag]   rock 'Kerbin Zn3010000130' 'Grass00' #24 vertex 5: ground 600198.797406 m, vertex 600198.270072 m, -527.335 mm above the ground
[RockPrecisionFixDiag]   rock 'Kerbin Zn3010000130' 'Grass00' #24 vertex 6: ground 600198.778924 m, vertex 600199.440977 m, +662.052 mm above the ground
[RockPrecisionFixDiag]   rock 'Kerbin Zn3010000130' 'Grass00' #24 vertex 7: ground 600198.797398 m, vertex 600199.440834 m, +643.436 mm above the ground
[RockPrecisionFixDiag]   rock 'Kerbin Zn3010000130' 'Grass00' #25 vertex 0: ground 600199.581926 m, vertex 600199.300244 m, -281.681 mm above the ground
[RockPrecisionFixDiag]   rock 'Kerbin Zn3010000130' 'Grass00' #25 vertex 1: ground 600199.594027 m, vertex 600199.299401 m, -294.627 mm above the ground
[RockPrecisionFixDiag]   rock 'Kerbin Zn3010000130' 'Grass00' #25 vertex 2: ground 600199.581939 m, vertex 600200.461693 m, +879.755 mm above the ground
[RockPrecisionFixDiag]   rock 'Kerbin Zn3010000130' 'Grass00' #25 vertex 3: ground 600199.594019 m, vertex 600200.460900 m, +866.880 mm above the ground
[RockPrecisionFixDiag]   rock 'Kerbin Zn3010000130' 'Grass00' #25 vertex 4: ground 600199.581926 m, vertex 600199.300244 m, -281.681 mm above the ground
[RockPrecisionFixDiag]   rock 'Kerbin Zn3010000130' 'Grass00' #25 vertex 5: ground 600199.594027 m, vertex 600199.299401 m, -294.627 mm above the ground
[RockPrecisionFixDiag]   rock 'Kerbin Zn3010000130' 'Grass00' #25 vertex 6: ground 600199.581939 m, vertex 600200.461693 m, +879.755 mm above the ground
[RockPrecisionFixDiag]   rock 'Kerbin Zn3010000130' 'Grass00' #25 vertex 7: ground 600199.594019 m, vertex 600200.460900 m, +866.880 mm above the ground
[RockPrecisionFixDiag]   rock 'Kerbin Zn3010000130' 'Grass00' #26 vertex 0: ground 600189.666553 m, vertex 600189.385710 m, -280.843 mm above the ground
[RockPrecisionFixDiag]   rock 'Kerbin Zn3010000130' 'Grass00' #26 vertex 1: ground 600189.679291 m, vertex 600189.386067 m, -293.224 mm above the ground
[RockPrecisionFixDiag]   rock 'Kerbin Zn3010000130' 'Grass00' #26 vertex 2: ground 600189.666552 m, vertex 600191.273522 m, +1606.970 mm above the ground
[RockPrecisionFixDiag]   rock 'Kerbin Zn3010000130' 'Grass00' #26 vertex 3: ground 600189.679285 m, vertex 600191.273876 m, +1594.591 mm above the ground
[RockPrecisionFixDiag]   rock 'Kerbin Zn3010000130' 'Grass00' #26 vertex 4: ground 600189.666553 m, vertex 600189.385710 m, -280.843 mm above the ground
[RockPrecisionFixDiag]   rock 'Kerbin Zn3010000130' 'Grass00' #26 vertex 5: ground 600189.679291 m, vertex 600189.386067 m, -293.224 mm above the ground
[RockPrecisionFixDiag]   rock 'Kerbin Zn3010000130' 'Grass00' #26 vertex 6: ground 600189.666552 m, vertex 600191.273522 m, +1606.970 mm above the ground
[RockPrecisionFixDiag]   rock 'Kerbin Zn3010000130' 'Grass00' #26 vertex 7: ground 600189.679285 m, vertex 600191.273876 m, +1594.591 mm above the ground
[RockPrecisionFixDiag]   rock 'Kerbin Zn3010000130' 'Grass00' #27 vertex 0: ground 600199.783781 m, vertex 600199.501059 m, -282.722 mm above the ground
[RockPrecisionFixDiag]   rock 'Kerbin Zn3010000130' 'Grass00' #27 vertex 1: ground 600199.867391 m, vertex 600199.500385 m, -367.007 mm above the ground
[RockPrecisionFixDiag]   rock 'Kerbin Zn3010000130' 'Grass00' #27 vertex 2: ground 600199.783831 m, vertex 600201.314197 m, +1530.366 mm above the ground
[RockPrecisionFixDiag]   rock 'Kerbin Zn3010000130' 'Grass00' #27 vertex 3: ground 600199.867438 m, vertex 600201.313528 m, +1446.090 mm above the ground
[RockPrecisionFixDiag]   rock 'Kerbin Zn3010000130' 'Grass00' #27 vertex 4: ground 600199.783781 m, vertex 600199.501059 m, -282.722 mm above the ground
[RockPrecisionFixDiag]   rock 'Kerbin Zn3010000130' 'Grass00' #27 vertex 5: ground 600199.867391 m, vertex 600199.500385 m, -367.007 mm above the ground
[RockPrecisionFixDiag]   rock 'Kerbin Zn3010000130' 'Grass00' #27 vertex 6: ground 600199.783831 m, vertex 600201.314197 m, +1530.366 mm above the ground
[RockPrecisionFixDiag]   rock 'Kerbin Zn3010000130' 'Grass00' #27 vertex 7: ground 600199.867438 m, vertex 600201.313528 m, +1446.090 mm above the ground
[RockPrecisionFixDiag]   rock 'Kerbin Zn3010000130' 'Grass00' #28 vertex 0: ground 600199.349239 m, vertex 600199.068400 m, -280.839 mm above the ground
[RockPrecisionFixDiag]   rock 'Kerbin Zn3010000130' 'Grass00' #28 vertex 1: ground 600199.398855 m, vertex 600199.068513 m, -330.342 mm above the ground
[RockPrecisionFixDiag]   rock 'Kerbin Zn3010000130' 'Grass00' #28 vertex 2: ground 600199.349297 m, vertex 600200.959693 m, +1610.396 mm above the ground
[RockPrecisionFixDiag]   rock 'Kerbin Zn3010000130' 'Grass00' #28 vertex 3: ground 600199.398912 m, vertex 600200.959799 m, +1560.886 mm above the ground
[RockPrecisionFixDiag]   rock 'Kerbin Zn3010000130' 'Grass00' #28 vertex 4: ground 600199.349239 m, vertex 600199.068400 m, -280.839 mm above the ground
[RockPrecisionFixDiag]   rock 'Kerbin Zn3010000130' 'Grass00' #28 vertex 5: ground 600199.398855 m, vertex 600199.068513 m, -330.342 mm above the ground
[RockPrecisionFixDiag]   rock 'Kerbin Zn3010000130' 'Grass00' #28 vertex 6: ground 600199.349297 m, vertex 600200.959693 m, +1610.396 mm above the ground
[RockPrecisionFixDiag]   rock 'Kerbin Zn3010000130' 'Grass00' #28 vertex 7: ground 600199.398912 m, vertex 600200.959799 m, +1560.886 mm above the ground
[RockPrecisionFixDiag]   rock 'Kerbin Zn3010000130' 'Grass00' #29 vertex 0: ground 600192.381241 m, vertex 600192.100485 m, -280.756 mm above the ground
[RockPrecisionFixDiag]   rock 'Kerbin Zn3010000130' 'Grass00' #29 vertex 1: ground 600192.340836 m, vertex 600192.100759 m, -240.077 mm above the ground
[RockPrecisionFixDiag]   rock 'Kerbin Zn3010000130' 'Grass00' #29 vertex 2: ground 600192.381279 m, vertex 600193.621789 m, +1240.510 mm above the ground
[RockPrecisionFixDiag]   rock 'Kerbin Zn3010000130' 'Grass00' #29 vertex 3: ground 600192.340847 m, vertex 600193.622064 m, +1281.218 mm above the ground
[RockPrecisionFixDiag]   rock 'Kerbin Zn3010000130' 'Grass00' #29 vertex 4: ground 600192.381241 m, vertex 600192.100485 m, -280.756 mm above the ground
[RockPrecisionFixDiag]   rock 'Kerbin Zn3010000130' 'Grass00' #29 vertex 5: ground 600192.340836 m, vertex 600192.100759 m, -240.077 mm above the ground
[RockPrecisionFixDiag]   rock 'Kerbin Zn3010000130' 'Grass00' #29 vertex 6: ground 600192.381279 m, vertex 600193.621789 m, +1240.510 mm above the ground
[RockPrecisionFixDiag]   rock 'Kerbin Zn3010000130' 'Grass00' #29 vertex 7: ground 600192.340847 m, vertex 600193.622064 m, +1281.218 mm above the ground
[RockPrecisionFixDiag]   rock 'Kerbin Zn3010000130' 'Grass00' #30 vertex 0: ground 600191.295938 m, vertex 600191.013497 m, -282.440 mm above the ground
[RockPrecisionFixDiag]   rock 'Kerbin Zn3010000130' 'Grass00' #30 vertex 1: ground 600191.261469 m, vertex 600191.013827 m, -247.642 mm above the ground
[RockPrecisionFixDiag]   rock 'Kerbin Zn3010000130' 'Grass00' #30 vertex 2: ground 600191.295967 m, vertex 600192.242616 m, +946.648 mm above the ground
[RockPrecisionFixDiag]   rock 'Kerbin Zn3010000130' 'Grass00' #30 vertex 3: ground 600191.261496 m, vertex 600192.242951 m, +981.456 mm above the ground
[RockPrecisionFixDiag]   rock 'Kerbin Zn3010000130' 'Grass00' #30 vertex 4: ground 600191.295938 m, vertex 600191.013497 m, -282.440 mm above the ground
[RockPrecisionFixDiag]   rock 'Kerbin Zn3010000130' 'Grass00' #30 vertex 5: ground 600191.261469 m, vertex 600191.013827 m, -247.642 mm above the ground
[RockPrecisionFixDiag]   rock 'Kerbin Zn3010000130' 'Grass00' #30 vertex 6: ground 600191.295967 m, vertex 600192.242616 m, +946.648 mm above the ground
[RockPrecisionFixDiag]   rock 'Kerbin Zn3010000130' 'Grass00' #30 vertex 7: ground 600191.261496 m, vertex 600192.242951 m, +981.456 mm above the ground
[RockPrecisionFixDiag]   rock 'Kerbin Zn3010000130' 'Grass00' #31 vertex 0: ground 600200.971276 m, vertex 600200.688621 m, -282.654 mm above the ground
[RockPrecisionFixDiag]   rock 'Kerbin Zn3010000130' 'Grass00' #31 vertex 1: ground 600201.046349 m, vertex 600200.687854 m, -358.495 mm above the ground
[RockPrecisionFixDiag]   rock 'Kerbin Zn3010000130' 'Grass00' #31 vertex 2: ground 600200.971320 m, vertex 600202.444825 m, +1473.505 mm above the ground
[RockPrecisionFixDiag]   rock 'Kerbin Zn3010000130' 'Grass00' #31 vertex 3: ground 600201.046406 m, vertex 600202.444057 m, +1397.651 mm above the ground
[RockPrecisionFixDiag]   rock 'Kerbin Zn3010000130' 'Grass00' #31 vertex 4: ground 600200.971276 m, vertex 600200.688621 m, -282.654 mm above the ground
[RockPrecisionFixDiag]   rock 'Kerbin Zn3010000130' 'Grass00' #31 vertex 5: ground 600201.046349 m, vertex 600200.687854 m, -358.495 mm above the ground
[RockPrecisionFixDiag]   rock 'Kerbin Zn3010000130' 'Grass00' #31 vertex 6: ground 600200.971320 m, vertex 600202.444825 m, +1473.505 mm above the ground
[RockPrecisionFixDiag]   rock 'Kerbin Zn3010000130' 'Grass00' #31 vertex 7: ground 600201.046406 m, vertex 600202.444057 m, +1397.651 mm above the ground
[RockPrecisionFixDiag]   rock 'Kerbin Zn3010000130' 'Grass00' #32 vertex 0: ground 600193.659561 m, vertex 600193.376448 m, -283.113 mm above the ground
[RockPrecisionFixDiag]   rock 'Kerbin Zn3010000130' 'Grass00' #32 vertex 1: ground 600193.703099 m, vertex 600193.375167 m, -327.932 mm above the ground
[RockPrecisionFixDiag]   rock 'Kerbin Zn3010000130' 'Grass00' #32 vertex 2: ground 600193.659674 m, vertex 600195.042636 m, +1382.962 mm above the ground
[RockPrecisionFixDiag]   rock 'Kerbin Zn3010000130' 'Grass00' #32 vertex 3: ground 600193.703201 m, vertex 600195.041385 m, +1338.184 mm above the ground
[RockPrecisionFixDiag]   rock 'Kerbin Zn3010000130' 'Grass00' #32 vertex 4: ground 600193.659561 m, vertex 600193.376448 m, -283.113 mm above the ground
[RockPrecisionFixDiag]   rock 'Kerbin Zn3010000130' 'Grass00' #32 vertex 5: ground 600193.703099 m, vertex 600193.375167 m, -327.932 mm above the ground
[RockPrecisionFixDiag]   rock 'Kerbin Zn3010000130' 'Grass00' #32 vertex 6: ground 600193.659674 m, vertex 600195.042636 m, +1382.962 mm above the ground
[RockPrecisionFixDiag]   rock 'Kerbin Zn3010000130' 'Grass00' #32 vertex 7: ground 600193.703201 m, vertex 600195.041385 m, +1338.184 mm above the ground
[RockPrecisionFixDiag]   rock 'Kerbin Zn3010000130' 'Grass00' #33 vertex 0: ground 600195.685333 m, vertex 600195.403215 m, -282.118 mm above the ground
[RockPrecisionFixDiag]   rock 'Kerbin Zn3010000130' 'Grass00' #33 vertex 1: ground 600195.666129 m, vertex 600195.401685 m, -264.443 mm above the ground
[RockPrecisionFixDiag]   rock 'Kerbin Zn3010000130' 'Grass00' #33 vertex 2: ground 600195.685294 m, vertex 600197.353679 m, +1668.384 mm above the ground
[RockPrecisionFixDiag]   rock 'Kerbin Zn3010000130' 'Grass00' #33 vertex 3: ground 600195.666078 m, vertex 600197.352132 m, +1686.054 mm above the ground
[RockPrecisionFixDiag]   rock 'Kerbin Zn3010000130' 'Grass00' #33 vertex 4: ground 600195.685333 m, vertex 600195.403215 m, -282.118 mm above the ground
[RockPrecisionFixDiag]   rock 'Kerbin Zn3010000130' 'Grass00' #33 vertex 5: ground 600195.666129 m, vertex 600195.401685 m, -264.443 mm above the ground
[RockPrecisionFixDiag]   rock 'Kerbin Zn3010000130' 'Grass00' #33 vertex 6: ground 600195.685294 m, vertex 600197.353679 m, +1668.384 mm above the ground
[RockPrecisionFixDiag]   rock 'Kerbin Zn3010000130' 'Grass00' #33 vertex 7: ground 600195.666078 m, vertex 600197.352132 m, +1686.054 mm above the ground
[RockPrecisionFixDiag]   rock 'Kerbin Zn3010000130' 'Grass00' #34 vertex 0: ground 600192.193422 m, vertex 600192.358096 m, +164.674 mm above the ground
[RockPrecisionFixDiag]   rock 'Kerbin Zn3010000130' 'Grass00' #34 vertex 1: ground 600192.264960 m, vertex 600192.358575 m, +93.616 mm above the ground
[RockPrecisionFixDiag]   rock 'Kerbin Zn3010000130' 'Grass00' #34 vertex 2: ground 600192.193401 m, vertex 600193.525747 m, +1332.346 mm above the ground
[RockPrecisionFixDiag]   rock 'Kerbin Zn3010000130' 'Grass00' #34 vertex 3: ground 600192.264955 m, vertex 600193.526217 m, +1261.263 mm above the ground
[RockPrecisionFixDiag]   rock 'Kerbin Zn3010000130' 'Grass00' #34 vertex 4: ground 600192.193422 m, vertex 600192.358096 m, +164.674 mm above the ground
[RockPrecisionFixDiag]   rock 'Kerbin Zn3010000130' 'Grass00' #34 vertex 5: ground 600192.264960 m, vertex 600192.358575 m, +93.616 mm above the ground
[RockPrecisionFixDiag]   rock 'Kerbin Zn3010000130' 'Grass00' #34 vertex 6: ground 600192.193401 m, vertex 600193.525747 m, +1332.346 mm above the ground
[RockPrecisionFixDiag]   rock 'Kerbin Zn3010000130' 'Grass00' #34 vertex 7: ground 600192.264955 m, vertex 600193.526217 m, +1261.263 mm above the ground
[RockPrecisionFixDiag]   rock 'Kerbin Zn3010000130' 'Grass00' #35 vertex 0: ground 600191.672342 m, vertex 600191.389698 m, -282.644 mm above the ground
[RockPrecisionFixDiag]   rock 'Kerbin Zn3010000130' 'Grass00' #35 vertex 1: ground 600191.601613 m, vertex 600191.390287 m, -211.326 mm above the ground
[RockPrecisionFixDiag]   rock 'Kerbin Zn3010000130' 'Grass00' #35 vertex 2: ground 600191.672368 m, vertex 600192.977149 m, +1304.781 mm above the ground
[RockPrecisionFixDiag]   rock 'Kerbin Zn3010000130' 'Grass00' #35 vertex 3: ground 600191.601643 m, vertex 600192.977747 m, +1376.105 mm above the ground
[RockPrecisionFixDiag]   rock 'Kerbin Zn3010000130' 'Grass00' #35 vertex 4: ground 600191.672342 m, vertex 600191.389698 m, -282.644 mm above the ground
[RockPrecisionFixDiag]   rock 'Kerbin Zn3010000130' 'Grass00' #35 vertex 5: ground 600191.601613 m, vertex 600191.390287 m, -211.326 mm above the ground
[RockPrecisionFixDiag]   rock 'Kerbin Zn3010000130' 'Grass00' #35 vertex 6: ground 600191.672368 m, vertex 600192.977149 m, +1304.781 mm above the ground
[RockPrecisionFixDiag]   rock 'Kerbin Zn3010000130' 'Grass00' #35 vertex 7: ground 600191.601643 m, vertex 600192.977747 m, +1376.105 mm above the ground
[RockPrecisionFixDiag]   rock 'Kerbin Zn3010000130' 'Grass00' #36 vertex 0: ground 600189.467528 m, vertex 600189.184753 m, -282.775 mm above the ground
[RockPrecisionFixDiag]   rock 'Kerbin Zn3010000130' 'Grass00' #36 vertex 1: ground 600189.511891 m, vertex 600189.185011 m, -326.880 mm above the ground
[RockPrecisionFixDiag]   rock 'Kerbin Zn3010000130' 'Grass00' #36 vertex 2: ground 600189.467534 m, vertex 600190.552150 m, +1084.616 mm above the ground
[RockPrecisionFixDiag]   rock 'Kerbin Zn3010000130' 'Grass00' #36 vertex 3: ground 600189.511893 m, vertex 600190.552408 m, +1040.515 mm above the ground
[RockPrecisionFixDiag]   rock 'Kerbin Zn3010000130' 'Grass00' #36 vertex 4: ground 600189.467528 m, vertex 600189.184753 m, -282.775 mm above the ground
[RockPrecisionFixDiag]   rock 'Kerbin Zn3010000130' 'Grass00' #36 vertex 5: ground 600189.511891 m, vertex 600189.185011 m, -326.880 mm above the ground
[RockPrecisionFixDiag]   rock 'Kerbin Zn3010000130' 'Grass00' #36 vertex 6: ground 600189.467534 m, vertex 600190.552150 m, +1084.616 mm above the ground
[RockPrecisionFixDiag]   rock 'Kerbin Zn3010000130' 'Grass00' #36 vertex 7: ground 600189.511893 m, vertex 600190.552408 m, +1040.515 mm above the ground
[RockPrecisionFixDiag]   rock 'Kerbin Zn3010000130' 'Grass00' #37 vertex 0: ground 600187.614449 m, vertex 600187.334079 m, -280.370 mm above the ground
[RockPrecisionFixDiag]   rock 'Kerbin Zn3010000130' 'Grass00' #37 vertex 1: ground 600187.672972 m, vertex 600187.334141 m, -338.831 mm above the ground
[RockPrecisionFixDiag]   rock 'Kerbin Zn3010000130' 'Grass00' #37 vertex 2: ground 600187.614440 m, vertex 600189.298767 m, +1684.327 mm above the ground
[RockPrecisionFixDiag]   rock 'Kerbin Zn3010000130' 'Grass00' #37 vertex 3: ground 600187.672964 m, vertex 600189.298830 m, +1625.865 mm above the ground
[RockPrecisionFixDiag]   rock 'Kerbin Zn3010000130' 'Grass00' #37 vertex 4: ground 600187.614449 m, vertex 600187.334079 m, -280.370 mm above the ground
[RockPrecisionFixDiag]   rock 'Kerbin Zn3010000130' 'Grass00' #37 vertex 5: ground 600187.672972 m, vertex 600187.334141 m, -338.831 mm above the ground
[RockPrecisionFixDiag]   rock 'Kerbin Zn3010000130' 'Grass00' #37 vertex 6: ground 600187.614440 m, vertex 600189.298767 m, +1684.327 mm above the ground
[RockPrecisionFixDiag]   rock 'Kerbin Zn3010000130' 'Grass00' #37 vertex 7: ground 600187.672964 m, vertex 600189.298830 m, +1625.865 mm above the ground
[RockPrecisionFixDiag]   rock 'Kerbin Zn3010000130' 'Grass00' #38 vertex 0: ground 600203.417032 m, vertex 600203.135722 m, -281.309 mm above the ground
[RockPrecisionFixDiag]   rock 'Kerbin Zn3010000130' 'Grass00' #38 vertex 1: ground 600203.362052 m, vertex 600203.134443 m, -227.609 mm above the ground
[RockPrecisionFixDiag]   rock 'Kerbin Zn3010000130' 'Grass00' #38 vertex 2: ground 600203.416943 m, vertex 600205.018064 m, +1601.120 mm above the ground
[RockPrecisionFixDiag]   rock 'Kerbin Zn3010000130' 'Grass00' #38 vertex 3: ground 600203.361974 m, vertex 600205.016809 m, +1654.835 mm above the ground
[RockPrecisionFixDiag]   rock 'Kerbin Zn3010000130' 'Grass00' #38 vertex 4: ground 600203.417032 m, vertex 600203.135722 m, -281.309 mm above the ground
[RockPrecisionFixDiag]   rock 'Kerbin Zn3010000130' 'Grass00' #38 vertex 5: ground 600203.362052 m, vertex 600203.134443 m, -227.609 mm above the ground
[RockPrecisionFixDiag]   rock 'Kerbin Zn3010000130' 'Grass00' #38 vertex 6: ground 600203.416943 m, vertex 600205.018064 m, +1601.120 mm above the ground
[RockPrecisionFixDiag]   rock 'Kerbin Zn3010000130' 'Grass00' #38 vertex 7: ground 600203.361974 m, vertex 600205.016809 m, +1654.835 mm above the ground
[RockPrecisionFixDiag]   rock 'Kerbin Zn3010000130' 'Grass00' #39 vertex 0: ground 600197.276571 m, vertex 600196.511746 m, -764.825 mm above the ground
[RockPrecisionFixDiag]   rock 'Kerbin Zn3010000130' 'Grass00' #39 vertex 1: ground 600197.169209 m, vertex 600196.511855 m, -657.354 mm above the ground
[RockPrecisionFixDiag]   rock 'Kerbin Zn3010000130' 'Grass00' #39 vertex 2: ground 600197.276611 m, vertex 600198.279960 m, +1003.349 mm above the ground
[RockPrecisionFixDiag]   rock 'Kerbin Zn3010000130' 'Grass00' #39 vertex 3: ground 600197.169262 m, vertex 600198.280068 m, +1110.806 mm above the ground
[RockPrecisionFixDiag]   rock 'Kerbin Zn3010000130' 'Grass00' #39 vertex 4: ground 600197.276571 m, vertex 600196.511746 m, -764.825 mm above the ground
[RockPrecisionFixDiag]   rock 'Kerbin Zn3010000130' 'Grass00' #39 vertex 5: ground 600197.169209 m, vertex 600196.511855 m, -657.354 mm above the ground
[RockPrecisionFixDiag]   rock 'Kerbin Zn3010000130' 'Grass00' #39 vertex 6: ground 600197.276611 m, vertex 600198.279960 m, +1003.349 mm above the ground
[RockPrecisionFixDiag]   rock 'Kerbin Zn3010000130' 'Grass00' #39 vertex 7: ground 600197.169262 m, vertex 600198.280068 m, +1110.806 mm above the ground
[RockPrecisionFixDiag]   rock 'Kerbin Zn3010000130' 'Grass00' #40 vertex 0: ground 600194.789394 m, vertex 600194.600887 m, -188.507 mm above the ground
[RockPrecisionFixDiag]   rock 'Kerbin Zn3010000130' 'Grass00' #40 vertex 1: ground 600194.703765 m, vertex 600194.602001 m, -101.764 mm above the ground
[RockPrecisionFixDiag]   rock 'Kerbin Zn3010000130' 'Grass00' #40 vertex 2: ground 600194.789495 m, vertex 600195.872005 m, +1082.509 mm above the ground
[RockPrecisionFixDiag]   rock 'Kerbin Zn3010000130' 'Grass00' #40 vertex 3: ground 600194.703855 m, vertex 600195.873112 m, +1169.256 mm above the ground
[RockPrecisionFixDiag]   rock 'Kerbin Zn3010000130' 'Grass00' #40 vertex 4: ground 600194.789394 m, vertex 600194.600887 m, -188.507 mm above the ground
[RockPrecisionFixDiag]   rock 'Kerbin Zn3010000130' 'Grass00' #40 vertex 5: ground 600194.703765 m, vertex 600194.602001 m, -101.764 mm above the ground
[RockPrecisionFixDiag]   rock 'Kerbin Zn3010000130' 'Grass00' #40 vertex 6: ground 600194.789495 m, vertex 600195.872005 m, +1082.509 mm above the ground
[RockPrecisionFixDiag]   rock 'Kerbin Zn3010000130' 'Grass00' #40 vertex 7: ground 600194.703855 m, vertex 600195.873112 m, +1169.256 mm above the ground
[RockPrecisionFixDiag]   rock 'Kerbin Zn3010000130' 'Grass00' #41 vertex 0: ground 600194.688155 m, vertex 600194.407183 m, -280.972 mm above the ground
[RockPrecisionFixDiag]   rock 'Kerbin Zn3010000130' 'Grass00' #41 vertex 1: ground 600194.625228 m, vertex 600194.407460 m, -217.768 mm above the ground
[RockPrecisionFixDiag]   rock 'Kerbin Zn3010000130' 'Grass00' #41 vertex 2: ground 600194.688201 m, vertex 600195.777107 m, +1088.906 mm above the ground
[RockPrecisionFixDiag]   rock 'Kerbin Zn3010000130' 'Grass00' #41 vertex 3: ground 600194.625252 m, vertex 600195.777384 m, +1152.131 mm above the ground
[RockPrecisionFixDiag]   rock 'Kerbin Zn3010000130' 'Grass00' #41 vertex 4: ground 600194.688155 m, vertex 600194.407183 m, -280.972 mm above the ground
[RockPrecisionFixDiag]   rock 'Kerbin Zn3010000130' 'Grass00' #41 vertex 5: ground 600194.625228 m, vertex 600194.407460 m, -217.768 mm above the ground
[RockPrecisionFixDiag]   rock 'Kerbin Zn3010000130' 'Grass00' #41 vertex 6: ground 600194.688201 m, vertex 600195.777107 m, +1088.906 mm above the ground
[RockPrecisionFixDiag]   rock 'Kerbin Zn3010000130' 'Grass00' #41 vertex 7: ground 600194.625252 m, vertex 600195.777384 m, +1152.131 mm above the ground
[RockPrecisionFixDiag]   rock 'Kerbin Zn3010000130' 'Grass00' #42 vertex 0: ground 600201.229584 m, vertex 600200.948817 m, -280.766 mm above the ground
[RockPrecisionFixDiag]   rock 'Kerbin Zn3010000130' 'Grass00' #42 vertex 1: ground 600201.313394 m, vertex 600200.947697 m, -365.696 mm above the ground
[RockPrecisionFixDiag]   rock 'Kerbin Zn3010000130' 'Grass00' #42 vertex 2: ground 600201.229639 m, vertex 600202.816599 m, +1586.960 mm above the ground
[RockPrecisionFixDiag]   rock 'Kerbin Zn3010000130' 'Grass00' #42 vertex 3: ground 600201.313450 m, vertex 600202.815461 m, +1502.012 mm above the ground
[RockPrecisionFixDiag]   rock 'Kerbin Zn3010000130' 'Grass00' #42 vertex 4: ground 600201.229584 m, vertex 600200.948817 m, -280.766 mm above the ground
[RockPrecisionFixDiag]   rock 'Kerbin Zn3010000130' 'Grass00' #42 vertex 5: ground 600201.313394 m, vertex 600200.947697 m, -365.696 mm above the ground
[RockPrecisionFixDiag]   rock 'Kerbin Zn3010000130' 'Grass00' #42 vertex 6: ground 600201.229639 m, vertex 600202.816599 m, +1586.960 mm above the ground
[RockPrecisionFixDiag]   rock 'Kerbin Zn3010000130' 'Grass00' #42 vertex 7: ground 600201.313450 m, vertex 600202.815461 m, +1502.012 mm above the ground
[RockPrecisionFixDiag]   rock 'Kerbin Zn3010000130' 'Grass00' #43 vertex 0: ground 600198.485605 m, vertex 600198.205046 m, -280.559 mm above the ground
[RockPrecisionFixDiag]   rock 'Kerbin Zn3010000130' 'Grass00' #43 vertex 1: ground 600198.427385 m, vertex 600198.205670 m, -221.715 mm above the ground
[RockPrecisionFixDiag]   rock 'Kerbin Zn3010000130' 'Grass00' #43 vertex 2: ground 600198.485601 m, vertex 600199.850992 m, +1365.391 mm above the ground
[RockPrecisionFixDiag]   rock 'Kerbin Zn3010000130' 'Grass00' #43 vertex 3: ground 600198.427356 m, vertex 600199.851610 m, +1424.254 mm above the ground
[RockPrecisionFixDiag]   rock 'Kerbin Zn3010000130' 'Grass00' #43 vertex 4: ground 600198.485605 m, vertex 600198.205046 m, -280.559 mm above the ground
[RockPrecisionFixDiag]   rock 'Kerbin Zn3010000130' 'Grass00' #43 vertex 5: ground 600198.427385 m, vertex 600198.205670 m, -221.715 mm above the ground
[RockPrecisionFixDiag]   rock 'Kerbin Zn3010000130' 'Grass00' #43 vertex 6: ground 600198.485601 m, vertex 600199.850992 m, +1365.391 mm above the ground
[RockPrecisionFixDiag]   rock 'Kerbin Zn3010000130' 'Grass00' #43 vertex 7: ground 600198.427356 m, vertex 600199.851610 m, +1424.254 mm above the ground
[RockPrecisionFixDiag]   rock 'Kerbin Zn3010000130' 'Grass00' #44 vertex 0: ground 600214.630630 m, vertex 600214.350988 m, -279.642 mm above the ground
[RockPrecisionFixDiag]   rock 'Kerbin Zn3010000130' 'Grass00' #44 vertex 1: ground 600214.634508 m, vertex 600214.351890 m, -282.618 mm above the ground
[RockPrecisionFixDiag]   rock 'Kerbin Zn3010000130' 'Grass00' #44 vertex 2: ground 600214.630720 m, vertex 600215.978505 m, +1347.785 mm above the ground
[RockPrecisionFixDiag]   rock 'Kerbin Zn3010000130' 'Grass00' #44 vertex 3: ground 600214.634589 m, vertex 600215.979419 m, +1344.830 mm above the ground
[RockPrecisionFixDiag]   rock 'Kerbin Zn3010000130' 'Grass00' #44 vertex 4: ground 600214.630630 m, vertex 600214.350988 m, -279.642 mm above the ground
[RockPrecisionFixDiag]   rock 'Kerbin Zn3010000130' 'Grass00' #44 vertex 5: ground 600214.634508 m, vertex 600214.351890 m, -282.618 mm above the ground
[RockPrecisionFixDiag]   rock 'Kerbin Zn3010000130' 'Grass00' #44 vertex 6: ground 600214.630720 m, vertex 600215.978505 m, +1347.785 mm above the ground
[RockPrecisionFixDiag]   rock 'Kerbin Zn3010000130' 'Grass00' #44 vertex 7: ground 600214.634589 m, vertex 600215.979419 m, +1344.830 mm above the ground
[RockPrecisionFixDiag]   rock 'Kerbin Zn3010000130' 'Grass00' #45 vertex 0: ground 600201.592575 m, vertex 600201.309733 m, -282.842 mm above the ground
[RockPrecisionFixDiag]   rock 'Kerbin Zn3010000130' 'Grass00' #45 vertex 1: ground 600201.634168 m, vertex 600201.308340 m, -325.828 mm above the ground
[RockPrecisionFixDiag]   rock 'Kerbin Zn3010000130' 'Grass00' #45 vertex 2: ground 600201.592690 m, vertex 600203.270530 m, +1677.840 mm above the ground
[RockPrecisionFixDiag]   rock 'Kerbin Zn3010000130' 'Grass00' #45 vertex 3: ground 600201.634268 m, vertex 600203.269104 m, +1634.836 mm above the ground
[RockPrecisionFixDiag]   rock 'Kerbin Zn3010000130' 'Grass00' #45 vertex 4: ground 600201.592575 m, vertex 600201.309733 m, -282.842 mm above the ground
[RockPrecisionFixDiag]   rock 'Kerbin Zn3010000130' 'Grass00' #45 vertex 5: ground 600201.634168 m, vertex 600201.308340 m, -325.828 mm above the ground
[RockPrecisionFixDiag]   rock 'Kerbin Zn3010000130' 'Grass00' #45 vertex 6: ground 600201.592690 m, vertex 600203.270530 m, +1677.840 mm above the ground
[RockPrecisionFixDiag]   rock 'Kerbin Zn3010000130' 'Grass00' #45 vertex 7: ground 600201.634268 m, vertex 600203.269104 m, +1634.836 mm above the ground
[RockPrecisionFixDiag]   rock 'Kerbin Zn3010000130' 'Grass00' #46 vertex 0: ground 600197.845126 m, vertex 600197.925157 m, +80.031 mm above the ground
[RockPrecisionFixDiag]   rock 'Kerbin Zn3010000130' 'Grass00' #46 vertex 1: ground 600197.815154 m, vertex 600197.924701 m, +109.547 mm above the ground
[RockPrecisionFixDiag]   rock 'Kerbin Zn3010000130' 'Grass00' #46 vertex 2: ground 600197.845121 m, vertex 600198.941730 m, +1096.609 mm above the ground
[RockPrecisionFixDiag]   rock 'Kerbin Zn3010000130' 'Grass00' #46 vertex 3: ground 600197.815157 m, vertex 600198.941295 m, +1126.138 mm above the ground
[RockPrecisionFixDiag]   rock 'Kerbin Zn3010000130' 'Grass00' #46 vertex 4: ground 600197.845126 m, vertex 600197.925157 m, +80.031 mm above the ground
[RockPrecisionFixDiag]   rock 'Kerbin Zn3010000130' 'Grass00' #46 vertex 5: ground 600197.815154 m, vertex 600197.924701 m, +109.547 mm above the ground
[RockPrecisionFixDiag]   rock 'Kerbin Zn3010000130' 'Grass00' #46 vertex 6: ground 600197.845121 m, vertex 600198.941730 m, +1096.609 mm above the ground
[RockPrecisionFixDiag]   rock 'Kerbin Zn3010000130' 'Grass00' #46 vertex 7: ground 600197.815157 m, vertex 600198.941295 m, +1126.138 mm above the ground
[RockPrecisionFixDiag]   rock 'Kerbin Zn3010000130' 'Grass00' #47 vertex 0: ground 600196.592636 m, vertex 600196.311504 m, -281.132 mm above the ground
[RockPrecisionFixDiag]   rock 'Kerbin Zn3010000130' 'Grass00' #47 vertex 1: ground 600196.693032 m, vertex 600196.312392 m, -380.640 mm above the ground
[RockPrecisionFixDiag]   rock 'Kerbin Zn3010000130' 'Grass00' #47 vertex 2: ground 600196.592608 m, vertex 600198.082031 m, +1489.423 mm above the ground
[RockPrecisionFixDiag]   rock 'Kerbin Zn3010000130' 'Grass00' #47 vertex 3: ground 600196.693000 m, vertex 600198.082919 m, +1389.919 mm above the ground
[RockPrecisionFixDiag]   rock 'Kerbin Zn3010000130' 'Grass00' #47 vertex 4: ground 600196.592636 m, vertex 600196.311504 m, -281.132 mm above the ground
[RockPrecisionFixDiag]   rock 'Kerbin Zn3010000130' 'Grass00' #47 vertex 5: ground 600196.693032 m, vertex 600196.312392 m, -380.640 mm above the ground
[RockPrecisionFixDiag]   rock 'Kerbin Zn3010000130' 'Grass00' #47 vertex 6: ground 600196.592608 m, vertex 600198.082031 m, +1489.423 mm above the ground
[RockPrecisionFixDiag]   rock 'Kerbin Zn3010000130' 'Grass00' #47 vertex 7: ground 600196.693000 m, vertex 600198.082919 m, +1389.919 mm above the ground
[RockPrecisionFixDiag]   rock 'Kerbin Zn3010000130' 'Grass00' #48 vertex 0: ground 600197.901773 m, vertex 600196.899331 m, -1002.442 mm above the ground
[RockPrecisionFixDiag]   rock 'Kerbin Zn3010000130' 'Grass00' #48 vertex 1: ground 600197.823045 m, vertex 600196.899162 m, -923.884 mm above the ground
[RockPrecisionFixDiag]   rock 'Kerbin Zn3010000130' 'Grass00' #48 vertex 2: ground 600197.901847 m, vertex 600198.638661 m, +736.814 mm above the ground
[RockPrecisionFixDiag]   rock 'Kerbin Zn3010000130' 'Grass00' #48 vertex 3: ground 600197.823132 m, vertex 600198.638485 m, +815.353 mm above the ground
[RockPrecisionFixDiag]   rock 'Kerbin Zn3010000130' 'Grass00' #48 vertex 4: ground 600197.901773 m, vertex 600196.899331 m, -1002.442 mm above the ground
[RockPrecisionFixDiag]   rock 'Kerbin Zn3010000130' 'Grass00' #48 vertex 5: ground 600197.823045 m, vertex 600196.899162 m, -923.884 mm above the ground
[RockPrecisionFixDiag]   rock 'Kerbin Zn3010000130' 'Grass00' #48 vertex 6: ground 600197.901847 m, vertex 600198.638661 m, +736.814 mm above the ground
[RockPrecisionFixDiag]   rock 'Kerbin Zn3010000130' 'Grass00' #48 vertex 7: ground 600197.823132 m, vertex 600198.638485 m, +815.353 mm above the ground
[RockPrecisionFixDiag]   rock 'Kerbin Zn3010000130' 'Grass00' #49 vertex 0: ground 600202.548188 m, vertex 600202.267567 m, -280.621 mm above the ground
[RockPrecisionFixDiag]   rock 'Kerbin Zn3010000130' 'Grass00' #49 vertex 1: ground 600202.628257 m, vertex 600202.268783 m, -359.475 mm above the ground
[RockPrecisionFixDiag]   rock 'Kerbin Zn3010000130' 'Grass00' #49 vertex 2: ground 600202.548137 m, vertex 600203.412863 m, +864.725 mm above the ground
[RockPrecisionFixDiag]   rock 'Kerbin Zn3010000130' 'Grass00' #49 vertex 3: ground 600202.628181 m, vertex 600203.414053 m, +785.872 mm above the ground
[RockPrecisionFixDiag]   rock 'Kerbin Zn3010000130' 'Grass00' #49 vertex 4: ground 600202.548188 m, vertex 600202.267567 m, -280.621 mm above the ground
[RockPrecisionFixDiag]   rock 'Kerbin Zn3010000130' 'Grass00' #49 vertex 5: ground 600202.628257 m, vertex 600202.268783 m, -359.475 mm above the ground
[RockPrecisionFixDiag]   rock 'Kerbin Zn3010000130' 'Grass00' #49 vertex 6: ground 600202.548137 m, vertex 600203.412863 m, +864.725 mm above the ground
[RockPrecisionFixDiag]   rock 'Kerbin Zn3010000130' 'Grass00' #49 vertex 7: ground 600202.628181 m, vertex 600203.414053 m, +785.872 mm above the ground
[RockPrecisionFixDiag]   rock 'Kerbin Zn3010000130' 'Grass00' #50 vertex 0: ground 600204.937268 m, vertex 600202.857511 m, -2079.757 mm above the ground
[RockPrecisionFixDiag]   rock 'Kerbin Zn3010000130' 'Grass00' #50 vertex 1: ground 600204.900576 m, vertex 600202.857897 m, -2042.679 mm above the ground
[RockPrecisionFixDiag]   rock 'Kerbin Zn3010000130' 'Grass00' #50 vertex 2: ground 600204.937296 m, vertex 600204.125074 m, -812.222 mm above the ground
[RockPrecisionFixDiag]   rock 'Kerbin Zn3010000130' 'Grass00' #50 vertex 3: ground 600204.900601 m, vertex 600204.125459 m, -775.142 mm above the ground
[RockPrecisionFixDiag]   rock 'Kerbin Zn3010000130' 'Grass00' #50 vertex 4: ground 600204.937268 m, vertex 600202.857511 m, -2079.757 mm above the ground
[RockPrecisionFixDiag]   rock 'Kerbin Zn3010000130' 'Grass00' #50 vertex 5: ground 600204.900576 m, vertex 600202.857897 m, -2042.679 mm above the ground
[RockPrecisionFixDiag]   rock 'Kerbin Zn3010000130' 'Grass00' #50 vertex 6: ground 600204.937296 m, vertex 600204.125074 m, -812.222 mm above the ground
[RockPrecisionFixDiag]   rock 'Kerbin Zn3010000130' 'Grass00' #50 vertex 7: ground 600204.900601 m, vertex 600204.125459 m, -775.142 mm above the ground
[RockPrecisionFixDiag]   rock 'Kerbin Zn3010000130' 'Grass00' #51 vertex 0: ground 600206.954237 m, vertex 600206.674423 m, -279.814 mm above the ground
[RockPrecisionFixDiag]   rock 'Kerbin Zn3010000130' 'Grass00' #51 vertex 1: ground 600206.810243 m, vertex 600206.675289 m, -134.954 mm above the ground
[RockPrecisionFixDiag]   rock 'Kerbin Zn3010000130' 'Grass00' #51 vertex 2: ground 600206.954263 m, vertex 600208.668037 m, +1713.775 mm above the ground
[RockPrecisionFixDiag]   rock 'Kerbin Zn3010000130' 'Grass00' #51 vertex 3: ground 600206.810255 m, vertex 600208.668909 m, +1858.654 mm above the ground
[RockPrecisionFixDiag]   rock 'Kerbin Zn3010000130' 'Grass00' #51 vertex 4: ground 600206.954237 m, vertex 600206.674423 m, -279.814 mm above the ground
[RockPrecisionFixDiag]   rock 'Kerbin Zn3010000130' 'Grass00' #51 vertex 5: ground 600206.810243 m, vertex 600206.675289 m, -134.954 mm above the ground
[RockPrecisionFixDiag]   rock 'Kerbin Zn3010000130' 'Grass00' #51 vertex 6: ground 600206.954263 m, vertex 600208.668037 m, +1713.775 mm above the ground
[RockPrecisionFixDiag]   rock 'Kerbin Zn3010000130' 'Grass00' #51 vertex 7: ground 600206.810255 m, vertex 600208.668909 m, +1858.654 mm above the ground
[RockPrecisionFixDiag]   rock 'Kerbin Zn3010000130' 'Grass00' #52 vertex 0: ground 600196.556202 m, vertex 600194.382382 m, -2173.820 mm above the ground
[RockPrecisionFixDiag]   rock 'Kerbin Zn3010000130' 'Grass00' #52 vertex 1: ground 600196.626177 m, vertex 600194.381216 m, -2244.961 mm above the ground
[RockPrecisionFixDiag]   rock 'Kerbin Zn3010000130' 'Grass00' #52 vertex 2: ground 600196.556291 m, vertex 600196.089791 m, -466.499 mm above the ground
[RockPrecisionFixDiag]   rock 'Kerbin Zn3010000130' 'Grass00' #52 vertex 3: ground 600196.626252 m, vertex 600196.088626 m, -537.626 mm above the ground
[RockPrecisionFixDiag]   rock 'Kerbin Zn3010000130' 'Grass00' #52 vertex 4: ground 600196.556202 m, vertex 600194.382382 m, -2173.820 mm above the ground
[RockPrecisionFixDiag]   rock 'Kerbin Zn3010000130' 'Grass00' #52 vertex 5: ground 600196.626177 m, vertex 600194.381216 m, -2244.961 mm above the ground
[RockPrecisionFixDiag]   rock 'Kerbin Zn3010000130' 'Grass00' #52 vertex 6: ground 600196.556291 m, vertex 600196.089791 m, -466.499 mm above the ground
[RockPrecisionFixDiag]   rock 'Kerbin Zn3010000130' 'Grass00' #52 vertex 7: ground 600196.626252 m, vertex 600196.088626 m, -537.626 mm above the ground
[RockPrecisionFixDiag]   rock 'Kerbin Zn3010000130' 'Grass00' #53 vertex 0: ground 600210.714361 m, vertex 600210.726942 m, +12.581 mm above the ground
[RockPrecisionFixDiag]   rock 'Kerbin Zn3010000130' 'Grass00' #53 vertex 1: ground 600210.591390 m, vertex 600210.727639 m, +136.248 mm above the ground
[RockPrecisionFixDiag]   rock 'Kerbin Zn3010000130' 'Grass00' #53 vertex 2: ground 600210.714424 m, vertex 600212.138928 m, +1424.504 mm above the ground
[RockPrecisionFixDiag]   rock 'Kerbin Zn3010000130' 'Grass00' #53 vertex 3: ground 600210.591465 m, vertex 600212.139636 m, +1548.170 mm above the ground
[RockPrecisionFixDiag]   rock 'Kerbin Zn3010000130' 'Grass00' #53 vertex 4: ground 600210.714361 m, vertex 600210.726942 m, +12.581 mm above the ground
[RockPrecisionFixDiag]   rock 'Kerbin Zn3010000130' 'Grass00' #53 vertex 5: ground 600210.591390 m, vertex 600210.727639 m, +136.248 mm above the ground
[RockPrecisionFixDiag]   rock 'Kerbin Zn3010000130' 'Grass00' #53 vertex 6: ground 600210.714424 m, vertex 600212.138928 m, +1424.504 mm above the ground
[RockPrecisionFixDiag]   rock 'Kerbin Zn3010000130' 'Grass00' #53 vertex 7: ground 600210.591465 m, vertex 600212.139636 m, +1548.170 mm above the ground
[RockPrecisionFixDiag]   rock 'Kerbin Zn3010000130' 'Grass00' #54 vertex 0: ground 600198.132429 m, vertex 600199.670715 m, +1538.285 mm above the ground
[RockPrecisionFixDiag]   rock 'Kerbin Zn3010000130' 'Grass00' #54 vertex 1: ground 600198.107705 m, vertex 600199.669838 m, +1562.133 mm above the ground
[RockPrecisionFixDiag]   rock 'Kerbin Zn3010000130' 'Grass00' #54 vertex 2: ground 600198.132410 m, vertex 600201.135021 m, +3002.611 mm above the ground
[RockPrecisionFixDiag]   rock 'Kerbin Zn3010000130' 'Grass00' #54 vertex 3: ground 600198.107686 m, vertex 600201.134119 m, +3026.434 mm above the ground
[RockPrecisionFixDiag]   rock 'Kerbin Zn3010000130' 'Grass00' #54 vertex 4: ground 600198.132429 m, vertex 600199.670715 m, +1538.285 mm above the ground
[RockPrecisionFixDiag]   rock 'Kerbin Zn3010000130' 'Grass00' #54 vertex 5: ground 600198.107705 m, vertex 600199.669838 m, +1562.133 mm above the ground
[RockPrecisionFixDiag]   rock 'Kerbin Zn3010000130' 'Grass00' #54 vertex 6: ground 600198.132410 m, vertex 600201.135021 m, +3002.611 mm above the ground
[RockPrecisionFixDiag]   rock 'Kerbin Zn3010000130' 'Grass00' #54 vertex 7: ground 600198.107686 m, vertex 600201.134119 m, +3026.434 mm above the ground
[RockPrecisionFixDiag]   rock 'Kerbin Zn3010000130' 'Grass00' #55 vertex 0: ground 600187.000480 m, vertex 600186.836854 m, -163.626 mm above the ground
[RockPrecisionFixDiag]   rock 'Kerbin Zn3010000130' 'Grass00' #55 vertex 1: ground 600186.989973 m, vertex 600186.837423 m, -152.551 mm above the ground
[RockPrecisionFixDiag]   rock 'Kerbin Zn3010000130' 'Grass00' #55 vertex 2: ground 600187.000512 m, vertex 600187.956829 m, +956.317 mm above the ground
[RockPrecisionFixDiag]   rock 'Kerbin Zn3010000130' 'Grass00' #55 vertex 3: ground 600186.989978 m, vertex 600187.957391 m, +967.412 mm above the ground
[RockPrecisionFixDiag]   rock 'Kerbin Zn3010000130' 'Grass00' #55 vertex 4: ground 600187.000480 m, vertex 600186.836854 m, -163.626 mm above the ground
[RockPrecisionFixDiag]   rock 'Kerbin Zn3010000130' 'Grass00' #55 vertex 5: ground 600186.989973 m, vertex 600186.837423 m, -152.551 mm above the ground
[RockPrecisionFixDiag]   rock 'Kerbin Zn3010000130' 'Grass00' #55 vertex 6: ground 600187.000512 m, vertex 600187.956829 m, +956.317 mm above the ground
[RockPrecisionFixDiag]   rock 'Kerbin Zn3010000130' 'Grass00' #55 vertex 7: ground 600186.989978 m, vertex 600187.957391 m, +967.412 mm above the ground
[RockPrecisionFixDiag]   rock 'Kerbin Zn3010000130' 'Grass00' #56 vertex 0: ground 600195.609272 m, vertex 600195.330237 m, -279.035 mm above the ground
[RockPrecisionFixDiag]   rock 'Kerbin Zn3010000130' 'Grass00' #56 vertex 1: ground 600195.469519 m, vertex 600195.328806 m, -140.712 mm above the ground
[RockPrecisionFixDiag]   rock 'Kerbin Zn3010000130' 'Grass00' #56 vertex 2: ground 600195.609093 m, vertex 600197.030909 m, +1421.815 mm above the ground
[RockPrecisionFixDiag]   rock 'Kerbin Zn3010000130' 'Grass00' #56 vertex 3: ground 600195.469465 m, vertex 600197.029473 m, +1560.009 mm above the ground
[RockPrecisionFixDiag]   rock 'Kerbin Zn3010000130' 'Grass00' #56 vertex 4: ground 600195.609272 m, vertex 600195.330237 m, -279.035 mm above the ground
[RockPrecisionFixDiag]   rock 'Kerbin Zn3010000130' 'Grass00' #56 vertex 5: ground 600195.469519 m, vertex 600195.328806 m, -140.712 mm above the ground
[RockPrecisionFixDiag]   rock 'Kerbin Zn3010000130' 'Grass00' #56 vertex 6: ground 600195.609093 m, vertex 600197.030909 m, +1421.815 mm above the ground
[RockPrecisionFixDiag]   rock 'Kerbin Zn3010000130' 'Grass00' #56 vertex 7: ground 600195.469465 m, vertex 600197.029473 m, +1560.009 mm above the ground
[RockPrecisionFixDiag]   rock 'Kerbin Zn3010000130' 'Grass00' #57 vertex 0: ground 600191.624592 m, vertex 600190.666758 m, -957.834 mm above the ground
[RockPrecisionFixDiag]   rock 'Kerbin Zn3010000130' 'Grass00' #57 vertex 1: ground 600191.535257 m, vertex 600190.668052 m, -867.205 mm above the ground
[RockPrecisionFixDiag]   rock 'Kerbin Zn3010000130' 'Grass00' #57 vertex 2: ground 600191.624668 m, vertex 600192.361192 m, +736.524 mm above the ground
[RockPrecisionFixDiag]   rock 'Kerbin Zn3010000130' 'Grass00' #57 vertex 3: ground 600191.535343 m, vertex 600192.362499 m, +827.156 mm above the ground
[RockPrecisionFixDiag]   rock 'Kerbin Zn3010000130' 'Grass00' #57 vertex 4: ground 600191.624592 m, vertex 600190.666758 m, -957.834 mm above the ground
[RockPrecisionFixDiag]   rock 'Kerbin Zn3010000130' 'Grass00' #57 vertex 5: ground 600191.535257 m, vertex 600190.668052 m, -867.205 mm above the ground
[RockPrecisionFixDiag]   rock 'Kerbin Zn3010000130' 'Grass00' #57 vertex 6: ground 600191.624668 m, vertex 600192.361192 m, +736.524 mm above the ground
[RockPrecisionFixDiag]   rock 'Kerbin Zn3010000130' 'Grass00' #57 vertex 7: ground 600191.535343 m, vertex 600192.362499 m, +827.156 mm above the ground
[RockPrecisionFixDiag]   rock 'Kerbin Zn3010000130' 'Grass00' #58 vertex 0: ground 600201.633880 m, vertex 600201.354089 m, -279.791 mm above the ground
[RockPrecisionFixDiag]   rock 'Kerbin Zn3010000130' 'Grass00' #58 vertex 1: ground 600201.637795 m, vertex 600201.354968 m, -282.826 mm above the ground
[RockPrecisionFixDiag]   rock 'Kerbin Zn3010000130' 'Grass00' #58 vertex 2: ground 600201.633982 m, vertex 600203.304434 m, +1670.452 mm above the ground
[RockPrecisionFixDiag]   rock 'Kerbin Zn3010000130' 'Grass00' #58 vertex 3: ground 600201.637944 m, vertex 600203.305331 m, +1667.387 mm above the ground
[RockPrecisionFixDiag]   rock 'Kerbin Zn3010000130' 'Grass00' #58 vertex 4: ground 600201.633880 m, vertex 600201.354089 m, -279.791 mm above the ground
[RockPrecisionFixDiag]   rock 'Kerbin Zn3010000130' 'Grass00' #58 vertex 5: ground 600201.637795 m, vertex 600201.354968 m, -282.826 mm above the ground
[RockPrecisionFixDiag]   rock 'Kerbin Zn3010000130' 'Grass00' #58 vertex 6: ground 600201.633982 m, vertex 600203.304434 m, +1670.452 mm above the ground
[RockPrecisionFixDiag]   rock 'Kerbin Zn3010000130' 'Grass00' #58 vertex 7: ground 600201.637944 m, vertex 600203.305331 m, +1667.387 mm above the ground
[RockPrecisionFixDiag]   rock 'Kerbin Zn3010000130' 'Grass00' #59 vertex 0: ground 600195.775746 m, vertex 600195.493740 m, -282.006 mm above the ground
[RockPrecisionFixDiag]   rock 'Kerbin Zn3010000130' 'Grass00' #59 vertex 1: ground 600195.807189 m, vertex 600195.491928 m, -315.261 mm above the ground
[RockPrecisionFixDiag]   rock 'Kerbin Zn3010000130' 'Grass00' #59 vertex 2: ground 600195.775787 m, vertex 600197.442435 m, +1666.647 mm above the ground
[RockPrecisionFixDiag]   rock 'Kerbin Zn3010000130' 'Grass00' #59 vertex 3: ground 600195.807255 m, vertex 600197.440615 m, +1633.360 mm above the ground
[RockPrecisionFixDiag]   rock 'Kerbin Zn3010000130' 'Grass00' #59 vertex 4: ground 600195.775746 m, vertex 600195.493740 m, -282.006 mm above the ground
[RockPrecisionFixDiag]   rock 'Kerbin Zn3010000130' 'Grass00' #59 vertex 5: ground 600195.807189 m, vertex 600195.491928 m, -315.261 mm above the ground
[RockPrecisionFixDiag]   rock 'Kerbin Zn3010000130' 'Grass00' #59 vertex 6: ground 600195.775787 m, vertex 600197.442435 m, +1666.647 mm above the ground
[RockPrecisionFixDiag]   rock 'Kerbin Zn3010000130' 'Grass00' #59 vertex 7: ground 600195.807255 m, vertex 600197.440615 m, +1633.360 mm above the ground
[RockPrecisionFixDiag]   rock 'Kerbin Zn3010000130' 'Grass00' #60 vertex 0: ground 600206.967061 m, vertex 600206.683364 m, -283.697 mm above the ground
[RockPrecisionFixDiag]   rock 'Kerbin Zn3010000130' 'Grass00' #60 vertex 1: ground 600206.829599 m, vertex 600206.684795 m, -144.804 mm above the ground
[RockPrecisionFixDiag]   rock 'Kerbin Zn3010000130' 'Grass00' #60 vertex 2: ground 600206.967316 m, vertex 600208.662451 m, +1695.135 mm above the ground
[RockPrecisionFixDiag]   rock 'Kerbin Zn3010000130' 'Grass00' #60 vertex 3: ground 600206.829799 m, vertex 600208.663869 m, +1834.071 mm above the ground
[RockPrecisionFixDiag]   rock 'Kerbin Zn3010000130' 'Grass00' #60 vertex 4: ground 600206.967061 m, vertex 600206.683364 m, -283.697 mm above the ground
[RockPrecisionFixDiag]   rock 'Kerbin Zn3010000130' 'Grass00' #60 vertex 5: ground 600206.829599 m, vertex 600206.684795 m, -144.804 mm above the ground
[RockPrecisionFixDiag]   rock 'Kerbin Zn3010000130' 'Grass00' #60 vertex 6: ground 600206.967316 m, vertex 600208.662451 m, +1695.135 mm above the ground
[RockPrecisionFixDiag]   rock 'Kerbin Zn3010000130' 'Grass00' #60 vertex 7: ground 600206.829799 m, vertex 600208.663869 m, +1834.071 mm above the ground
[RockPrecisionFixDiag]   rock 'Kerbin Zn3010000130' 'Grass00' #61 vertex 0: ground 600211.746451 m, vertex 600211.464073 m, -282.379 mm above the ground
[RockPrecisionFixDiag]   rock 'Kerbin Zn3010000130' 'Grass00' #61 vertex 1: ground 600211.782321 m, vertex 600211.465044 m, -317.277 mm above the ground
[RockPrecisionFixDiag]   rock 'Kerbin Zn3010000130' 'Grass00' #61 vertex 2: ground 600211.746448 m, vertex 600212.595841 m, +849.393 mm above the ground
[RockPrecisionFixDiag]   rock 'Kerbin Zn3010000130' 'Grass00' #61 vertex 3: ground 600211.782282 m, vertex 600212.596813 m, +814.531 mm above the ground
[RockPrecisionFixDiag]   rock 'Kerbin Zn3010000130' 'Grass00' #61 vertex 4: ground 600211.746451 m, vertex 600211.464073 m, -282.379 mm above the ground
[RockPrecisionFixDiag]   rock 'Kerbin Zn3010000130' 'Grass00' #61 vertex 5: ground 600211.782321 m, vertex 600211.465044 m, -317.277 mm above the ground
[RockPrecisionFixDiag]   rock 'Kerbin Zn3010000130' 'Grass00' #61 vertex 6: ground 600211.746448 m, vertex 600212.595841 m, +849.393 mm above the ground
[RockPrecisionFixDiag]   rock 'Kerbin Zn3010000130' 'Grass00' #61 vertex 7: ground 600211.782282 m, vertex 600212.596813 m, +814.531 mm above the ground
[RockPrecisionFixDiag]   rock 'Kerbin Zn3010000130' 'Grass00' #62 vertex 0: ground 600199.532102 m, vertex 600199.248709 m, -283.393 mm above the ground
[RockPrecisionFixDiag]   rock 'Kerbin Zn3010000130' 'Grass00' #62 vertex 1: ground 600199.591441 m, vertex 600199.248520 m, -342.921 mm above the ground
[RockPrecisionFixDiag]   rock 'Kerbin Zn3010000130' 'Grass00' #62 vertex 2: ground 600199.532072 m, vertex 600200.569620 m, +1037.548 mm above the ground
[RockPrecisionFixDiag]   rock 'Kerbin Zn3010000130' 'Grass00' #62 vertex 3: ground 600199.591398 m, vertex 600200.569431 m, +978.033 mm above the ground
[RockPrecisionFixDiag]   rock 'Kerbin Zn3010000130' 'Grass00' #62 vertex 4: ground 600199.532102 m, vertex 600199.248709 m, -283.393 mm above the ground
[RockPrecisionFixDiag]   rock 'Kerbin Zn3010000130' 'Grass00' #62 vertex 5: ground 600199.591441 m, vertex 600199.248520 m, -342.921 mm above the ground
[RockPrecisionFixDiag]   rock 'Kerbin Zn3010000130' 'Grass00' #62 vertex 6: ground 600199.532072 m, vertex 600200.569620 m, +1037.548 mm above the ground
[RockPrecisionFixDiag]   rock 'Kerbin Zn3010000130' 'Grass00' #62 vertex 7: ground 600199.591398 m, vertex 600200.569431 m, +978.033 mm above the ground
[RockPrecisionFixDiag]   rock 'Kerbin Zn3010000130' 'Grass00' #63 vertex 0: ground 600203.606416 m, vertex 600203.325292 m, -281.123 mm above the ground
[RockPrecisionFixDiag]   rock 'Kerbin Zn3010000130' 'Grass00' #63 vertex 1: ground 600203.663929 m, vertex 600203.325977 m, -337.953 mm above the ground
[RockPrecisionFixDiag]   rock 'Kerbin Zn3010000130' 'Grass00' #63 vertex 2: ground 600203.606341 m, vertex 600204.374682 m, +768.341 mm above the ground
[RockPrecisionFixDiag]   rock 'Kerbin Zn3010000130' 'Grass00' #63 vertex 3: ground 600203.663866 m, vertex 600204.375367 m, +711.501 mm above the ground
[RockPrecisionFixDiag]   rock 'Kerbin Zn3010000130' 'Grass00' #63 vertex 4: ground 600203.606416 m, vertex 600203.325292 m, -281.123 mm above the ground
[RockPrecisionFixDiag]   rock 'Kerbin Zn3010000130' 'Grass00' #63 vertex 5: ground 600203.663929 m, vertex 600203.325977 m, -337.953 mm above the ground
[RockPrecisionFixDiag]   rock 'Kerbin Zn3010000130' 'Grass00' #63 vertex 6: ground 600203.606341 m, vertex 600204.374682 m, +768.341 mm above the ground
[RockPrecisionFixDiag]   rock 'Kerbin Zn3010000130' 'Grass00' #63 vertex 7: ground 600203.663866 m, vertex 600204.375367 m, +711.501 mm above the ground
[RockPrecisionFixDiag]   rock 'Kerbin Zn3010000130' 'Grass00' #64 vertex 0: ground 600204.334331 m, vertex 600204.053106 m, -281.224 mm above the ground
[RockPrecisionFixDiag]   rock 'Kerbin Zn3010000130' 'Grass00' #64 vertex 1: ground 600204.277213 m, vertex 600204.052091 m, -225.122 mm above the ground
[RockPrecisionFixDiag]   rock 'Kerbin Zn3010000130' 'Grass00' #64 vertex 2: ground 600204.334257 m, vertex 600205.538887 m, +1204.631 mm above the ground
[RockPrecisionFixDiag]   rock 'Kerbin Zn3010000130' 'Grass00' #64 vertex 3: ground 600204.277189 m, vertex 600205.537872 m, +1260.683 mm above the ground
[RockPrecisionFixDiag]   rock 'Kerbin Zn3010000130' 'Grass00' #64 vertex 4: ground 600204.334331 m, vertex 600204.053106 m, -281.224 mm above the ground
[RockPrecisionFixDiag]   rock 'Kerbin Zn3010000130' 'Grass00' #64 vertex 5: ground 600204.277213 m, vertex 600204.052091 m, -225.122 mm above the ground
[RockPrecisionFixDiag]   rock 'Kerbin Zn3010000130' 'Grass00' #64 vertex 6: ground 600204.334257 m, vertex 600205.538887 m, +1204.631 mm above the ground
[RockPrecisionFixDiag]   rock 'Kerbin Zn3010000130' 'Grass00' #64 vertex 7: ground 600204.277189 m, vertex 600205.537872 m, +1260.683 mm above the ground
[RockPrecisionFixDiag]   rock 'Kerbin Zn3010000130' 'Grass00' #65 vertex 0: ground 600192.272542 m, vertex 600191.991786 m, -280.756 mm above the ground
[RockPrecisionFixDiag]   rock 'Kerbin Zn3010000130' 'Grass00' #65 vertex 1: ground 600192.220652 m, vertex 600191.992127 m, -228.524 mm above the ground
[RockPrecisionFixDiag]   rock 'Kerbin Zn3010000130' 'Grass00' #65 vertex 2: ground 600192.272580 m, vertex 600193.952316 m, +1679.736 mm above the ground
[RockPrecisionFixDiag]   rock 'Kerbin Zn3010000130' 'Grass00' #65 vertex 3: ground 600192.220657 m, vertex 600193.952657 m, +1732.000 mm above the ground
[RockPrecisionFixDiag]   rock 'Kerbin Zn3010000130' 'Grass00' #65 vertex 4: ground 600192.272542 m, vertex 600191.991786 m, -280.756 mm above the ground
[RockPrecisionFixDiag]   rock 'Kerbin Zn3010000130' 'Grass00' #65 vertex 5: ground 600192.220652 m, vertex 600191.992127 m, -228.524 mm above the ground
[RockPrecisionFixDiag]   rock 'Kerbin Zn3010000130' 'Grass00' #65 vertex 6: ground 600192.272580 m, vertex 600193.952316 m, +1679.736 mm above the ground
[RockPrecisionFixDiag]   rock 'Kerbin Zn3010000130' 'Grass00' #65 vertex 7: ground 600192.220657 m, vertex 600193.952657 m, +1732.000 mm above the ground
[RockPrecisionFixDiag]   rock 'Kerbin Zn3010000130' 'Grass00' #66 vertex 0: ground 600201.819097 m, vertex 600201.537922 m, -281.175 mm above the ground
[RockPrecisionFixDiag]   rock 'Kerbin Zn3010000130' 'Grass00' #66 vertex 1: ground 600201.826058 m, vertex 600201.537050 m, -289.008 mm above the ground
[RockPrecisionFixDiag]   rock 'Kerbin Zn3010000130' 'Grass00' #66 vertex 2: ground 600201.819140 m, vertex 600202.741230 m, +922.090 mm above the ground
[RockPrecisionFixDiag]   rock 'Kerbin Zn3010000130' 'Grass00' #66 vertex 3: ground 600201.826040 m, vertex 600202.740376 m, +914.335 mm above the ground
[RockPrecisionFixDiag]   rock 'Kerbin Zn3010000130' 'Grass00' #66 vertex 4: ground 600201.819097 m, vertex 600201.537922 m, -281.175 mm above the ground
[RockPrecisionFixDiag]   rock 'Kerbin Zn3010000130' 'Grass00' #66 vertex 5: ground 600201.826058 m, vertex 600201.537050 m, -289.008 mm above the ground
[RockPrecisionFixDiag]   rock 'Kerbin Zn3010000130' 'Grass00' #66 vertex 6: ground 600201.819140 m, vertex 600202.741230 m, +922.090 mm above the ground
[RockPrecisionFixDiag]   rock 'Kerbin Zn3010000130' 'Grass00' #66 vertex 7: ground 600201.826040 m, vertex 600202.740376 m, +914.335 mm above the ground
[RockPrecisionFixDiag]   rock 'Kerbin Zn3010000130' 'Grass00' #67 vertex 0: ground 600192.917443 m, vertex 600192.978238 m, +60.796 mm above the ground
[RockPrecisionFixDiag]   rock 'Kerbin Zn3010000130' 'Grass00' #67 vertex 1: ground 600192.927846 m, vertex 600192.977279 m, +49.433 mm above the ground
[RockPrecisionFixDiag]   rock 'Kerbin Zn3010000130' 'Grass00' #67 vertex 2: ground 600192.917440 m, vertex 600193.980263 m, +1062.823 mm above the ground
[RockPrecisionFixDiag]   rock 'Kerbin Zn3010000130' 'Grass00' #67 vertex 3: ground 600192.927844 m, vertex 600193.979287 m, +1051.442 mm above the ground
[RockPrecisionFixDiag]   rock 'Kerbin Zn3010000130' 'Grass00' #67 vertex 4: ground 600192.917443 m, vertex 600192.978238 m, +60.796 mm above the ground
[RockPrecisionFixDiag]   rock 'Kerbin Zn3010000130' 'Grass00' #67 vertex 5: ground 600192.927846 m, vertex 600192.977279 m, +49.433 mm above the ground
[RockPrecisionFixDiag]   rock 'Kerbin Zn3010000130' 'Grass00' #67 vertex 6: ground 600192.917440 m, vertex 600193.980263 m, +1062.823 mm above the ground
[RockPrecisionFixDiag]   rock 'Kerbin Zn3010000130' 'Grass00' #67 vertex 7: ground 600192.927844 m, vertex 600193.979287 m, +1051.442 mm above the ground
[RockPrecisionFixDiag]   rock 'Kerbin Zn3010000130' 'Grass00' #68 vertex 0: ground 600198.193184 m, vertex 600199.206792 m, +1013.609 mm above the ground
[RockPrecisionFixDiag]   rock 'Kerbin Zn3010000130' 'Grass00' #68 vertex 1: ground 600198.142710 m, vertex 600199.206542 m, +1063.832 mm above the ground
[RockPrecisionFixDiag]   rock 'Kerbin Zn3010000130' 'Grass00' #68 vertex 2: ground 600198.193231 m, vertex 600200.853577 m, +2660.345 mm above the ground
[RockPrecisionFixDiag]   rock 'Kerbin Zn3010000130' 'Grass00' #68 vertex 3: ground 600198.142737 m, vertex 600200.853320 m, +2710.583 mm above the ground
[RockPrecisionFixDiag]   rock 'Kerbin Zn3010000130' 'Grass00' #68 vertex 4: ground 600198.193184 m, vertex 600199.206792 m, +1013.609 mm above the ground
[RockPrecisionFixDiag]   rock 'Kerbin Zn3010000130' 'Grass00' #68 vertex 5: ground 600198.142710 m, vertex 600199.206542 m, +1063.832 mm above the ground
[RockPrecisionFixDiag]   rock 'Kerbin Zn3010000130' 'Grass00' #68 vertex 6: ground 600198.193231 m, vertex 600200.853577 m, +2660.345 mm above the ground
[RockPrecisionFixDiag]   rock 'Kerbin Zn3010000130' 'Grass00' #68 vertex 7: ground 600198.142737 m, vertex 600200.853320 m, +2710.583 mm above the ground
[RockPrecisionFixDiag]   rock 'Kerbin Zn3010000130' 'Grass00' #69 vertex 0: ground 600191.874946 m, vertex 600191.592660 m, -282.286 mm above the ground
[RockPrecisionFixDiag]   rock 'Kerbin Zn3010000130' 'Grass00' #69 vertex 1: ground 600191.818409 m, vertex 600191.591786 m, -226.624 mm above the ground
[RockPrecisionFixDiag]   rock 'Kerbin Zn3010000130' 'Grass00' #69 vertex 2: ground 600191.874892 m, vertex 600193.371074 m, +1496.182 mm above the ground
[RockPrecisionFixDiag]   rock 'Kerbin Zn3010000130' 'Grass00' #69 vertex 3: ground 600191.818389 m, vertex 600193.370209 m, +1551.820 mm above the ground
[RockPrecisionFixDiag]   rock 'Kerbin Zn3010000130' 'Grass00' #69 vertex 4: ground 600191.874946 m, vertex 600191.592660 m, -282.286 mm above the ground
[RockPrecisionFixDiag]   rock 'Kerbin Zn3010000130' 'Grass00' #69 vertex 5: ground 600191.818409 m, vertex 600191.591786 m, -226.624 mm above the ground
[RockPrecisionFixDiag]   rock 'Kerbin Zn3010000130' 'Grass00' #69 vertex 6: ground 600191.874892 m, vertex 600193.371074 m, +1496.182 mm above the ground
[RockPrecisionFixDiag]   rock 'Kerbin Zn3010000130' 'Grass00' #69 vertex 7: ground 600191.818389 m, vertex 600193.370209 m, +1551.820 mm above the ground
[RockPrecisionFixDiag]   rock 'Kerbin Zn3010000130' 'Grass00' #70 vertex 0: ground 600192.389033 m, vertex 600192.245896 m, -143.137 mm above the ground
[RockPrecisionFixDiag]   rock 'Kerbin Zn3010000130' 'Grass00' #70 vertex 1: ground 600192.377567 m, vertex 600192.247269 m, -130.298 mm above the ground
[RockPrecisionFixDiag]   rock 'Kerbin Zn3010000130' 'Grass00' #70 vertex 2: ground 600192.389056 m, vertex 600194.218854 m, +1829.798 mm above the ground
[RockPrecisionFixDiag]   rock 'Kerbin Zn3010000130' 'Grass00' #70 vertex 3: ground 600192.377576 m, vertex 600194.220245 m, +1842.669 mm above the ground
[RockPrecisionFixDiag]   rock 'Kerbin Zn3010000130' 'Grass00' #70 vertex 4: ground 600192.389033 m, vertex 600192.245896 m, -143.137 mm above the ground
[RockPrecisionFixDiag]   rock 'Kerbin Zn3010000130' 'Grass00' #70 vertex 5: ground 600192.377567 m, vertex 600192.247269 m, -130.298 mm above the ground
[RockPrecisionFixDiag]   rock 'Kerbin Zn3010000130' 'Grass00' #70 vertex 6: ground 600192.389056 m, vertex 600194.218854 m, +1829.798 mm above the ground
[RockPrecisionFixDiag]   rock 'Kerbin Zn3010000130' 'Grass00' #70 vertex 7: ground 600192.377576 m, vertex 600194.220245 m, +1842.669 mm above the ground
[RockPrecisionFixDiag]   rock 'Kerbin Zn3010000130' 'Grass00' #71 vertex 0: ground 600206.098759 m, vertex 600204.291786 m, -1806.973 mm above the ground
[RockPrecisionFixDiag]   rock 'Kerbin Zn3010000130' 'Grass00' #71 vertex 1: ground 600206.069475 m, vertex 600204.292625 m, -1776.850 mm above the ground
[RockPrecisionFixDiag]   rock 'Kerbin Zn3010000130' 'Grass00' #71 vertex 2: ground 600206.098853 m, vertex 600206.070624 m, -28.229 mm above the ground
[RockPrecisionFixDiag]   rock 'Kerbin Zn3010000130' 'Grass00' #71 vertex 3: ground 600206.069585 m, vertex 600206.071473 m, +1.888 mm above the ground
[RockPrecisionFixDiag]   rock 'Kerbin Zn3010000130' 'Grass00' #71 vertex 4: ground 600206.098759 m, vertex 600204.291786 m, -1806.973 mm above the ground
[RockPrecisionFixDiag]   rock 'Kerbin Zn3010000130' 'Grass00' #71 vertex 5: ground 600206.069475 m, vertex 600204.292625 m, -1776.850 mm above the ground
[RockPrecisionFixDiag]   rock 'Kerbin Zn3010000130' 'Grass00' #71 vertex 6: ground 600206.098853 m, vertex 600206.070624 m, -28.229 mm above the ground
[RockPrecisionFixDiag]   rock 'Kerbin Zn3010000130' 'Grass00' #71 vertex 7: ground 600206.069585 m, vertex 600206.071473 m, +1.888 mm above the ground
[RockPrecisionFixDiag]   rock 'Kerbin Zn3010000130' 'Grass00' #72 vertex 0: ground 600192.980905 m, vertex 600192.700591 m, -280.315 mm above the ground
[RockPrecisionFixDiag]   rock 'Kerbin Zn3010000130' 'Grass00' #72 vertex 1: ground 600192.982117 m, vertex 600192.700244 m, -281.873 mm above the ground
[RockPrecisionFixDiag]   rock 'Kerbin Zn3010000130' 'Grass00' #72 vertex 2: ground 600192.980915 m, vertex 600193.815116 m, +834.201 mm above the ground
[RockPrecisionFixDiag]   rock 'Kerbin Zn3010000130' 'Grass00' #72 vertex 3: ground 600192.982082 m, vertex 600193.814770 m, +832.688 mm above the ground
[RockPrecisionFixDiag]   rock 'Kerbin Zn3010000130' 'Grass00' #72 vertex 4: ground 600192.980905 m, vertex 600192.700591 m, -280.315 mm above the ground
[RockPrecisionFixDiag]   rock 'Kerbin Zn3010000130' 'Grass00' #72 vertex 5: ground 600192.982117 m, vertex 600192.700244 m, -281.873 mm above the ground
[RockPrecisionFixDiag]   rock 'Kerbin Zn3010000130' 'Grass00' #72 vertex 6: ground 600192.980915 m, vertex 600193.815116 m, +834.201 mm above the ground
[RockPrecisionFixDiag]   rock 'Kerbin Zn3010000130' 'Grass00' #72 vertex 7: ground 600192.982082 m, vertex 600193.814770 m, +832.688 mm above the ground
[RockPrecisionFixDiag]   rock 'Kerbin Zn3010000130' 'Grass00' #73 vertex 0: ground 600188.558209 m, vertex 600188.485443 m, -72.766 mm above the ground
[RockPrecisionFixDiag]   rock 'Kerbin Zn3010000130' 'Grass00' #73 vertex 1: ground 600188.559790 m, vertex 600188.485644 m, -74.146 mm above the ground
[RockPrecisionFixDiag]   rock 'Kerbin Zn3010000130' 'Grass00' #73 vertex 2: ground 600188.558209 m, vertex 600189.679073 m, +1120.864 mm above the ground
[RockPrecisionFixDiag]   rock 'Kerbin Zn3010000130' 'Grass00' #73 vertex 3: ground 600188.559787 m, vertex 600189.679277 m, +1119.490 mm above the ground
[RockPrecisionFixDiag]   rock 'Kerbin Zn3010000130' 'Grass00' #73 vertex 4: ground 600188.558209 m, vertex 600188.485443 m, -72.766 mm above the ground
[RockPrecisionFixDiag]   rock 'Kerbin Zn3010000130' 'Grass00' #73 vertex 5: ground 600188.559790 m, vertex 600188.485644 m, -74.146 mm above the ground
[RockPrecisionFixDiag]   rock 'Kerbin Zn3010000130' 'Grass00' #73 vertex 6: ground 600188.558209 m, vertex 600189.679073 m, +1120.864 mm above the ground
[RockPrecisionFixDiag]   rock 'Kerbin Zn3010000130' 'Grass00' #73 vertex 7: ground 600188.559787 m, vertex 600189.679277 m, +1119.490 mm above the ground
[RockPrecisionFixDiag]   rock 'Kerbin Zn3010000130' 'Grass00' #74 vertex 0: ground 600201.691653 m, vertex 600202.862613 m, +1170.960 mm above the ground
[RockPrecisionFixDiag]   rock 'Kerbin Zn3010000130' 'Grass00' #74 vertex 1: ground 600201.692945 m, vertex 600202.861585 m, +1168.640 mm above the ground
[RockPrecisionFixDiag]   rock 'Kerbin Zn3010000130' 'Grass00' #74 vertex 2: ground 600201.691587 m, vertex 600204.610625 m, +2919.037 mm above the ground
[RockPrecisionFixDiag]   rock 'Kerbin Zn3010000130' 'Grass00' #74 vertex 3: ground 600201.692904 m, vertex 600204.609604 m, +2916.699 mm above the ground
[RockPrecisionFixDiag]   rock 'Kerbin Zn3010000130' 'Grass00' #74 vertex 4: ground 600201.691653 m, vertex 600202.862613 m, +1170.960 mm above the ground
[RockPrecisionFixDiag]   rock 'Kerbin Zn3010000130' 'Grass00' #74 vertex 5: ground 600201.692945 m, vertex 600202.861585 m, +1168.640 mm above the ground
[RockPrecisionFixDiag]   rock 'Kerbin Zn3010000130' 'Grass00' #74 vertex 6: ground 600201.691587 m, vertex 600204.610625 m, +2919.037 mm above the ground
[RockPrecisionFixDiag]   rock 'Kerbin Zn3010000130' 'Grass00' #74 vertex 7: ground 600201.692904 m, vertex 600204.609604 m, +2916.699 mm above the ground
[RockPrecisionFixDiag]   rock 'Kerbin Zn3010000130' 'Grass00' #75 vertex 0: ground 600199.621385 m, vertex 600199.340938 m, -280.447 mm above the ground
[RockPrecisionFixDiag]   rock 'Kerbin Zn3010000130' 'Grass00' #75 vertex 1: ground 600199.676571 m, vertex 600199.341616 m, -334.955 mm above the ground
[RockPrecisionFixDiag]   rock 'Kerbin Zn3010000130' 'Grass00' #75 vertex 2: ground 600199.621446 m, vertex 600201.337185 m, +1715.739 mm above the ground
[RockPrecisionFixDiag]   rock 'Kerbin Zn3010000130' 'Grass00' #75 vertex 3: ground 600199.676614 m, vertex 600201.337859 m, +1661.245 mm above the ground
[RockPrecisionFixDiag]   rock 'Kerbin Zn3010000130' 'Grass00' #75 vertex 4: ground 600199.621385 m, vertex 600199.340938 m, -280.447 mm above the ground
[RockPrecisionFixDiag]   rock 'Kerbin Zn3010000130' 'Grass00' #75 vertex 5: ground 600199.676571 m, vertex 600199.341616 m, -334.955 mm above the ground
[RockPrecisionFixDiag]   rock 'Kerbin Zn3010000130' 'Grass00' #75 vertex 6: ground 600199.621446 m, vertex 600201.337185 m, +1715.739 mm above the ground
[RockPrecisionFixDiag]   rock 'Kerbin Zn3010000130' 'Grass00' #75 vertex 7: ground 600199.676614 m, vertex 600201.337859 m, +1661.245 mm above the ground
[RockPrecisionFixDiag]   rock 'Kerbin Zn3010000130' 'Grass00' #76 vertex 0: ground 600189.387878 m, vertex 600188.465102 m, -922.776 mm above the ground
[RockPrecisionFixDiag]   rock 'Kerbin Zn3010000130' 'Grass00' #76 vertex 1: ground 600189.375395 m, vertex 600188.464670 m, -910.725 mm above the ground
[RockPrecisionFixDiag]   rock 'Kerbin Zn3010000130' 'Grass00' #76 vertex 2: ground 600189.387918 m, vertex 600190.368438 m, +980.520 mm above the ground
[RockPrecisionFixDiag]   rock 'Kerbin Zn3010000130' 'Grass00' #76 vertex 3: ground 600189.375437 m, vertex 600190.368004 m, +992.567 mm above the ground
[RockPrecisionFixDiag]   rock 'Kerbin Zn3010000130' 'Grass00' #76 vertex 4: ground 600189.387878 m, vertex 600188.465102 m, -922.776 mm above the ground
[RockPrecisionFixDiag]   rock 'Kerbin Zn3010000130' 'Grass00' #76 vertex 5: ground 600189.375395 m, vertex 600188.464670 m, -910.725 mm above the ground
[RockPrecisionFixDiag]   rock 'Kerbin Zn3010000130' 'Grass00' #76 vertex 6: ground 600189.387918 m, vertex 600190.368438 m, +980.520 mm above the ground
[RockPrecisionFixDiag]   rock 'Kerbin Zn3010000130' 'Grass00' #76 vertex 7: ground 600189.375437 m, vertex 600190.368004 m, +992.567 mm above the ground
[RockPrecisionFixDiag]   rock 'Kerbin Zn3010000130' 'Grass00' #77 vertex 0: ground 600193.969446 m, vertex 600193.686714 m, -282.732 mm above the ground
[RockPrecisionFixDiag]   rock 'Kerbin Zn3010000130' 'Grass00' #77 vertex 1: ground 600194.035549 m, vertex 600193.686179 m, -349.370 mm above the ground
[RockPrecisionFixDiag]   rock 'Kerbin Zn3010000130' 'Grass00' #77 vertex 2: ground 600193.969460 m, vertex 600195.562547 m, +1593.087 mm above the ground
[RockPrecisionFixDiag]   rock 'Kerbin Zn3010000130' 'Grass00' #77 vertex 3: ground 600194.035568 m, vertex 600195.562008 m, +1526.440 mm above the ground
[RockPrecisionFixDiag]   rock 'Kerbin Zn3010000130' 'Grass00' #77 vertex 4: ground 600193.969446 m, vertex 600193.686714 m, -282.732 mm above the ground
[RockPrecisionFixDiag]   rock 'Kerbin Zn3010000130' 'Grass00' #77 vertex 5: ground 600194.035549 m, vertex 600193.686179 m, -349.370 mm above the ground
[RockPrecisionFixDiag]   rock 'Kerbin Zn3010000130' 'Grass00' #77 vertex 6: ground 600193.969460 m, vertex 600195.562547 m, +1593.087 mm above the ground
[RockPrecisionFixDiag]   rock 'Kerbin Zn3010000130' 'Grass00' #77 vertex 7: ground 600194.035568 m, vertex 600195.562008 m, +1526.440 mm above the ground
[RockPrecisionFixDiag]   rock 'Kerbin Zn3010000130' 'Grass00' #78 vertex 0: ground 600204.082559 m, vertex 600203.802045 m, -280.515 mm above the ground
[RockPrecisionFixDiag]   rock 'Kerbin Zn3010000130' 'Grass00' #78 vertex 1: ground 600204.113614 m, vertex 600203.802932 m, -310.682 mm above the ground
[RockPrecisionFixDiag]   rock 'Kerbin Zn3010000130' 'Grass00' #78 vertex 2: ground 600204.082430 m, vertex 600205.519849 m, +1437.419 mm above the ground
[RockPrecisionFixDiag]   rock 'Kerbin Zn3010000130' 'Grass00' #78 vertex 3: ground 600204.113531 m, vertex 600205.520749 m, +1407.218 mm above the ground
[RockPrecisionFixDiag]   rock 'Kerbin Zn3010000130' 'Grass00' #78 vertex 4: ground 600204.082559 m, vertex 600203.802045 m, -280.515 mm above the ground
[RockPrecisionFixDiag]   rock 'Kerbin Zn3010000130' 'Grass00' #78 vertex 5: ground 600204.113614 m, vertex 600203.802932 m, -310.682 mm above the ground
[RockPrecisionFixDiag]   rock 'Kerbin Zn3010000130' 'Grass00' #78 vertex 6: ground 600204.082430 m, vertex 600205.519849 m, +1437.419 mm above the ground
[RockPrecisionFixDiag]   rock 'Kerbin Zn3010000130' 'Grass00' #78 vertex 7: ground 600204.113531 m, vertex 600205.520749 m, +1407.218 mm above the ground
[RockPrecisionFixDiag]   rock 'Kerbin Zn3010000130' 'Grass00' #79 vertex 0: ground 600194.956985 m, vertex 600194.674997 m, -281.988 mm above the ground
[RockPrecisionFixDiag]   rock 'Kerbin Zn3010000130' 'Grass00' #79 vertex 1: ground 600194.917409 m, vertex 600194.673622 m, -243.787 mm above the ground
[RockPrecisionFixDiag]   rock 'Kerbin Zn3010000130' 'Grass00' #79 vertex 2: ground 600194.956966 m, vertex 600196.231811 m, +1274.846 mm above the ground
[RockPrecisionFixDiag]   rock 'Kerbin Zn3010000130' 'Grass00' #79 vertex 3: ground 600194.917329 m, vertex 600196.230436 m, +1313.107 mm above the ground
[RockPrecisionFixDiag]   rock 'Kerbin Zn3010000130' 'Grass00' #79 vertex 4: ground 600194.956985 m, vertex 600194.674997 m, -281.988 mm above the ground
[RockPrecisionFixDiag]   rock 'Kerbin Zn3010000130' 'Grass00' #79 vertex 5: ground 600194.917409 m, vertex 600194.673622 m, -243.787 mm above the ground
[RockPrecisionFixDiag]   rock 'Kerbin Zn3010000130' 'Grass00' #79 vertex 6: ground 600194.956966 m, vertex 600196.231811 m, +1274.846 mm above the ground
[RockPrecisionFixDiag]   rock 'Kerbin Zn3010000130' 'Grass00' #79 vertex 7: ground 600194.917329 m, vertex 600196.230436 m, +1313.107 mm above the ground
[RockPrecisionFixDiag]   rock 'Kerbin Zn3010000130' 'Grass00' #80 vertex 0: ground 600188.912062 m, vertex 600188.470009 m, -442.053 mm above the ground
[RockPrecisionFixDiag]   rock 'Kerbin Zn3010000130' 'Grass00' #80 vertex 1: ground 600188.921729 m, vertex 600188.470670 m, -451.059 mm above the ground
[RockPrecisionFixDiag]   rock 'Kerbin Zn3010000130' 'Grass00' #80 vertex 2: ground 600188.912143 m, vertex 600189.652960 m, +740.817 mm above the ground
[RockPrecisionFixDiag]   rock 'Kerbin Zn3010000130' 'Grass00' #80 vertex 3: ground 600188.921725 m, vertex 600189.653621 m, +731.896 mm above the ground
[RockPrecisionFixDiag]   rock 'Kerbin Zn3010000130' 'Grass00' #80 vertex 4: ground 600188.912062 m, vertex 600188.470009 m, -442.053 mm above the ground
[RockPrecisionFixDiag]   rock 'Kerbin Zn3010000130' 'Grass00' #80 vertex 5: ground 600188.921729 m, vertex 600188.470670 m, -451.059 mm above the ground
[RockPrecisionFixDiag]   rock 'Kerbin Zn3010000130' 'Grass00' #80 vertex 6: ground 600188.912143 m, vertex 600189.652960 m, +740.817 mm above the ground
[RockPrecisionFixDiag]   rock 'Kerbin Zn3010000130' 'Grass00' #80 vertex 7: ground 600188.921725 m, vertex 600189.653621 m, +731.896 mm above the ground
[RockPrecisionFixDiag]   rock 'Kerbin Zn3010000130' 'Grass00' #81 vertex 0: ground 600189.858449 m, vertex 600189.804077 m, -54.372 mm above the ground
[RockPrecisionFixDiag]   rock 'Kerbin Zn3010000130' 'Grass00' #81 vertex 1: ground 600189.860162 m, vertex 600189.803781 m, -56.381 mm above the ground
[RockPrecisionFixDiag]   rock 'Kerbin Zn3010000130' 'Grass00' #81 vertex 2: ground 600189.858450 m, vertex 600191.039595 m, +1181.145 mm above the ground
[RockPrecisionFixDiag]   rock 'Kerbin Zn3010000130' 'Grass00' #81 vertex 3: ground 600189.860161 m, vertex 600191.039305 m, +1179.144 mm above the ground
[RockPrecisionFixDiag]   rock 'Kerbin Zn3010000130' 'Grass00' #81 vertex 4: ground 600189.858449 m, vertex 600189.804077 m, -54.372 mm above the ground
[RockPrecisionFixDiag]   rock 'Kerbin Zn3010000130' 'Grass00' #81 vertex 5: ground 600189.860162 m, vertex 600189.803781 m, -56.381 mm above the ground
[RockPrecisionFixDiag]   rock 'Kerbin Zn3010000130' 'Grass00' #81 vertex 6: ground 600189.858450 m, vertex 600191.039595 m, +1181.145 mm above the ground
[RockPrecisionFixDiag]   rock 'Kerbin Zn3010000130' 'Grass00' #81 vertex 7: ground 600189.860161 m, vertex 600191.039305 m, +1179.144 mm above the ground
[RockPrecisionFixDiag]   rock 'Kerbin Zn3010000130' 'Grass00' #82 vertex 0: ground 600189.039157 m, vertex 600188.771786 m, -267.372 mm above the ground
[RockPrecisionFixDiag]   rock 'Kerbin Zn3010000130' 'Grass00' #82 vertex 1: ground 600188.991511 m, vertex 600188.772230 m, -219.282 mm above the ground
[RockPrecisionFixDiag]   rock 'Kerbin Zn3010000130' 'Grass00' #82 vertex 2: ground 600189.039156 m, vertex 600189.853446 m, +814.289 mm above the ground
[RockPrecisionFixDiag]   rock 'Kerbin Zn3010000130' 'Grass00' #82 vertex 3: ground 600188.991498 m, vertex 600189.853890 m, +862.392 mm above the ground
[RockPrecisionFixDiag]   rock 'Kerbin Zn3010000130' 'Grass00' #82 vertex 4: ground 600189.039157 m, vertex 600188.771786 m, -267.372 mm above the ground
[RockPrecisionFixDiag]   rock 'Kerbin Zn3010000130' 'Grass00' #82 vertex 5: ground 600188.991511 m, vertex 600188.772230 m, -219.282 mm above the ground
[RockPrecisionFixDiag]   rock 'Kerbin Zn3010000130' 'Grass00' #82 vertex 6: ground 600189.039156 m, vertex 600189.853446 m, +814.289 mm above the ground
[RockPrecisionFixDiag]   rock 'Kerbin Zn3010000130' 'Grass00' #82 vertex 7: ground 600188.991498 m, vertex 600189.853890 m, +862.392 mm above the ground
[RockPrecisionFixDiag]   rock 'Kerbin Zn3010000130' 'Grass00' #83 vertex 0: ground 600213.438220 m, vertex 600213.159588 m, -278.632 mm above the ground
[RockPrecisionFixDiag]   rock 'Kerbin Zn3010000130' 'Grass00' #83 vertex 1: ground 600213.367963 m, vertex 600213.160126 m, -207.837 mm above the ground
[RockPrecisionFixDiag]   rock 'Kerbin Zn3010000130' 'Grass00' #83 vertex 2: ground 600213.438213 m, vertex 600214.316946 m, +878.734 mm above the ground
[RockPrecisionFixDiag]   rock 'Kerbin Zn3010000130' 'Grass00' #83 vertex 3: ground 600213.367891 m, vertex 600214.317476 m, +949.585 mm above the ground
[RockPrecisionFixDiag]   rock 'Kerbin Zn3010000130' 'Grass00' #83 vertex 4: ground 600213.438220 m, vertex 600213.159588 m, -278.632 mm above the ground
[RockPrecisionFixDiag]   rock 'Kerbin Zn3010000130' 'Grass00' #83 vertex 5: ground 600213.367963 m, vertex 600213.160126 m, -207.837 mm above the ground
[RockPrecisionFixDiag]   rock 'Kerbin Zn3010000130' 'Grass00' #83 vertex 6: ground 600213.438213 m, vertex 600214.316946 m, +878.734 mm above the ground
[RockPrecisionFixDiag]   rock 'Kerbin Zn3010000130' 'Grass00' #83 vertex 7: ground 600213.367891 m, vertex 600214.317476 m, +949.585 mm above the ground
[RockPrecisionFixDiag]   rock 'Kerbin Zn3010000130' 'Grass00' #84 vertex 0: ground 600205.915163 m, vertex 600205.633997 m, -281.166 mm above the ground
[RockPrecisionFixDiag]   rock 'Kerbin Zn3010000130' 'Grass00' #84 vertex 1: ground 600205.910420 m, vertex 600205.635109 m, -275.310 mm above the ground
[RockPrecisionFixDiag]   rock 'Kerbin Zn3010000130' 'Grass00' #84 vertex 2: ground 600205.915094 m, vertex 600207.343655 m, +1428.561 mm above the ground
[RockPrecisionFixDiag]   rock 'Kerbin Zn3010000130' 'Grass00' #84 vertex 3: ground 600205.910343 m, vertex 600207.344776 m, +1434.432 mm above the ground
[RockPrecisionFixDiag]   rock 'Kerbin Zn3010000130' 'Grass00' #84 vertex 4: ground 600205.915163 m, vertex 600205.633997 m, -281.166 mm above the ground
[RockPrecisionFixDiag]   rock 'Kerbin Zn3010000130' 'Grass00' #84 vertex 5: ground 600205.910420 m, vertex 600205.635109 m, -275.310 mm above the ground
[RockPrecisionFixDiag]   rock 'Kerbin Zn3010000130' 'Grass00' #84 vertex 6: ground 600205.915094 m, vertex 600207.343655 m, +1428.561 mm above the ground
[RockPrecisionFixDiag]   rock 'Kerbin Zn3010000130' 'Grass00' #84 vertex 7: ground 600205.910343 m, vertex 600207.344776 m, +1434.432 mm above the ground
[RockPrecisionFixDiag]   rock 'Kerbin Zn3010000130' 'Grass00' #85 vertex 0: ground 600191.608926 m, vertex 600191.082693 m, -526.233 mm above the ground
[RockPrecisionFixDiag]   rock 'Kerbin Zn3010000130' 'Grass00' #85 vertex 1: ground 600191.496239 m, vertex 600191.083233 m, -413.006 mm above the ground
[RockPrecisionFixDiag]   rock 'Kerbin Zn3010000130' 'Grass00' #85 vertex 2: ground 600191.608966 m, vertex 600192.652348 m, +1043.383 mm above the ground
[RockPrecisionFixDiag]   rock 'Kerbin Zn3010000130' 'Grass00' #85 vertex 3: ground 600191.496270 m, vertex 600192.652888 m, +1156.618 mm above the ground
[RockPrecisionFixDiag]   rock 'Kerbin Zn3010000130' 'Grass00' #85 vertex 4: ground 600191.608926 m, vertex 600191.082693 m, -526.233 mm above the ground
[RockPrecisionFixDiag]   rock 'Kerbin Zn3010000130' 'Grass00' #85 vertex 5: ground 600191.496239 m, vertex 600191.083233 m, -413.006 mm above the ground
[RockPrecisionFixDiag]   rock 'Kerbin Zn3010000130' 'Grass00' #85 vertex 6: ground 600191.608966 m, vertex 600192.652348 m, +1043.383 mm above the ground
[RockPrecisionFixDiag]   rock 'Kerbin Zn3010000130' 'Grass00' #85 vertex 7: ground 600191.496270 m, vertex 600192.652888 m, +1156.618 mm above the ground
[RockPrecisionFixDiag]   rock 'Kerbin Zn3010000130' 'Grass00' #86 vertex 0: ground 600203.236652 m, vertex 600202.955853 m, -280.798 mm above the ground
[RockPrecisionFixDiag]   rock 'Kerbin Zn3010000130' 'Grass00' #86 vertex 1: ground 600203.283181 m, vertex 600202.956205 m, -326.976 mm above the ground
[RockPrecisionFixDiag]   rock 'Kerbin Zn3010000130' 'Grass00' #86 vertex 2: ground 600203.236655 m, vertex 600204.056879 m, +820.223 mm above the ground
[RockPrecisionFixDiag]   rock 'Kerbin Zn3010000130' 'Grass00' #86 vertex 3: ground 600203.283185 m, vertex 600204.057230 m, +774.045 mm above the ground
[RockPrecisionFixDiag]   rock 'Kerbin Zn3010000130' 'Grass00' #86 vertex 4: ground 600203.236652 m, vertex 600202.955853 m, -280.798 mm above the ground
[RockPrecisionFixDiag]   rock 'Kerbin Zn3010000130' 'Grass00' #86 vertex 5: ground 600203.283181 m, vertex 600202.956205 m, -326.976 mm above the ground
[RockPrecisionFixDiag]   rock 'Kerbin Zn3010000130' 'Grass00' #86 vertex 6: ground 600203.236655 m, vertex 600204.056879 m, +820.223 mm above the ground
[RockPrecisionFixDiag]   rock 'Kerbin Zn3010000130' 'Grass00' #86 vertex 7: ground 600203.283185 m, vertex 600204.057230 m, +774.045 mm above the ground
[RockPrecisionFixDiag]   rock 'Kerbin Zn3010000130' 'Grass00' #87 vertex 0: ground 600202.238223 m, vertex 600201.957052 m, -281.171 mm above the ground
[RockPrecisionFixDiag]   rock 'Kerbin Zn3010000130' 'Grass00' #87 vertex 1: ground 600202.217594 m, vertex 600201.956084 m, -261.510 mm above the ground
[RockPrecisionFixDiag]   rock 'Kerbin Zn3010000130' 'Grass00' #87 vertex 2: ground 600202.238170 m, vertex 600203.257052 m, +1018.882 mm above the ground
[RockPrecisionFixDiag]   rock 'Kerbin Zn3010000130' 'Grass00' #87 vertex 3: ground 600202.217601 m, vertex 600203.256094 m, +1038.493 mm above the ground
[RockPrecisionFixDiag]   rock 'Kerbin Zn3010000130' 'Grass00' #87 vertex 4: ground 600202.238223 m, vertex 600201.957052 m, -281.171 mm above the ground
[RockPrecisionFixDiag]   rock 'Kerbin Zn3010000130' 'Grass00' #87 vertex 5: ground 600202.217594 m, vertex 600201.956084 m, -261.510 mm above the ground
[RockPrecisionFixDiag]   rock 'Kerbin Zn3010000130' 'Grass00' #87 vertex 6: ground 600202.238170 m, vertex 600203.257052 m, +1018.882 mm above the ground
[RockPrecisionFixDiag]   rock 'Kerbin Zn3010000130' 'Grass00' #87 vertex 7: ground 600202.217601 m, vertex 600203.256094 m, +1038.493 mm above the ground
[RockPrecisionFixDiag]   rock 'Kerbin Zn3010000130' 'Grass00' #88 vertex 0: ground 600194.936331 m, vertex 600194.653080 m, -283.251 mm above the ground
[RockPrecisionFixDiag]   rock 'Kerbin Zn3010000130' 'Grass00' #88 vertex 1: ground 600194.888951 m, vertex 600194.652440 m, -236.511 mm above the ground
[RockPrecisionFixDiag]   rock 'Kerbin Zn3010000130' 'Grass00' #88 vertex 2: ground 600194.936278 m, vertex 600195.820439 m, +884.162 mm above the ground
[RockPrecisionFixDiag]   rock 'Kerbin Zn3010000130' 'Grass00' #88 vertex 3: ground 600194.888905 m, vertex 600195.819800 m, +930.895 mm above the ground
[RockPrecisionFixDiag]   rock 'Kerbin Zn3010000130' 'Grass00' #88 vertex 4: ground 600194.936331 m, vertex 600194.653080 m, -283.251 mm above the ground
[RockPrecisionFixDiag]   rock 'Kerbin Zn3010000130' 'Grass00' #88 vertex 5: ground 600194.888951 m, vertex 600194.652440 m, -236.511 mm above the ground
[RockPrecisionFixDiag]   rock 'Kerbin Zn3010000130' 'Grass00' #88 vertex 6: ground 600194.936278 m, vertex 600195.820439 m, +884.162 mm above the ground
[RockPrecisionFixDiag]   rock 'Kerbin Zn3010000130' 'Grass00' #88 vertex 7: ground 600194.888905 m, vertex 600195.819800 m, +930.895 mm above the ground
[RockPrecisionFixDiag]   rock 'Kerbin Zn3010000130' 'Grass00' #89 vertex 0: ground 600202.026073 m, vertex 600201.744665 m, -281.408 mm above the ground
[RockPrecisionFixDiag]   rock 'Kerbin Zn3010000130' 'Grass00' #89 vertex 1: ground 600202.006109 m, vertex 600201.744372 m, -261.737 mm above the ground
[RockPrecisionFixDiag]   rock 'Kerbin Zn3010000130' 'Grass00' #89 vertex 2: ground 600202.026052 m, vertex 600203.239857 m, +1213.804 mm above the ground
[RockPrecisionFixDiag]   rock 'Kerbin Zn3010000130' 'Grass00' #89 vertex 3: ground 600202.006071 m, vertex 600203.239565 m, +1233.494 mm above the ground
[RockPrecisionFixDiag]   rock 'Kerbin Zn3010000130' 'Grass00' #89 vertex 4: ground 600202.026073 m, vertex 600201.744665 m, -281.408 mm above the ground
[RockPrecisionFixDiag]   rock 'Kerbin Zn3010000130' 'Grass00' #89 vertex 5: ground 600202.006109 m, vertex 600201.744372 m, -261.737 mm above the ground
[RockPrecisionFixDiag]   rock 'Kerbin Zn3010000130' 'Grass00' #89 vertex 6: ground 600202.026052 m, vertex 600203.239857 m, +1213.804 mm above the ground
[RockPrecisionFixDiag]   rock 'Kerbin Zn3010000130' 'Grass00' #89 vertex 7: ground 600202.006071 m, vertex 600203.239565 m, +1233.494 mm above the ground
[RockPrecisionFixDiag]   rock 'Kerbin Zn3010000130' 'Grass00' #90 vertex 0: ground 600191.367421 m, vertex 600191.086307 m, -281.114 mm above the ground
[RockPrecisionFixDiag]   rock 'Kerbin Zn3010000130' 'Grass00' #90 vertex 1: ground 600191.343876 m, vertex 600191.087042 m, -256.833 mm above the ground
[RockPrecisionFixDiag]   rock 'Kerbin Zn3010000130' 'Grass00' #90 vertex 2: ground 600191.367479 m, vertex 600193.004602 m, +1637.123 mm above the ground
[RockPrecisionFixDiag]   rock 'Kerbin Zn3010000130' 'Grass00' #90 vertex 3: ground 600191.343872 m, vertex 600193.005323 m, +1661.451 mm above the ground
[RockPrecisionFixDiag]   rock 'Kerbin Zn3010000130' 'Grass00' #90 vertex 4: ground 600191.367421 m, vertex 600191.086307 m, -281.114 mm above the ground
[RockPrecisionFixDiag]   rock 'Kerbin Zn3010000130' 'Grass00' #90 vertex 5: ground 600191.343876 m, vertex 600191.087042 m, -256.833 mm above the ground
[RockPrecisionFixDiag]   rock 'Kerbin Zn3010000130' 'Grass00' #90 vertex 6: ground 600191.367479 m, vertex 600193.004602 m, +1637.123 mm above the ground
[RockPrecisionFixDiag]   rock 'Kerbin Zn3010000130' 'Grass00' #90 vertex 7: ground 600191.343872 m, vertex 600193.005323 m, +1661.451 mm above the ground
[RockPrecisionFixDiag]   rock 'Kerbin Zn3010000130' 'Grass00' #91 vertex 0: ground 600203.965772 m, vertex 600203.558849 m, -406.923 mm above the ground
[RockPrecisionFixDiag]   rock 'Kerbin Zn3010000130' 'Grass00' #91 vertex 1: ground 600204.032470 m, vertex 600203.558309 m, -474.161 mm above the ground
[RockPrecisionFixDiag]   rock 'Kerbin Zn3010000130' 'Grass00' #91 vertex 2: ground 600203.965794 m, vertex 600204.640166 m, +674.372 mm above the ground
[RockPrecisionFixDiag]   rock 'Kerbin Zn3010000130' 'Grass00' #91 vertex 3: ground 600204.032555 m, vertex 600204.639621 m, +607.066 mm above the ground
[RockPrecisionFixDiag]   rock 'Kerbin Zn3010000130' 'Grass00' #91 vertex 4: ground 600203.965772 m, vertex 600203.558849 m, -406.923 mm above the ground
[RockPrecisionFixDiag]   rock 'Kerbin Zn3010000130' 'Grass00' #91 vertex 5: ground 600204.032470 m, vertex 600203.558309 m, -474.161 mm above the ground
[RockPrecisionFixDiag]   rock 'Kerbin Zn3010000130' 'Grass00' #91 vertex 6: ground 600203.965794 m, vertex 600204.640166 m, +674.372 mm above the ground
[RockPrecisionFixDiag]   rock 'Kerbin Zn3010000130' 'Grass00' #91 vertex 7: ground 600204.032555 m, vertex 600204.639621 m, +607.066 mm above the ground
[RockPrecisionFixDiag]   rock 'Kerbin Zn3010000130' 'Grass00' #92 vertex 0: ground 600188.730772 m, vertex 600188.449484 m, -281.288 mm above the ground
[RockPrecisionFixDiag]   rock 'Kerbin Zn3010000130' 'Grass00' #92 vertex 1: ground 600188.726531 m, vertex 600188.450036 m, -276.495 mm above the ground
[RockPrecisionFixDiag]   rock 'Kerbin Zn3010000130' 'Grass00' #92 vertex 2: ground 600188.730775 m, vertex 600189.568988 m, +838.213 mm above the ground
[RockPrecisionFixDiag]   rock 'Kerbin Zn3010000130' 'Grass00' #92 vertex 3: ground 600188.726509 m, vertex 600189.569557 m, +843.048 mm above the ground
[RockPrecisionFixDiag]   rock 'Kerbin Zn3010000130' 'Grass00' #92 vertex 4: ground 600188.730772 m, vertex 600188.449484 m, -281.288 mm above the ground
[RockPrecisionFixDiag]   rock 'Kerbin Zn3010000130' 'Grass00' #92 vertex 5: ground 600188.726531 m, vertex 600188.450036 m, -276.495 mm above the ground
[RockPrecisionFixDiag]   rock 'Kerbin Zn3010000130' 'Grass00' #92 vertex 6: ground 600188.730775 m, vertex 600189.568988 m, +838.213 mm above the ground
[RockPrecisionFixDiag]   rock 'Kerbin Zn3010000130' 'Grass00' #92 vertex 7: ground 600188.726509 m, vertex 600189.569557 m, +843.048 mm above the ground
[RockPrecisionFixDiag]   rock 'Kerbin Zn3010000130' 'Grass00' #93 vertex 0: ground 600200.965848 m, vertex 600200.684080 m, -281.768 mm above the ground
[RockPrecisionFixDiag]   rock 'Kerbin Zn3010000130' 'Grass00' #93 vertex 1: ground 600201.126557 m, vertex 600200.682783 m, -443.774 mm above the ground
[RockPrecisionFixDiag]   rock 'Kerbin Zn3010000130' 'Grass00' #93 vertex 2: ground 600200.965962 m, vertex 600202.351032 m, +1385.069 mm above the ground
[RockPrecisionFixDiag]   rock 'Kerbin Zn3010000130' 'Grass00' #93 vertex 3: ground 600201.126693 m, vertex 600202.349703 m, +1223.010 mm above the ground
[RockPrecisionFixDiag]   rock 'Kerbin Zn3010000130' 'Grass00' #93 vertex 4: ground 600200.965848 m, vertex 600200.684080 m, -281.768 mm above the ground
[RockPrecisionFixDiag]   rock 'Kerbin Zn3010000130' 'Grass00' #93 vertex 5: ground 600201.126557 m, vertex 600200.682783 m, -443.774 mm above the ground
[RockPrecisionFixDiag]   rock 'Kerbin Zn3010000130' 'Grass00' #93 vertex 6: ground 600200.965962 m, vertex 600202.351032 m, +1385.069 mm above the ground
[RockPrecisionFixDiag]   rock 'Kerbin Zn3010000130' 'Grass00' #93 vertex 7: ground 600201.126693 m, vertex 600202.349703 m, +1223.010 mm above the ground
[RockPrecisionFixDiag]   rock 'Kerbin Zn3010000130' 'Grass00' #94 vertex 0: ground 600190.421662 m, vertex 600190.139069 m, -282.594 mm above the ground
[RockPrecisionFixDiag]   rock 'Kerbin Zn3010000130' 'Grass00' #94 vertex 1: ground 600190.399686 m, vertex 600190.139140 m, -260.546 mm above the ground
[RockPrecisionFixDiag]   rock 'Kerbin Zn3010000130' 'Grass00' #94 vertex 2: ground 600190.421656 m, vertex 600191.285944 m, +864.288 mm above the ground
[RockPrecisionFixDiag]   rock 'Kerbin Zn3010000130' 'Grass00' #94 vertex 3: ground 600190.399674 m, vertex 600191.286017 m, +886.343 mm above the ground
[RockPrecisionFixDiag]   rock 'Kerbin Zn3010000130' 'Grass00' #94 vertex 4: ground 600190.421662 m, vertex 600190.139069 m, -282.594 mm above the ground
[RockPrecisionFixDiag]   rock 'Kerbin Zn3010000130' 'Grass00' #94 vertex 5: ground 600190.399686 m, vertex 600190.139140 m, -260.546 mm above the ground
[RockPrecisionFixDiag]   rock 'Kerbin Zn3010000130' 'Grass00' #94 vertex 6: ground 600190.421656 m, vertex 600191.285944 m, +864.288 mm above the ground
[RockPrecisionFixDiag]   rock 'Kerbin Zn3010000130' 'Grass00' #94 vertex 7: ground 600190.399674 m, vertex 600191.286017 m, +886.343 mm above the ground
[RockPrecisionFixDiag]   rock 'Kerbin Zn3010000130' 'Grass00' #95 vertex 0: ground 600206.610791 m, vertex 600206.329609 m, -281.182 mm above the ground
[RockPrecisionFixDiag]   rock 'Kerbin Zn3010000130' 'Grass00' #95 vertex 1: ground 600206.599296 m, vertex 600206.330677 m, -268.620 mm above the ground
[RockPrecisionFixDiag]   rock 'Kerbin Zn3010000130' 'Grass00' #95 vertex 2: ground 600206.610844 m, vertex 600207.954381 m, +1343.537 mm above the ground
[RockPrecisionFixDiag]   rock 'Kerbin Zn3010000130' 'Grass00' #95 vertex 3: ground 600206.599341 m, vertex 600207.955449 m, +1356.108 mm above the ground
[RockPrecisionFixDiag]   rock 'Kerbin Zn3010000130' 'Grass00' #95 vertex 4: ground 600206.610791 m, vertex 600206.329609 m, -281.182 mm above the ground
[RockPrecisionFixDiag]   rock 'Kerbin Zn3010000130' 'Grass00' #95 vertex 5: ground 600206.599296 m, vertex 600206.330677 m, -268.620 mm above the ground
[RockPrecisionFixDiag]   rock 'Kerbin Zn3010000130' 'Grass00' #95 vertex 6: ground 600206.610844 m, vertex 600207.954381 m, +1343.537 mm above the ground
[RockPrecisionFixDiag]   rock 'Kerbin Zn3010000130' 'Grass00' #95 vertex 7: ground 600206.599341 m, vertex 600207.955449 m, +1356.108 mm above the ground
[RockPrecisionFixDiag]   rock 'Kerbin Zn3010000130' 'Grass00' #96 vertex 0: ground 600191.319150 m, vertex 600191.038381 m, -280.769 mm above the ground
[RockPrecisionFixDiag]   rock 'Kerbin Zn3010000130' 'Grass00' #96 vertex 1: ground 600191.291860 m, vertex 600191.038073 m, -253.787 mm above the ground
[RockPrecisionFixDiag]   rock 'Kerbin Zn3010000130' 'Grass00' #96 vertex 2: ground 600191.319108 m, vertex 600192.083801 m, +764.693 mm above the ground
[RockPrecisionFixDiag]   rock 'Kerbin Zn3010000130' 'Grass00' #96 vertex 3: ground 600191.291832 m, vertex 600192.083490 m, +791.659 mm above the ground
[RockPrecisionFixDiag]   rock 'Kerbin Zn3010000130' 'Grass00' #96 vertex 4: ground 600191.319150 m, vertex 600191.038381 m, -280.769 mm above the ground
[RockPrecisionFixDiag]   rock 'Kerbin Zn3010000130' 'Grass00' #96 vertex 5: ground 600191.291860 m, vertex 600191.038073 m, -253.787 mm above the ground
[RockPrecisionFixDiag]   rock 'Kerbin Zn3010000130' 'Grass00' #96 vertex 6: ground 600191.319108 m, vertex 600192.083801 m, +764.693 mm above the ground
[RockPrecisionFixDiag]   rock 'Kerbin Zn3010000130' 'Grass00' #96 vertex 7: ground 600191.291832 m, vertex 600192.083490 m, +791.659 mm above the ground
[RockPrecisionFixDiag]   rock 'Kerbin Zn3010000130' 'Grass00' #97 vertex 0: ground 600195.541640 m, vertex 600195.259035 m, -282.605 mm above the ground
[RockPrecisionFixDiag]   rock 'Kerbin Zn3010000130' 'Grass00' #97 vertex 1: ground 600195.649202 m, vertex 600195.259041 m, -390.161 mm above the ground
[RockPrecisionFixDiag]   rock 'Kerbin Zn3010000130' 'Grass00' #97 vertex 2: ground 600195.541659 m, vertex 600197.130335 m, +1588.676 mm above the ground
[RockPrecisionFixDiag]   rock 'Kerbin Zn3010000130' 'Grass00' #97 vertex 3: ground 600195.649228 m, vertex 600197.130340 m, +1481.111 mm above the ground
[RockPrecisionFixDiag]   rock 'Kerbin Zn3010000130' 'Grass00' #97 vertex 4: ground 600195.541640 m, vertex 600195.259035 m, -282.605 mm above the ground
[RockPrecisionFixDiag]   rock 'Kerbin Zn3010000130' 'Grass00' #97 vertex 5: ground 600195.649202 m, vertex 600195.259041 m, -390.161 mm above the ground
[RockPrecisionFixDiag]   rock 'Kerbin Zn3010000130' 'Grass00' #97 vertex 6: ground 600195.541659 m, vertex 600197.130335 m, +1588.676 mm above the ground
[RockPrecisionFixDiag]   rock 'Kerbin Zn3010000130' 'Grass00' #97 vertex 7: ground 600195.649228 m, vertex 600197.130340 m, +1481.111 mm above the ground
[RockPrecisionFixDiag]   rock 'Kerbin Zn3010000130' 'Grass00' #98 vertex 0: ground 600186.428817 m, vertex 600186.223873 m, -204.944 mm above the ground
[RockPrecisionFixDiag]   rock 'Kerbin Zn3010000130' 'Grass00' #98 vertex 1: ground 600186.428721 m, vertex 600186.225085 m, -203.636 mm above the ground
[RockPrecisionFixDiag]   rock 'Kerbin Zn3010000130' 'Grass00' #98 vertex 2: ground 600186.428848 m, vertex 600187.918164 m, +1489.316 mm above the ground
[RockPrecisionFixDiag]   rock 'Kerbin Zn3010000130' 'Grass00' #98 vertex 3: ground 600186.428717 m, vertex 600187.919389 m, +1490.671 mm above the ground
[RockPrecisionFixDiag]   rock 'Kerbin Zn3010000130' 'Grass00' #98 vertex 4: ground 600186.428817 m, vertex 600186.223873 m, -204.944 mm above the ground
[RockPrecisionFixDiag]   rock 'Kerbin Zn3010000130' 'Grass00' #98 vertex 5: ground 600186.428721 m, vertex 600186.225085 m, -203.636 mm above the ground
[RockPrecisionFixDiag]   rock 'Kerbin Zn3010000130' 'Grass00' #98 vertex 6: ground 600186.428848 m, vertex 600187.918164 m, +1489.316 mm above the ground
[RockPrecisionFixDiag]   rock 'Kerbin Zn3010000130' 'Grass00' #98 vertex 7: ground 600186.428717 m, vertex 600187.919389 m, +1490.671 mm above the ground
[RockPrecisionFixDiag]   rock 'Kerbin Zn3010000130' 'Grass00' #99 vertex 0: ground 600199.969645 m, vertex 600199.688848 m, -280.797 mm above the ground
[RockPrecisionFixDiag]   rock 'Kerbin Zn3010000130' 'Grass00' #99 vertex 1: ground 600200.030372 m, vertex 600199.689124 m, -341.248 mm above the ground
[RockPrecisionFixDiag]   rock 'Kerbin Zn3010000130' 'Grass00' #99 vertex 2: ground 600199.969636 m, vertex 600200.927733 m, +958.098 mm above the ground
[RockPrecisionFixDiag]   rock 'Kerbin Zn3010000130' 'Grass00' #99 vertex 3: ground 600200.030360 m, vertex 600200.928010 m, +897.651 mm above the ground
[RockPrecisionFixDiag]   rock 'Kerbin Zn3010000130' 'Grass00' #99 vertex 4: ground 600199.969645 m, vertex 600199.688848 m, -280.797 mm above the ground
[RockPrecisionFixDiag]   rock 'Kerbin Zn3010000130' 'Grass00' #99 vertex 5: ground 600200.030372 m, vertex 600199.689124 m, -341.248 mm above the ground
[RockPrecisionFixDiag]   rock 'Kerbin Zn3010000130' 'Grass00' #99 vertex 6: ground 600199.969636 m, vertex 600200.927733 m, +958.098 mm above the ground
[RockPrecisionFixDiag]   rock 'Kerbin Zn3010000130' 'Grass00' #99 vertex 7: ground 600200.030360 m, vertex 600200.928010 m, +897.651 mm above the ground
[RockPrecisionFixDiag]   rock 'Kerbin Zn3010000130' 'Grass00' #100 vertex 0: ground 600204.351450 m, vertex 600204.070323 m, -281.127 mm above the ground
[RockPrecisionFixDiag]   rock 'Kerbin Zn3010000130' 'Grass00' #100 vertex 1: ground 600204.299345 m, vertex 600204.069443 m, -229.902 mm above the ground
[RockPrecisionFixDiag]   rock 'Kerbin Zn3010000130' 'Grass00' #100 vertex 2: ground 600204.351460 m, vertex 600205.714295 m, +1362.835 mm above the ground
[RockPrecisionFixDiag]   rock 'Kerbin Zn3010000130' 'Grass00' #100 vertex 3: ground 600204.299258 m, vertex 600205.713402 m, +1414.144 mm above the ground
[RockPrecisionFixDiag]   rock 'Kerbin Zn3010000130' 'Grass00' #100 vertex 4: ground 600204.351450 m, vertex 600204.070323 m, -281.127 mm above the ground
[RockPrecisionFixDiag]   rock 'Kerbin Zn3010000130' 'Grass00' #100 vertex 5: ground 600204.299345 m, vertex 600204.069443 m, -229.902 mm above the ground
[RockPrecisionFixDiag]   rock 'Kerbin Zn3010000130' 'Grass00' #100 vertex 6: ground 600204.351460 m, vertex 600205.714295 m, +1362.835 mm above the ground
[RockPrecisionFixDiag]   rock 'Kerbin Zn3010000130' 'Grass00' #100 vertex 7: ground 600204.299258 m, vertex 600205.713402 m, +1414.144 mm above the ground
[RockPrecisionFixDiag]   rock 'Kerbin Zn3010000130' 'Grass00' #101 vertex 0: ground 600186.809524 m, vertex 600186.529026 m, -280.497 mm above the ground
[RockPrecisionFixDiag]   rock 'Kerbin Zn3010000130' 'Grass00' #101 vertex 1: ground 600186.796806 m, vertex 600186.528906 m, -267.900 mm above the ground
[RockPrecisionFixDiag]   rock 'Kerbin Zn3010000130' 'Grass00' #101 vertex 2: ground 600186.809542 m, vertex 600188.512986 m, +1703.444 mm above the ground
[RockPrecisionFixDiag]   rock 'Kerbin Zn3010000130' 'Grass00' #101 vertex 3: ground 600186.796823 m, vertex 600188.512865 m, +1716.042 mm above the ground
[RockPrecisionFixDiag]   rock 'Kerbin Zn3010000130' 'Grass00' #101 vertex 4: ground 600186.809524 m, vertex 600186.529026 m, -280.497 mm above the ground
[RockPrecisionFixDiag]   rock 'Kerbin Zn3010000130' 'Grass00' #101 vertex 5: ground 600186.796806 m, vertex 600186.528906 m, -267.900 mm above the ground
[RockPrecisionFixDiag]   rock 'Kerbin Zn3010000130' 'Grass00' #101 vertex 6: ground 600186.809542 m, vertex 600188.512986 m, +1703.444 mm above the ground
[RockPrecisionFixDiag]   rock 'Kerbin Zn3010000130' 'Grass00' #101 vertex 7: ground 600186.796823 m, vertex 600188.512865 m, +1716.042 mm above the ground
[RockPrecisionFixDiag]   rock 'Kerbin Zn3010000130' 'Grass00' #102 vertex 0: ground 600203.410813 m, vertex 600203.129099 m, -281.714 mm above the ground
[RockPrecisionFixDiag]   rock 'Kerbin Zn3010000130' 'Grass00' #102 vertex 1: ground 600203.486176 m, vertex 600203.128548 m, -357.628 mm above the ground
[RockPrecisionFixDiag]   rock 'Kerbin Zn3010000130' 'Grass00' #102 vertex 2: ground 600203.410857 m, vertex 600204.414258 m, +1003.402 mm above the ground
[RockPrecisionFixDiag]   rock 'Kerbin Zn3010000130' 'Grass00' #102 vertex 3: ground 600203.486186 m, vertex 600204.413714 m, +927.528 mm above the ground
[RockPrecisionFixDiag]   rock 'Kerbin Zn3010000130' 'Grass00' #102 vertex 4: ground 600203.410813 m, vertex 600203.129099 m, -281.714 mm above the ground
[RockPrecisionFixDiag]   rock 'Kerbin Zn3010000130' 'Grass00' #102 vertex 5: ground 600203.486176 m, vertex 600203.128548 m, -357.628 mm above the ground
[RockPrecisionFixDiag]   rock 'Kerbin Zn3010000130' 'Grass00' #102 vertex 6: ground 600203.410857 m, vertex 600204.414258 m, +1003.402 mm above the ground
[RockPrecisionFixDiag]   rock 'Kerbin Zn3010000130' 'Grass00' #102 vertex 7: ground 600203.486186 m, vertex 600204.413714 m, +927.528 mm above the ground
[RockPrecisionFixDiag]   rock 'Kerbin Zn3010000130' 'Grass00' #103 vertex 0: ground 600197.450640 m, vertex 600197.445349 m, -5.291 mm above the ground
[RockPrecisionFixDiag]   rock 'Kerbin Zn3010000130' 'Grass00' #103 vertex 1: ground 600197.490093 m, vertex 600197.444561 m, -45.532 mm above the ground
[RockPrecisionFixDiag]   rock 'Kerbin Zn3010000130' 'Grass00' #103 vertex 2: ground 600197.450660 m, vertex 600199.302858 m, +1852.198 mm above the ground
[RockPrecisionFixDiag]   rock 'Kerbin Zn3010000130' 'Grass00' #103 vertex 3: ground 600197.490109 m, vertex 600199.302069 m, +1811.960 mm above the ground
[RockPrecisionFixDiag]   rock 'Kerbin Zn3010000130' 'Grass00' #103 vertex 4: ground 600197.450640 m, vertex 600197.445349 m, -5.291 mm above the ground
[RockPrecisionFixDiag]   rock 'Kerbin Zn3010000130' 'Grass00' #103 vertex 5: ground 600197.490093 m, vertex 600197.444561 m, -45.532 mm above the ground
[RockPrecisionFixDiag]   rock 'Kerbin Zn3010000130' 'Grass00' #103 vertex 6: ground 600197.450660 m, vertex 600199.302858 m, +1852.198 mm above the ground
[RockPrecisionFixDiag]   rock 'Kerbin Zn3010000130' 'Grass00' #103 vertex 7: ground 600197.490109 m, vertex 600199.302069 m, +1811.960 mm above the ground
[RockPrecisionFixDiag]   rock 'Kerbin Zn3010000130' 'Grass00' #104 vertex 0: ground 600205.714669 m, vertex 600205.435050 m, -279.619 mm above the ground
[RockPrecisionFixDiag]   rock 'Kerbin Zn3010000130' 'Grass00' #104 vertex 1: ground 600205.774780 m, vertex 600205.433912 m, -340.867 mm above the ground
[RockPrecisionFixDiag]   rock 'Kerbin Zn3010000130' 'Grass00' #104 vertex 2: ground 600205.714682 m, vertex 600207.240718 m, +1526.036 mm above the ground
[RockPrecisionFixDiag]   rock 'Kerbin Zn3010000130' 'Grass00' #104 vertex 3: ground 600205.774743 m, vertex 600207.239580 m, +1464.838 mm above the ground
[RockPrecisionFixDiag]   rock 'Kerbin Zn3010000130' 'Grass00' #104 vertex 4: ground 600205.714669 m, vertex 600205.435050 m, -279.619 mm above the ground
[RockPrecisionFixDiag]   rock 'Kerbin Zn3010000130' 'Grass00' #104 vertex 5: ground 600205.774780 m, vertex 600205.433912 m, -340.867 mm above the ground
[RockPrecisionFixDiag]   rock 'Kerbin Zn3010000130' 'Grass00' #104 vertex 6: ground 600205.714682 m, vertex 600207.240718 m, +1526.036 mm above the ground
[RockPrecisionFixDiag]   rock 'Kerbin Zn3010000130' 'Grass00' #104 vertex 7: ground 600205.774743 m, vertex 600207.239580 m, +1464.838 mm above the ground
[RockPrecisionFixDiag]   rock 'Kerbin Zn3010000130' 'Grass00' #105 vertex 0: ground 600194.695797 m, vertex 600194.501082 m, -194.716 mm above the ground
[RockPrecisionFixDiag]   rock 'Kerbin Zn3010000130' 'Grass00' #105 vertex 1: ground 600194.531209 m, vertex 600194.502754 m, -28.455 mm above the ground
[RockPrecisionFixDiag]   rock 'Kerbin Zn3010000130' 'Grass00' #105 vertex 2: ground 600194.695932 m, vertex 600196.409770 m, +1713.837 mm above the ground
[RockPrecisionFixDiag]   rock 'Kerbin Zn3010000130' 'Grass00' #105 vertex 3: ground 600194.531330 m, vertex 600196.411435 m, +1880.105 mm above the ground
[RockPrecisionFixDiag]   rock 'Kerbin Zn3010000130' 'Grass00' #105 vertex 4: ground 600194.695797 m, vertex 600194.501082 m, -194.716 mm above the ground
[RockPrecisionFixDiag]   rock 'Kerbin Zn3010000130' 'Grass00' #105 vertex 5: ground 600194.531209 m, vertex 600194.502754 m, -28.455 mm above the ground
[RockPrecisionFixDiag]   rock 'Kerbin Zn3010000130' 'Grass00' #105 vertex 6: ground 600194.695932 m, vertex 600196.409770 m, +1713.837 mm above the ground
[RockPrecisionFixDiag]   rock 'Kerbin Zn3010000130' 'Grass00' #105 vertex 7: ground 600194.531330 m, vertex 600196.411435 m, +1880.105 mm above the ground
[RockPrecisionFixDiag]   rock 'Kerbin Zn3010000130' 'Grass00' #106 vertex 0: ground 600191.356401 m, vertex 600191.815151 m, +458.750 mm above the ground
[RockPrecisionFixDiag]   rock 'Kerbin Zn3010000130' 'Grass00' #106 vertex 1: ground 600191.369993 m, vertex 600191.815503 m, +445.510 mm above the ground
[RockPrecisionFixDiag]   rock 'Kerbin Zn3010000130' 'Grass00' #106 vertex 2: ground 600191.356446 m, vertex 600192.964606 m, +1608.160 mm above the ground
[RockPrecisionFixDiag]   rock 'Kerbin Zn3010000130' 'Grass00' #106 vertex 3: ground 600191.370034 m, vertex 600192.964937 m, +1594.902 mm above the ground
[RockPrecisionFixDiag]   rock 'Kerbin Zn3010000130' 'Grass00' #106 vertex 4: ground 600191.356401 m, vertex 600191.815151 m, +458.750 mm above the ground
[RockPrecisionFixDiag]   rock 'Kerbin Zn3010000130' 'Grass00' #106 vertex 5: ground 600191.369993 m, vertex 600191.815503 m, +445.510 mm above the ground
[RockPrecisionFixDiag]   rock 'Kerbin Zn3010000130' 'Grass00' #106 vertex 6: ground 600191.356446 m, vertex 600192.964606 m, +1608.160 mm above the ground
[RockPrecisionFixDiag]   rock 'Kerbin Zn3010000130' 'Grass00' #106 vertex 7: ground 600191.370034 m, vertex 600192.964937 m, +1594.902 mm above the ground
[RockPrecisionFixDiag]   rock 'Kerbin Zn3010000130' 'Grass00' #107 vertex 0: ground 600202.399827 m, vertex 600202.117603 m, -282.225 mm above the ground
[RockPrecisionFixDiag]   rock 'Kerbin Zn3010000130' 'Grass00' #107 vertex 1: ground 600202.415598 m, vertex 600202.116394 m, -299.204 mm above the ground
[RockPrecisionFixDiag]   rock 'Kerbin Zn3010000130' 'Grass00' #107 vertex 2: ground 600202.399821 m, vertex 600203.809752 m, +1409.931 mm above the ground
[RockPrecisionFixDiag]   rock 'Kerbin Zn3010000130' 'Grass00' #107 vertex 3: ground 600202.415591 m, vertex 600203.808561 m, +1392.970 mm above the ground
[RockPrecisionFixDiag]   rock 'Kerbin Zn3010000130' 'Grass00' #107 vertex 4: ground 600202.399827 m, vertex 600202.117603 m, -282.225 mm above the ground
[RockPrecisionFixDiag]   rock 'Kerbin Zn3010000130' 'Grass00' #107 vertex 5: ground 600202.415598 m, vertex 600202.116394 m, -299.204 mm above the ground
[RockPrecisionFixDiag]   rock 'Kerbin Zn3010000130' 'Grass00' #107 vertex 6: ground 600202.399821 m, vertex 600203.809752 m, +1409.931 mm above the ground
[RockPrecisionFixDiag]   rock 'Kerbin Zn3010000130' 'Grass00' #107 vertex 7: ground 600202.415591 m, vertex 600203.808561 m, +1392.970 mm above the ground
[RockPrecisionFixDiag]   rock 'Kerbin Zn3010000130' 'Grass00' #108 vertex 0: ground 600200.317249 m, vertex 600200.036490 m, -280.759 mm above the ground
[RockPrecisionFixDiag]   rock 'Kerbin Zn3010000130' 'Grass00' #108 vertex 1: ground 600200.357638 m, vertex 600200.035747 m, -321.890 mm above the ground
[RockPrecisionFixDiag]   rock 'Kerbin Zn3010000130' 'Grass00' #108 vertex 2: ground 600200.317226 m, vertex 600201.178845 m, +861.619 mm above the ground
[RockPrecisionFixDiag]   rock 'Kerbin Zn3010000130' 'Grass00' #108 vertex 3: ground 600200.357615 m, vertex 600201.178103 m, +820.488 mm above the ground
[RockPrecisionFixDiag]   rock 'Kerbin Zn3010000130' 'Grass00' #108 vertex 4: ground 600200.317249 m, vertex 600200.036490 m, -280.759 mm above the ground
[RockPrecisionFixDiag]   rock 'Kerbin Zn3010000130' 'Grass00' #108 vertex 5: ground 600200.357638 m, vertex 600200.035747 m, -321.890 mm above the ground
[RockPrecisionFixDiag]   rock 'Kerbin Zn3010000130' 'Grass00' #108 vertex 6: ground 600200.317226 m, vertex 600201.178845 m, +861.619 mm above the ground
[RockPrecisionFixDiag]   rock 'Kerbin Zn3010000130' 'Grass00' #108 vertex 7: ground 600200.357615 m, vertex 600201.178103 m, +820.488 mm above the ground
[RockPrecisionFixDiag]   rock 'Kerbin Zn3010000130' 'Grass00' #109 vertex 0: ground 600217.216401 m, vertex 600216.934376 m, -282.025 mm above the ground
[RockPrecisionFixDiag]   rock 'Kerbin Zn3010000130' 'Grass00' #109 vertex 1: ground 600217.206671 m, vertex 600216.935183 m, -271.487 mm above the ground
[RockPrecisionFixDiag]   rock 'Kerbin Zn3010000130' 'Grass00' #109 vertex 2: ground 600217.216455 m, vertex 600218.240589 m, +1024.134 mm above the ground
[RockPrecisionFixDiag]   rock 'Kerbin Zn3010000130' 'Grass00' #109 vertex 3: ground 600217.206673 m, vertex 600218.241400 m, +1034.728 mm above the ground
[RockPrecisionFixDiag]   rock 'Kerbin Zn3010000130' 'Grass00' #109 vertex 4: ground 600217.216401 m, vertex 600216.934376 m, -282.025 mm above the ground
[RockPrecisionFixDiag]   rock 'Kerbin Zn3010000130' 'Grass00' #109 vertex 5: ground 600217.206671 m, vertex 600216.935183 m, -271.487 mm above the ground
[RockPrecisionFixDiag]   rock 'Kerbin Zn3010000130' 'Grass00' #109 vertex 6: ground 600217.216455 m, vertex 600218.240589 m, +1024.134 mm above the ground
[RockPrecisionFixDiag]   rock 'Kerbin Zn3010000130' 'Grass00' #109 vertex 7: ground 600217.206673 m, vertex 600218.241400 m, +1034.728 mm above the ground
[RockPrecisionFixDiag]   rock 'Kerbin Zn3010000130' 'Grass00' #110 vertex 0: ground 600202.919104 m, vertex 600202.636633 m, -282.472 mm above the ground
[RockPrecisionFixDiag]   rock 'Kerbin Zn3010000130' 'Grass00' #110 vertex 1: ground 600202.865181 m, vertex 600202.635790 m, -229.390 mm above the ground
[RockPrecisionFixDiag]   rock 'Kerbin Zn3010000130' 'Grass00' #110 vertex 2: ground 600202.919051 m, vertex 600204.311675 m, +1392.623 mm above the ground
[RockPrecisionFixDiag]   rock 'Kerbin Zn3010000130' 'Grass00' #110 vertex 3: ground 600202.865129 m, vertex 600204.310840 m, +1445.710 mm above the ground
[RockPrecisionFixDiag]   rock 'Kerbin Zn3010000130' 'Grass00' #110 vertex 4: ground 600202.919104 m, vertex 600202.636633 m, -282.472 mm above the ground
[RockPrecisionFixDiag]   rock 'Kerbin Zn3010000130' 'Grass00' #110 vertex 5: ground 600202.865181 m, vertex 600202.635790 m, -229.390 mm above the ground
[RockPrecisionFixDiag]   rock 'Kerbin Zn3010000130' 'Grass00' #110 vertex 6: ground 600202.919051 m, vertex 600204.311675 m, +1392.623 mm above the ground
[RockPrecisionFixDiag]   rock 'Kerbin Zn3010000130' 'Grass00' #110 vertex 7: ground 600202.865129 m, vertex 600204.310840 m, +1445.710 mm above the ground
[RockPrecisionFixDiag]   rock 'Kerbin Zn3010000130' 'Grass00' #111 vertex 0: ground 600193.168156 m, vertex 600192.887589 m, -280.567 mm above the ground
[RockPrecisionFixDiag]   rock 'Kerbin Zn3010000130' 'Grass00' #111 vertex 1: ground 600193.107573 m, vertex 600192.887933 m, -219.640 mm above the ground
[RockPrecisionFixDiag]   rock 'Kerbin Zn3010000130' 'Grass00' #111 vertex 2: ground 600193.168185 m, vertex 600194.364804 m, +1196.619 mm above the ground
[RockPrecisionFixDiag]   rock 'Kerbin Zn3010000130' 'Grass00' #111 vertex 3: ground 600193.107599 m, vertex 600194.365146 m, +1257.547 mm above the ground
[RockPrecisionFixDiag]   rock 'Kerbin Zn3010000130' 'Grass00' #111 vertex 4: ground 600193.168156 m, vertex 600192.887589 m, -280.567 mm above the ground
[RockPrecisionFixDiag]   rock 'Kerbin Zn3010000130' 'Grass00' #111 vertex 5: ground 600193.107573 m, vertex 600192.887933 m, -219.640 mm above the ground
[RockPrecisionFixDiag]   rock 'Kerbin Zn3010000130' 'Grass00' #111 vertex 6: ground 600193.168185 m, vertex 600194.364804 m, +1196.619 mm above the ground
[RockPrecisionFixDiag]   rock 'Kerbin Zn3010000130' 'Grass00' #111 vertex 7: ground 600193.107599 m, vertex 600194.365146 m, +1257.547 mm above the ground
[RockPrecisionFixDiag]   rock 'Kerbin Zn3010000130' 'Grass00' #112 vertex 0: ground 600203.164704 m, vertex 600204.161124 m, +996.420 mm above the ground
[RockPrecisionFixDiag]   rock 'Kerbin Zn3010000130' 'Grass00' #112 vertex 1: ground 600203.075545 m, vertex 600204.159662 m, +1084.117 mm above the ground
[RockPrecisionFixDiag]   rock 'Kerbin Zn3010000130' 'Grass00' #112 vertex 2: ground 600203.164642 m, vertex 600206.161053 m, +2996.411 mm above the ground
[RockPrecisionFixDiag]   rock 'Kerbin Zn3010000130' 'Grass00' #112 vertex 3: ground 600203.075483 m, vertex 600206.159584 m, +3084.101 mm above the ground
[RockPrecisionFixDiag]   rock 'Kerbin Zn3010000130' 'Grass00' #112 vertex 4: ground 600203.164704 m, vertex 600204.161124 m, +996.420 mm above the ground
[RockPrecisionFixDiag]   rock 'Kerbin Zn3010000130' 'Grass00' #112 vertex 5: ground 600203.075545 m, vertex 600204.159662 m, +1084.117 mm above the ground
[RockPrecisionFixDiag]   rock 'Kerbin Zn3010000130' 'Grass00' #112 vertex 6: ground 600203.164642 m, vertex 600206.161053 m, +2996.411 mm above the ground
[RockPrecisionFixDiag]   rock 'Kerbin Zn3010000130' 'Grass00' #112 vertex 7: ground 600203.075483 m, vertex 600206.159584 m, +3084.101 mm above the ground
[RockPrecisionFixDiag]   rock 'Kerbin Zn3010000130' 'Grass00' #113 vertex 0: ground 600204.789337 m, vertex 600204.507868 m, -281.469 mm above the ground
[RockPrecisionFixDiag]   rock 'Kerbin Zn3010000130' 'Grass00' #113 vertex 1: ground 600204.763189 m, vertex 600204.507290 m, -255.899 mm above the ground
[RockPrecisionFixDiag]   rock 'Kerbin Zn3010000130' 'Grass00' #113 vertex 2: ground 600204.789336 m, vertex 600206.461370 m, +1672.035 mm above the ground
[RockPrecisionFixDiag]   rock 'Kerbin Zn3010000130' 'Grass00' #113 vertex 3: ground 600204.763064 m, vertex 600206.460798 m, +1697.734 mm above the ground
[RockPrecisionFixDiag]   rock 'Kerbin Zn3010000130' 'Grass00' #113 vertex 4: ground 600204.789337 m, vertex 600204.507868 m, -281.469 mm above the ground
[RockPrecisionFixDiag]   rock 'Kerbin Zn3010000130' 'Grass00' #113 vertex 5: ground 600204.763189 m, vertex 600204.507290 m, -255.899 mm above the ground
[RockPrecisionFixDiag]   rock 'Kerbin Zn3010000130' 'Grass00' #113 vertex 6: ground 600204.789336 m, vertex 600206.461370 m, +1672.035 mm above the ground
[RockPrecisionFixDiag]   rock 'Kerbin Zn3010000130' 'Grass00' #113 vertex 7: ground 600204.763064 m, vertex 600206.460798 m, +1697.734 mm above the ground
[RockPrecisionFixDiag]   rock 'Kerbin Zn3010000130' 'Grass00' #114 vertex 0: ground 600191.503069 m, vertex 600191.222961 m, -280.108 mm above the ground
[RockPrecisionFixDiag]   rock 'Kerbin Zn3010000130' 'Grass00' #114 vertex 1: ground 600191.506107 m, vertex 600191.223611 m, -282.496 mm above the ground
[RockPrecisionFixDiag]   rock 'Kerbin Zn3010000130' 'Grass00' #114 vertex 2: ground 600191.503022 m, vertex 600192.369859 m, +866.837 mm above the ground
[RockPrecisionFixDiag]   rock 'Kerbin Zn3010000130' 'Grass00' #114 vertex 3: ground 600191.506046 m, vertex 600192.370522 m, +864.476 mm above the ground
[RockPrecisionFixDiag]   rock 'Kerbin Zn3010000130' 'Grass00' #114 vertex 4: ground 600191.503069 m, vertex 600191.222961 m, -280.108 mm above the ground
[RockPrecisionFixDiag]   rock 'Kerbin Zn3010000130' 'Grass00' #114 vertex 5: ground 600191.506107 m, vertex 600191.223611 m, -282.496 mm above the ground
[RockPrecisionFixDiag]   rock 'Kerbin Zn3010000130' 'Grass00' #114 vertex 6: ground 600191.503022 m, vertex 600192.369859 m, +866.837 mm above the ground
[RockPrecisionFixDiag]   rock 'Kerbin Zn3010000130' 'Grass00' #114 vertex 7: ground 600191.506046 m, vertex 600192.370522 m, +864.476 mm above the ground
[RockPrecisionFixDiag]   rock 'Kerbin Zn3010000130' 'Grass00' #115 vertex 0: ground 600189.794395 m, vertex 600189.513097 m, -281.298 mm above the ground
[RockPrecisionFixDiag]   rock 'Kerbin Zn3010000130' 'Grass00' #115 vertex 1: ground 600189.789487 m, vertex 600189.512870 m, -276.617 mm above the ground
[RockPrecisionFixDiag]   rock 'Kerbin Zn3010000130' 'Grass00' #115 vertex 2: ground 600189.794398 m, vertex 600190.543823 m, +749.425 mm above the ground
[RockPrecisionFixDiag]   rock 'Kerbin Zn3010000130' 'Grass00' #115 vertex 3: ground 600189.789482 m, vertex 600190.543596 m, +754.114 mm above the ground
[RockPrecisionFixDiag]   rock 'Kerbin Zn3010000130' 'Grass00' #115 vertex 4: ground 600189.794395 m, vertex 600189.513097 m, -281.298 mm above the ground
[RockPrecisionFixDiag]   rock 'Kerbin Zn3010000130' 'Grass00' #115 vertex 5: ground 600189.789487 m, vertex 600189.512870 m, -276.617 mm above the ground
[RockPrecisionFixDiag]   rock 'Kerbin Zn3010000130' 'Grass00' #115 vertex 6: ground 600189.794398 m, vertex 600190.543823 m, +749.425 mm above the ground
[RockPrecisionFixDiag]   rock 'Kerbin Zn3010000130' 'Grass00' #115 vertex 7: ground 600189.789482 m, vertex 600190.543596 m, +754.114 mm above the ground
[RockPrecisionFixDiag]   rock 'Kerbin Zn3010000130' 'Grass00' #116 vertex 0: ground 600205.739984 m, vertex 600205.449411 m, -290.573 mm above the ground
[RockPrecisionFixDiag]   rock 'Kerbin Zn3010000130' 'Grass00' #116 vertex 1: ground 600205.770158 m, vertex 600205.448901 m, -321.258 mm above the ground
[RockPrecisionFixDiag]   rock 'Kerbin Zn3010000130' 'Grass00' #116 vertex 2: ground 600205.740007 m, vertex 600206.526461 m, +786.454 mm above the ground
[RockPrecisionFixDiag]   rock 'Kerbin Zn3010000130' 'Grass00' #116 vertex 3: ground 600205.770169 m, vertex 600206.525968 m, +755.799 mm above the ground
[RockPrecisionFixDiag]   rock 'Kerbin Zn3010000130' 'Grass00' #116 vertex 4: ground 600205.739984 m, vertex 600205.449411 m, -290.573 mm above the ground
[RockPrecisionFixDiag]   rock 'Kerbin Zn3010000130' 'Grass00' #116 vertex 5: ground 600205.770158 m, vertex 600205.448901 m, -321.258 mm above the ground
[RockPrecisionFixDiag]   rock 'Kerbin Zn3010000130' 'Grass00' #116 vertex 6: ground 600205.740007 m, vertex 600206.526461 m, +786.454 mm above the ground
[RockPrecisionFixDiag]   rock 'Kerbin Zn3010000130' 'Grass00' #116 vertex 7: ground 600205.770169 m, vertex 600206.525968 m, +755.799 mm above the ground
[RockPrecisionFixDiag]   rock 'Kerbin Zn3010000130' 'Grass00' #117 vertex 0: ground 600202.347815 m, vertex 600202.164992 m, -182.824 mm above the ground
[RockPrecisionFixDiag]   rock 'Kerbin Zn3010000130' 'Grass00' #117 vertex 1: ground 600202.305193 m, vertex 600202.164147 m, -141.047 mm above the ground
[RockPrecisionFixDiag]   rock 'Kerbin Zn3010000130' 'Grass00' #117 vertex 2: ground 600202.347783 m, vertex 600203.272272 m, +924.488 mm above the ground
[RockPrecisionFixDiag]   rock 'Kerbin Zn3010000130' 'Grass00' #117 vertex 3: ground 600202.305172 m, vertex 600203.271427 m, +966.255 mm above the ground
[RockPrecisionFixDiag]   rock 'Kerbin Zn3010000130' 'Grass00' #117 vertex 4: ground 600202.347815 m, vertex 600202.164992 m, -182.824 mm above the ground
[RockPrecisionFixDiag]   rock 'Kerbin Zn3010000130' 'Grass00' #117 vertex 5: ground 600202.305193 m, vertex 600202.164147 m, -141.047 mm above the ground
[RockPrecisionFixDiag]   rock 'Kerbin Zn3010000130' 'Grass00' #117 vertex 6: ground 600202.347783 m, vertex 600203.272272 m, +924.488 mm above the ground
[RockPrecisionFixDiag]   rock 'Kerbin Zn3010000130' 'Grass00' #117 vertex 7: ground 600202.305172 m, vertex 600203.271427 m, +966.255 mm above the ground
[RockPrecisionFixDiag]   rock 'Kerbin Zn3010000130' 'Grass00' #118 vertex 0: ground 600205.886028 m, vertex 600206.804700 m, +918.672 mm above the ground
[RockPrecisionFixDiag]   rock 'Kerbin Zn3010000130' 'Grass00' #118 vertex 1: ground 600205.834082 m, vertex 600206.805328 m, +971.246 mm above the ground
[RockPrecisionFixDiag]   rock 'Kerbin Zn3010000130' 'Grass00' #118 vertex 2: ground 600205.886089 m, vertex 600207.822027 m, +1935.938 mm above the ground
[RockPrecisionFixDiag]   rock 'Kerbin Zn3010000130' 'Grass00' #118 vertex 3: ground 600205.834131 m, vertex 600207.822643 m, +1988.512 mm above the ground
[RockPrecisionFixDiag]   rock 'Kerbin Zn3010000130' 'Grass00' #118 vertex 4: ground 600205.886028 m, vertex 600206.804700 m, +918.672 mm above the ground
[RockPrecisionFixDiag]   rock 'Kerbin Zn3010000130' 'Grass00' #118 vertex 5: ground 600205.834082 m, vertex 600206.805328 m, +971.246 mm above the ground
[RockPrecisionFixDiag]   rock 'Kerbin Zn3010000130' 'Grass00' #118 vertex 6: ground 600205.886089 m, vertex 600207.822027 m, +1935.938 mm above the ground
[RockPrecisionFixDiag]   rock 'Kerbin Zn3010000130' 'Grass00' #118 vertex 7: ground 600205.834131 m, vertex 600207.822643 m, +1988.512 mm above the ground
[RockPrecisionFixDiag]   rock 'Kerbin Zn3010000130' 'Grass00' #119 vertex 0: ground 600195.151939 m, vertex 600194.870238 m, -281.700 mm above the ground
[RockPrecisionFixDiag]   rock 'Kerbin Zn3010000130' 'Grass00' #119 vertex 1: ground 600195.305914 m, vertex 600194.868706 m, -437.208 mm above the ground
[RockPrecisionFixDiag]   rock 'Kerbin Zn3010000130' 'Grass00' #119 vertex 2: ground 600195.152109 m, vertex 600196.509230 m, +1357.122 mm above the ground
[RockPrecisionFixDiag]   rock 'Kerbin Zn3010000130' 'Grass00' #119 vertex 3: ground 600195.305998 m, vertex 600196.507698 m, +1201.699 mm above the ground
[RockPrecisionFixDiag]   rock 'Kerbin Zn3010000130' 'Grass00' #119 vertex 4: ground 600195.151939 m, vertex 600194.870238 m, -281.700 mm above the ground
[RockPrecisionFixDiag]   rock 'Kerbin Zn3010000130' 'Grass00' #119 vertex 5: ground 600195.305914 m, vertex 600194.868706 m, -437.208 mm above the ground
[RockPrecisionFixDiag]   rock 'Kerbin Zn3010000130' 'Grass00' #119 vertex 6: ground 600195.152109 m, vertex 600196.509230 m, +1357.122 mm above the ground
[RockPrecisionFixDiag]   rock 'Kerbin Zn3010000130' 'Grass00' #119 vertex 7: ground 600195.305998 m, vertex 600196.507698 m, +1201.699 mm above the ground
[RockPrecisionFixDiag]   rock 'Kerbin Zn3010000130' 'Grass00' #120 vertex 0: ground 600203.048567 m, vertex 600202.765810 m, -282.757 mm above the ground
[RockPrecisionFixDiag]   rock 'Kerbin Zn3010000130' 'Grass00' #120 vertex 1: ground 600203.120721 m, vertex 600202.767116 m, -353.605 mm above the ground
[RockPrecisionFixDiag]   rock 'Kerbin Zn3010000130' 'Grass00' #120 vertex 2: ground 600203.048485 m, vertex 600204.692813 m, +1644.328 mm above the ground
[RockPrecisionFixDiag]   rock 'Kerbin Zn3010000130' 'Grass00' #120 vertex 3: ground 600203.120627 m, vertex 600204.694107 m, +1573.480 mm above the ground
[RockPrecisionFixDiag]   rock 'Kerbin Zn3010000130' 'Grass00' #120 vertex 4: ground 600203.048567 m, vertex 600202.765810 m, -282.757 mm above the ground
[RockPrecisionFixDiag]   rock 'Kerbin Zn3010000130' 'Grass00' #120 vertex 5: ground 600203.120721 m, vertex 600202.767116 m, -353.605 mm above the ground
[RockPrecisionFixDiag]   rock 'Kerbin Zn3010000130' 'Grass00' #120 vertex 6: ground 600203.048485 m, vertex 600204.692813 m, +1644.328 mm above the ground
[RockPrecisionFixDiag]   rock 'Kerbin Zn3010000130' 'Grass00' #120 vertex 7: ground 600203.120627 m, vertex 600204.694107 m, +1573.480 mm above the ground
[RockPrecisionFixDiag]   rock 'Kerbin Zn3010000130' 'Grass00' #121 vertex 0: ground 600200.239178 m, vertex 600199.957496 m, -281.681 mm above the ground
[RockPrecisionFixDiag]   rock 'Kerbin Zn3010000130' 'Grass00' #121 vertex 1: ground 600200.266067 m, vertex 600199.956168 m, -309.899 mm above the ground
[RockPrecisionFixDiag]   rock 'Kerbin Zn3010000130' 'Grass00' #121 vertex 2: ground 600200.239149 m, vertex 600201.918336 m, +1679.186 mm above the ground
[RockPrecisionFixDiag]   rock 'Kerbin Zn3010000130' 'Grass00' #121 vertex 3: ground 600200.266123 m, vertex 600201.917007 m, +1650.884 mm above the ground
[RockPrecisionFixDiag]   rock 'Kerbin Zn3010000130' 'Grass00' #121 vertex 4: ground 600200.239178 m, vertex 600199.957496 m, -281.681 mm above the ground
[RockPrecisionFixDiag]   rock 'Kerbin Zn3010000130' 'Grass00' #121 vertex 5: ground 600200.266067 m, vertex 600199.956168 m, -309.899 mm above the ground
[RockPrecisionFixDiag]   rock 'Kerbin Zn3010000130' 'Grass00' #121 vertex 6: ground 600200.239149 m, vertex 600201.918336 m, +1679.186 mm above the ground
[RockPrecisionFixDiag]   rock 'Kerbin Zn3010000130' 'Grass00' #121 vertex 7: ground 600200.266123 m, vertex 600201.917007 m, +1650.884 mm above the ground
[RockPrecisionFixDiag]   rock 'Kerbin Zn3010000130' 'Grass00' #122 vertex 0: ground 600189.835116 m, vertex 600189.757180 m, -77.936 mm above the ground
[RockPrecisionFixDiag]   rock 'Kerbin Zn3010000130' 'Grass00' #122 vertex 1: ground 600189.837005 m, vertex 600189.757915 m, -79.090 mm above the ground
[RockPrecisionFixDiag]   rock 'Kerbin Zn3010000130' 'Grass00' #122 vertex 2: ground 600189.835118 m, vertex 600191.608663 m, +1773.545 mm above the ground
[RockPrecisionFixDiag]   rock 'Kerbin Zn3010000130' 'Grass00' #122 vertex 3: ground 600189.837023 m, vertex 600191.609383 m, +1772.360 mm above the ground
[RockPrecisionFixDiag]   rock 'Kerbin Zn3010000130' 'Grass00' #122 vertex 4: ground 600189.835116 m, vertex 600189.757180 m, -77.936 mm above the ground
[RockPrecisionFixDiag]   rock 'Kerbin Zn3010000130' 'Grass00' #122 vertex 5: ground 600189.837005 m, vertex 600189.757915 m, -79.090 mm above the ground
[RockPrecisionFixDiag]   rock 'Kerbin Zn3010000130' 'Grass00' #122 vertex 6: ground 600189.835118 m, vertex 600191.608663 m, +1773.545 mm above the ground
[RockPrecisionFixDiag]   rock 'Kerbin Zn3010000130' 'Grass00' #122 vertex 7: ground 600189.837023 m, vertex 600191.609383 m, +1772.360 mm above the ground
[RockPrecisionFixDiag]   rock 'Kerbin Zn3010000130' 'Grass00' #123 vertex 0: ground 600204.521592 m, vertex 600204.238664 m, -282.929 mm above the ground
[RockPrecisionFixDiag]   rock 'Kerbin Zn3010000130' 'Grass00' #123 vertex 1: ground 600204.515116 m, vertex 600204.238128 m, -276.988 mm above the ground
[RockPrecisionFixDiag]   rock 'Kerbin Zn3010000130' 'Grass00' #123 vertex 2: ground 600204.521505 m, vertex 600206.087943 m, +1566.438 mm above the ground
[RockPrecisionFixDiag]   rock 'Kerbin Zn3010000130' 'Grass00' #123 vertex 3: ground 600204.515029 m, vertex 600206.087407 m, +1572.378 mm above the ground
[RockPrecisionFixDiag]   rock 'Kerbin Zn3010000130' 'Grass00' #123 vertex 4: ground 600204.521592 m, vertex 600204.238664 m, -282.929 mm above the ground
[RockPrecisionFixDiag]   rock 'Kerbin Zn3010000130' 'Grass00' #123 vertex 5: ground 600204.515116 m, vertex 600204.238128 m, -276.988 mm above the ground
[RockPrecisionFixDiag]   rock 'Kerbin Zn3010000130' 'Grass00' #123 vertex 6: ground 600204.521505 m, vertex 600206.087943 m, +1566.438 mm above the ground
[RockPrecisionFixDiag]   rock 'Kerbin Zn3010000130' 'Grass00' #123 vertex 7: ground 600204.515029 m, vertex 600206.087407 m, +1572.378 mm above the ground
[RockPrecisionFixDiag]   rock 'Kerbin Zn3010000130' 'Grass00' #124 vertex 0: ground 600195.577797 m, vertex 600195.298126 m, -279.672 mm above the ground
[RockPrecisionFixDiag]   rock 'Kerbin Zn3010000130' 'Grass00' #124 vertex 1: ground 600195.482270 m, vertex 600195.298433 m, -183.837 mm above the ground
[RockPrecisionFixDiag]   rock 'Kerbin Zn3010000130' 'Grass00' #124 vertex 2: ground 600195.577778 m, vertex 600197.100659 m, +1522.881 mm above the ground
[RockPrecisionFixDiag]   rock 'Kerbin Zn3010000130' 'Grass00' #124 vertex 3: ground 600195.482234 m, vertex 600197.100967 m, +1618.732 mm above the ground
[RockPrecisionFixDiag]   rock 'Kerbin Zn3010000130' 'Grass00' #124 vertex 4: ground 600195.577797 m, vertex 600195.298126 m, -279.672 mm above the ground
[RockPrecisionFixDiag]   rock 'Kerbin Zn3010000130' 'Grass00' #124 vertex 5: ground 600195.482270 m, vertex 600195.298433 m, -183.837 mm above the ground
[RockPrecisionFixDiag]   rock 'Kerbin Zn3010000130' 'Grass00' #124 vertex 6: ground 600195.577778 m, vertex 600197.100659 m, +1522.881 mm above the ground
[RockPrecisionFixDiag]   rock 'Kerbin Zn3010000130' 'Grass00' #124 vertex 7: ground 600195.482234 m, vertex 600197.100967 m, +1618.732 mm above the ground
[RockPrecisionFixDiag]   rock 'Kerbin Zn3010000130' 'Grass00' #125 vertex 0: ground 600193.877538 m, vertex 600193.052526 m, -825.012 mm above the ground
[RockPrecisionFixDiag]   rock 'Kerbin Zn3010000130' 'Grass00' #125 vertex 1: ground 600193.943735 m, vertex 600193.053203 m, -890.532 mm above the ground
[RockPrecisionFixDiag]   rock 'Kerbin Zn3010000130' 'Grass00' #125 vertex 2: ground 600193.877494 m, vertex 600194.292614 m, +415.120 mm above the ground
[RockPrecisionFixDiag]   rock 'Kerbin Zn3010000130' 'Grass00' #125 vertex 3: ground 600193.943728 m, vertex 600194.293309 m, +349.581 mm above the ground
[RockPrecisionFixDiag]   rock 'Kerbin Zn3010000130' 'Grass00' #125 vertex 4: ground 600193.877538 m, vertex 600193.052526 m, -825.012 mm above the ground
[RockPrecisionFixDiag]   rock 'Kerbin Zn3010000130' 'Grass00' #125 vertex 5: ground 600193.943735 m, vertex 600193.053203 m, -890.532 mm above the ground
[RockPrecisionFixDiag]   rock 'Kerbin Zn3010000130' 'Grass00' #125 vertex 6: ground 600193.877494 m, vertex 600194.292614 m, +415.120 mm above the ground
[RockPrecisionFixDiag]   rock 'Kerbin Zn3010000130' 'Grass00' #125 vertex 7: ground 600193.943728 m, vertex 600194.293309 m, +349.581 mm above the ground
[RockPrecisionFixDiag]   rock 'Kerbin Zn3010000130' 'Grass00' #126 vertex 0: ground 600192.357596 m, vertex 600192.077029 m, -280.568 mm above the ground
[RockPrecisionFixDiag]   rock 'Kerbin Zn3010000130' 'Grass00' #126 vertex 1: ground 600192.324163 m, vertex 600192.077222 m, -246.941 mm above the ground
[RockPrecisionFixDiag]   rock 'Kerbin Zn3010000130' 'Grass00' #126 vertex 2: ground 600192.357568 m, vertex 600193.696463 m, +1338.896 mm above the ground
[RockPrecisionFixDiag]   rock 'Kerbin Zn3010000130' 'Grass00' #126 vertex 3: ground 600192.324131 m, vertex 600193.696651 m, +1372.520 mm above the ground
[RockPrecisionFixDiag]   rock 'Kerbin Zn3010000130' 'Grass00' #126 vertex 4: ground 600192.357596 m, vertex 600192.077029 m, -280.568 mm above the ground
[RockPrecisionFixDiag]   rock 'Kerbin Zn3010000130' 'Grass00' #126 vertex 5: ground 600192.324163 m, vertex 600192.077222 m, -246.941 mm above the ground
[RockPrecisionFixDiag]   rock 'Kerbin Zn3010000130' 'Grass00' #126 vertex 6: ground 600192.357568 m, vertex 600193.696463 m, +1338.896 mm above the ground
[RockPrecisionFixDiag]   rock 'Kerbin Zn3010000130' 'Grass00' #126 vertex 7: ground 600192.324131 m, vertex 600193.696651 m, +1372.520 mm above the ground
[RockPrecisionFixDiag]   rock 'Kerbin Zn3010000130' 'Grass00' #127 vertex 0: ground 600203.906255 m, vertex 600203.369022 m, -537.233 mm above the ground
[RockPrecisionFixDiag]   rock 'Kerbin Zn3010000130' 'Grass00' #127 vertex 1: ground 600203.852180 m, vertex 600203.368399 m, -483.780 mm above the ground
[RockPrecisionFixDiag]   rock 'Kerbin Zn3010000130' 'Grass00' #127 vertex 2: ground 600203.906221 m, vertex 600205.231234 m, +1325.013 mm above the ground
[RockPrecisionFixDiag]   rock 'Kerbin Zn3010000130' 'Grass00' #127 vertex 3: ground 600203.852146 m, vertex 600205.230598 m, +1378.452 mm above the ground
[RockPrecisionFixDiag]   rock 'Kerbin Zn3010000130' 'Grass00' #127 vertex 4: ground 600203.906255 m, vertex 600203.369022 m, -537.233 mm above the ground
[RockPrecisionFixDiag]   rock 'Kerbin Zn3010000130' 'Grass00' #127 vertex 5: ground 600203.852180 m, vertex 600203.368399 m, -483.780 mm above the ground
[RockPrecisionFixDiag]   rock 'Kerbin Zn3010000130' 'Grass00' #127 vertex 6: ground 600203.906221 m, vertex 600205.231234 m, +1325.013 mm above the ground
[RockPrecisionFixDiag]   rock 'Kerbin Zn3010000130' 'Grass00' #127 vertex 7: ground 600203.852146 m, vertex 600205.230598 m, +1378.452 mm above the ground
[RockPrecisionFixDiag]   rock 'Kerbin Zn3010000130' 'Grass00' #128 vertex 0: ground 600195.686168 m, vertex 600195.404050 m, -282.118 mm above the ground
[RockPrecisionFixDiag]   rock 'Kerbin Zn3010000130' 'Grass00' #128 vertex 1: ground 600195.662666 m, vertex 600195.402540 m, -260.126 mm above the ground
[RockPrecisionFixDiag]   rock 'Kerbin Zn3010000130' 'Grass00' #128 vertex 2: ground 600195.686155 m, vertex 600197.301502 m, +1615.347 mm above the ground
[RockPrecisionFixDiag]   rock 'Kerbin Zn3010000130' 'Grass00' #128 vertex 3: ground 600195.662606 m, vertex 600197.300005 m, +1637.399 mm above the ground
[RockPrecisionFixDiag]   rock 'Kerbin Zn3010000130' 'Grass00' #128 vertex 4: ground 600195.686168 m, vertex 600195.404050 m, -282.118 mm above the ground
[RockPrecisionFixDiag]   rock 'Kerbin Zn3010000130' 'Grass00' #128 vertex 5: ground 600195.662666 m, vertex 600195.402540 m, -260.126 mm above the ground
[RockPrecisionFixDiag]   rock 'Kerbin Zn3010000130' 'Grass00' #128 vertex 6: ground 600195.686155 m, vertex 600197.301502 m, +1615.347 mm above the ground
[RockPrecisionFixDiag]   rock 'Kerbin Zn3010000130' 'Grass00' #128 vertex 7: ground 600195.662606 m, vertex 600197.300005 m, +1637.399 mm above the ground
[RockPrecisionFixDiag]   rock 'Kerbin Zn3010000130' 'Grass00' #129 vertex 0: ground 600197.548989 m, vertex 600197.267544 m, -281.445 mm above the ground
[RockPrecisionFixDiag]   rock 'Kerbin Zn3010000130' 'Grass00' #129 vertex 1: ground 600197.571782 m, vertex 600197.267599 m, -304.183 mm above the ground
[RockPrecisionFixDiag]   rock 'Kerbin Zn3010000130' 'Grass00' #129 vertex 2: ground 600197.548998 m, vertex 600198.853451 m, +1304.454 mm above the ground
[RockPrecisionFixDiag]   rock 'Kerbin Zn3010000130' 'Grass00' #129 vertex 3: ground 600197.571798 m, vertex 600198.853506 m, +1281.708 mm above the ground
[RockPrecisionFixDiag]   rock 'Kerbin Zn3010000130' 'Grass00' #129 vertex 4: ground 600197.548989 m, vertex 600197.267544 m, -281.445 mm above the ground
[RockPrecisionFixDiag]   rock 'Kerbin Zn3010000130' 'Grass00' #129 vertex 5: ground 600197.571782 m, vertex 600197.267599 m, -304.183 mm above the ground
[RockPrecisionFixDiag]   rock 'Kerbin Zn3010000130' 'Grass00' #129 vertex 6: ground 600197.548998 m, vertex 600198.853451 m, +1304.454 mm above the ground
[RockPrecisionFixDiag]   rock 'Kerbin Zn3010000130' 'Grass00' #129 vertex 7: ground 600197.571798 m, vertex 600198.853506 m, +1281.708 mm above the ground
[RockPrecisionFixDiag]   rock 'Kerbin Zn3010000130' 'Grass00' #130 vertex 0: ground 600204.571170 m, vertex 600204.289376 m, -281.794 mm above the ground
[RockPrecisionFixDiag]   rock 'Kerbin Zn3010000130' 'Grass00' #130 vertex 1: ground 600204.572198 m, vertex 600204.288853 m, -283.344 mm above the ground
[RockPrecisionFixDiag]   rock 'Kerbin Zn3010000130' 'Grass00' #130 vertex 2: ground 600204.571192 m, vertex 600205.783595 m, +1212.403 mm above the ground
[RockPrecisionFixDiag]   rock 'Kerbin Zn3010000130' 'Grass00' #130 vertex 3: ground 600204.572195 m, vertex 600205.783060 m, +1210.865 mm above the ground
[RockPrecisionFixDiag]   rock 'Kerbin Zn3010000130' 'Grass00' #130 vertex 4: ground 600204.571170 m, vertex 600204.289376 m, -281.794 mm above the ground
[RockPrecisionFixDiag]   rock 'Kerbin Zn3010000130' 'Grass00' #130 vertex 5: ground 600204.572198 m, vertex 600204.288853 m, -283.344 mm above the ground
[RockPrecisionFixDiag]   rock 'Kerbin Zn3010000130' 'Grass00' #130 vertex 6: ground 600204.571192 m, vertex 600205.783595 m, +1212.403 mm above the ground
[RockPrecisionFixDiag]   rock 'Kerbin Zn3010000130' 'Grass00' #130 vertex 7: ground 600204.572195 m, vertex 600205.783060 m, +1210.865 mm above the ground
[RockPrecisionFixDiag]   rock 'Kerbin Zn3010000130' 'Grass00' #131 vertex 0: ground 600188.077622 m, vertex 600187.701875 m, -375.748 mm above the ground
[RockPrecisionFixDiag]   rock 'Kerbin Zn3010000130' 'Grass00' #131 vertex 1: ground 600188.037011 m, vertex 600187.702544 m, -334.467 mm above the ground
[RockPrecisionFixDiag]   rock 'Kerbin Zn3010000130' 'Grass00' #131 vertex 2: ground 600188.077719 m, vertex 600188.909156 m, +831.437 mm above the ground
[RockPrecisionFixDiag]   rock 'Kerbin Zn3010000130' 'Grass00' #131 vertex 3: ground 600188.037058 m, vertex 600188.909818 m, +872.759 mm above the ground
[RockPrecisionFixDiag]   rock 'Kerbin Zn3010000130' 'Grass00' #131 vertex 4: ground 600188.077622 m, vertex 600187.701875 m, -375.748 mm above the ground
[RockPrecisionFixDiag]   rock 'Kerbin Zn3010000130' 'Grass00' #131 vertex 5: ground 600188.037011 m, vertex 600187.702544 m, -334.467 mm above the ground
[RockPrecisionFixDiag]   rock 'Kerbin Zn3010000130' 'Grass00' #131 vertex 6: ground 600188.077719 m, vertex 600188.909156 m, +831.437 mm above the ground
[RockPrecisionFixDiag]   rock 'Kerbin Zn3010000130' 'Grass00' #131 vertex 7: ground 600188.037058 m, vertex 600188.909818 m, +872.759 mm above the ground
[RockPrecisionFixDiag]   rock 'Kerbin Zn3010000130' 'Grass00' #132 vertex 0: ground 600193.841056 m, vertex 600193.558449 m, -282.607 mm above the ground
[RockPrecisionFixDiag]   rock 'Kerbin Zn3010000130' 'Grass00' #132 vertex 1: ground 600193.894269 m, vertex 600193.558401 m, -335.868 mm above the ground
[RockPrecisionFixDiag]   rock 'Kerbin Zn3010000130' 'Grass00' #132 vertex 2: ground 600193.841086 m, vertex 600194.845409 m, +1004.322 mm above the ground
[RockPrecisionFixDiag]   rock 'Kerbin Zn3010000130' 'Grass00' #132 vertex 3: ground 600193.894308 m, vertex 600194.845354 m, +951.047 mm above the ground
[RockPrecisionFixDiag]   rock 'Kerbin Zn3010000130' 'Grass00' #132 vertex 4: ground 600193.841056 m, vertex 600193.558449 m, -282.607 mm above the ground
[RockPrecisionFixDiag]   rock 'Kerbin Zn3010000130' 'Grass00' #132 vertex 5: ground 600193.894269 m, vertex 600193.558401 m, -335.868 mm above the ground
[RockPrecisionFixDiag]   rock 'Kerbin Zn3010000130' 'Grass00' #132 vertex 6: ground 600193.841086 m, vertex 600194.845409 m, +1004.322 mm above the ground
[RockPrecisionFixDiag]   rock 'Kerbin Zn3010000130' 'Grass00' #132 vertex 7: ground 600193.894308 m, vertex 600194.845354 m, +951.047 mm above the ground
[RockPrecisionFixDiag]   rock 'Kerbin Zn3010000130' 'Grass00' #133 vertex 0: ground 600195.124633 m, vertex 600194.844103 m, -280.531 mm above the ground
[RockPrecisionFixDiag]   rock 'Kerbin Zn3010000130' 'Grass00' #133 vertex 1: ground 600195.063702 m, vertex 600194.844698 m, -219.004 mm above the ground
[RockPrecisionFixDiag]   rock 'Kerbin Zn3010000130' 'Grass00' #133 vertex 2: ground 600195.124692 m, vertex 600195.969055 m, +844.363 mm above the ground
[RockPrecisionFixDiag]   rock 'Kerbin Zn3010000130' 'Grass00' #133 vertex 3: ground 600195.063735 m, vertex 600195.969638 m, +905.903 mm above the ground
[RockPrecisionFixDiag]   rock 'Kerbin Zn3010000130' 'Grass00' #133 vertex 4: ground 600195.124633 m, vertex 600194.844103 m, -280.531 mm above the ground
[RockPrecisionFixDiag]   rock 'Kerbin Zn3010000130' 'Grass00' #133 vertex 5: ground 600195.063702 m, vertex 600194.844698 m, -219.004 mm above the ground
[RockPrecisionFixDiag]   rock 'Kerbin Zn3010000130' 'Grass00' #133 vertex 6: ground 600195.124692 m, vertex 600195.969055 m, +844.363 mm above the ground
[RockPrecisionFixDiag]   rock 'Kerbin Zn3010000130' 'Grass00' #133 vertex 7: ground 600195.063735 m, vertex 600195.969638 m, +905.903 mm above the ground
[RockPrecisionFixDiag]   rock 'Kerbin Zn3010000130' 'Grass00' #134 vertex 0: ground 600196.208827 m, vertex 600195.928277 m, -280.550 mm above the ground
[RockPrecisionFixDiag]   rock 'Kerbin Zn3010000130' 'Grass00' #134 vertex 1: ground 600196.349224 m, vertex 600195.929314 m, -419.909 mm above the ground
[RockPrecisionFixDiag]   rock 'Kerbin Zn3010000130' 'Grass00' #134 vertex 2: ground 600196.208826 m, vertex 600197.719603 m, +1510.777 mm above the ground
[RockPrecisionFixDiag]   rock 'Kerbin Zn3010000130' 'Grass00' #134 vertex 3: ground 600196.349187 m, vertex 600197.720653 m, +1371.466 mm above the ground
[RockPrecisionFixDiag]   rock 'Kerbin Zn3010000130' 'Grass00' #134 vertex 4: ground 600196.208827 m, vertex 600195.928277 m, -280.550 mm above the ground
[RockPrecisionFixDiag]   rock 'Kerbin Zn3010000130' 'Grass00' #134 vertex 5: ground 600196.349224 m, vertex 600195.929314 m, -419.909 mm above the ground
[RockPrecisionFixDiag]   rock 'Kerbin Zn3010000130' 'Grass00' #134 vertex 6: ground 600196.208826 m, vertex 600197.719603 m, +1510.777 mm above the ground
[RockPrecisionFixDiag]   rock 'Kerbin Zn3010000130' 'Grass00' #134 vertex 7: ground 600196.349187 m, vertex 600197.720653 m, +1371.466 mm above the ground
[RockPrecisionFixDiag]   rock 'Kerbin Zn3010000130' 'Grass00' #135 vertex 0: ground 600186.681437 m, vertex 600186.399895 m, -281.543 mm above the ground
[RockPrecisionFixDiag]   rock 'Kerbin Zn3010000130' 'Grass00' #135 vertex 1: ground 600186.732308 m, vertex 600186.400689 m, -331.619 mm above the ground
[RockPrecisionFixDiag]   rock 'Kerbin Zn3010000130' 'Grass00' #135 vertex 2: ground 600186.681436 m, vertex 600187.868554 m, +1187.117 mm above the ground
[RockPrecisionFixDiag]   rock 'Kerbin Zn3010000130' 'Grass00' #135 vertex 3: ground 600186.732272 m, vertex 600187.869339 m, +1137.067 mm above the ground
[RockPrecisionFixDiag]   rock 'Kerbin Zn3010000130' 'Grass00' #135 vertex 4: ground 600186.681437 m, vertex 600186.399895 m, -281.543 mm above the ground
[RockPrecisionFixDiag]   rock 'Kerbin Zn3010000130' 'Grass00' #135 vertex 5: ground 600186.732308 m, vertex 600186.400689 m, -331.619 mm above the ground
[RockPrecisionFixDiag]   rock 'Kerbin Zn3010000130' 'Grass00' #135 vertex 6: ground 600186.681436 m, vertex 600187.868554 m, +1187.117 mm above the ground
[RockPrecisionFixDiag]   rock 'Kerbin Zn3010000130' 'Grass00' #135 vertex 7: ground 600186.732272 m, vertex 600187.869339 m, +1137.067 mm above the ground
[RockPrecisionFixDiag]   rock 'Kerbin Zn3010000130' 'Grass00' #136 vertex 0: ground 600195.360639 m, vertex 600195.078935 m, -281.704 mm above the ground
[RockPrecisionFixDiag]   rock 'Kerbin Zn3010000130' 'Grass00' #136 vertex 1: ground 600195.406324 m, vertex 600195.077852 m, -328.473 mm above the ground
[RockPrecisionFixDiag]   rock 'Kerbin Zn3010000130' 'Grass00' #136 vertex 2: ground 600195.360648 m, vertex 600196.222157 m, +861.509 mm above the ground
[RockPrecisionFixDiag]   rock 'Kerbin Zn3010000130' 'Grass00' #136 vertex 3: ground 600195.406359 m, vertex 600196.221067 m, +814.709 mm above the ground
[RockPrecisionFixDiag]   rock 'Kerbin Zn3010000130' 'Grass00' #136 vertex 4: ground 600195.360639 m, vertex 600195.078935 m, -281.704 mm above the ground
[RockPrecisionFixDiag]   rock 'Kerbin Zn3010000130' 'Grass00' #136 vertex 5: ground 600195.406324 m, vertex 600195.077852 m, -328.473 mm above the ground
[RockPrecisionFixDiag]   rock 'Kerbin Zn3010000130' 'Grass00' #136 vertex 6: ground 600195.360648 m, vertex 600196.222157 m, +861.509 mm above the ground
[RockPrecisionFixDiag]   rock 'Kerbin Zn3010000130' 'Grass00' #136 vertex 7: ground 600195.406359 m, vertex 600196.221067 m, +814.709 mm above the ground
[RockPrecisionFixDiag]   rock 'Kerbin Zn3010000130' 'Grass00' #137 vertex 0: ground 600190.024898 m, vertex 600189.744346 m, -280.553 mm above the ground
[RockPrecisionFixDiag]   rock 'Kerbin Zn3010000130' 'Grass00' #137 vertex 1: ground 600190.018260 m, vertex 600189.744930 m, -273.330 mm above the ground
[RockPrecisionFixDiag]   rock 'Kerbin Zn3010000130' 'Grass00' #137 vertex 2: ground 600190.024897 m, vertex 600191.239464 m, +1214.567 mm above the ground
[RockPrecisionFixDiag]   rock 'Kerbin Zn3010000130' 'Grass00' #137 vertex 3: ground 600190.018271 m, vertex 600191.240048 m, +1221.778 mm above the ground
[RockPrecisionFixDiag]   rock 'Kerbin Zn3010000130' 'Grass00' #137 vertex 4: ground 600190.024898 m, vertex 600189.744346 m, -280.553 mm above the ground
[RockPrecisionFixDiag]   rock 'Kerbin Zn3010000130' 'Grass00' #137 vertex 5: ground 600190.018260 m, vertex 600189.744930 m, -273.330 mm above the ground
[RockPrecisionFixDiag]   rock 'Kerbin Zn3010000130' 'Grass00' #137 vertex 6: ground 600190.024897 m, vertex 600191.239464 m, +1214.567 mm above the ground
[RockPrecisionFixDiag]   rock 'Kerbin Zn3010000130' 'Grass00' #137 vertex 7: ground 600190.018271 m, vertex 600191.240048 m, +1221.778 mm above the ground
[RockPrecisionFixDiag]   rock 'Kerbin Zn3010000130' 'Grass00' #138 vertex 0: ground 600199.803437 m, vertex 600199.523694 m, -279.743 mm above the ground
[RockPrecisionFixDiag]   rock 'Kerbin Zn3010000130' 'Grass00' #138 vertex 1: ground 600199.684621 m, vertex 600199.524363 m, -160.258 mm above the ground
[RockPrecisionFixDiag]   rock 'Kerbin Zn3010000130' 'Grass00' #138 vertex 2: ground 600199.803607 m, vertex 600200.675870 m, +872.263 mm above the ground
[RockPrecisionFixDiag]   rock 'Kerbin Zn3010000130' 'Grass00' #138 vertex 3: ground 600199.684756 m, vertex 600200.676539 m, +991.783 mm above the ground
[RockPrecisionFixDiag]   rock 'Kerbin Zn3010000130' 'Grass00' #138 vertex 4: ground 600199.803437 m, vertex 600199.523694 m, -279.743 mm above the ground
[RockPrecisionFixDiag]   rock 'Kerbin Zn3010000130' 'Grass00' #138 vertex 5: ground 600199.684621 m, vertex 600199.524363 m, -160.258 mm above the ground
[RockPrecisionFixDiag]   rock 'Kerbin Zn3010000130' 'Grass00' #138 vertex 6: ground 600199.803607 m, vertex 600200.675870 m, +872.263 mm above the ground
[RockPrecisionFixDiag]   rock 'Kerbin Zn3010000130' 'Grass00' #138 vertex 7: ground 600199.684756 m, vertex 600200.676539 m, +991.783 mm above the ground
[RockPrecisionFixDiag]   rock 'Kerbin Zn3010000130' 'Grass00' #139 vertex 0: ground 600194.031705 m, vertex 600193.749647 m, -282.058 mm above the ground
[RockPrecisionFixDiag]   rock 'Kerbin Zn3010000130' 'Grass00' #139 vertex 1: ground 600194.125393 m, vertex 600193.748544 m, -376.849 mm above the ground
[RockPrecisionFixDiag]   rock 'Kerbin Zn3010000130' 'Grass00' #139 vertex 2: ground 600194.031787 m, vertex 600195.218067 m, +1186.280 mm above the ground
[RockPrecisionFixDiag]   rock 'Kerbin Zn3010000130' 'Grass00' #139 vertex 3: ground 600194.125465 m, vertex 600195.216982 m, +1091.517 mm above the ground
[RockPrecisionFixDiag]   rock 'Kerbin Zn3010000130' 'Grass00' #139 vertex 4: ground 600194.031705 m, vertex 600193.749647 m, -282.058 mm above the ground
[RockPrecisionFixDiag]   rock 'Kerbin Zn3010000130' 'Grass00' #139 vertex 5: ground 600194.125393 m, vertex 600193.748544 m, -376.849 mm above the ground
[RockPrecisionFixDiag]   rock 'Kerbin Zn3010000130' 'Grass00' #139 vertex 6: ground 600194.031787 m, vertex 600195.218067 m, +1186.280 mm above the ground
[RockPrecisionFixDiag]   rock 'Kerbin Zn3010000130' 'Grass00' #139 vertex 7: ground 600194.125465 m, vertex 600195.216982 m, +1091.517 mm above the ground
[RockPrecisionFixDiag]   rock 'Kerbin Zn3010000130' 'Grass00' #140 vertex 0: ground 600196.644122 m, vertex 600196.315797 m, -328.325 mm above the ground
[RockPrecisionFixDiag]   rock 'Kerbin Zn3010000130' 'Grass00' #140 vertex 1: ground 600196.604396 m, vertex 600196.316149 m, -288.247 mm above the ground
[RockPrecisionFixDiag]   rock 'Kerbin Zn3010000130' 'Grass00' #140 vertex 2: ground 600196.644189 m, vertex 600197.475838 m, +831.649 mm above the ground
[RockPrecisionFixDiag]   rock 'Kerbin Zn3010000130' 'Grass00' #140 vertex 3: ground 600196.604464 m, vertex 600197.476189 m, +871.725 mm above the ground
[RockPrecisionFixDiag]   rock 'Kerbin Zn3010000130' 'Grass00' #140 vertex 4: ground 600196.644122 m, vertex 600196.315797 m, -328.325 mm above the ground
[RockPrecisionFixDiag]   rock 'Kerbin Zn3010000130' 'Grass00' #140 vertex 5: ground 600196.604396 m, vertex 600196.316149 m, -288.247 mm above the ground
[RockPrecisionFixDiag]   rock 'Kerbin Zn3010000130' 'Grass00' #140 vertex 6: ground 600196.644189 m, vertex 600197.475838 m, +831.649 mm above the ground
[RockPrecisionFixDiag]   rock 'Kerbin Zn3010000130' 'Grass00' #140 vertex 7: ground 600196.604464 m, vertex 600197.476189 m, +871.725 mm above the ground
[RockPrecisionFixDiag]   rock 'Kerbin Zn3010000130' 'Grass00' #141 vertex 0: ground 600186.469995 m, vertex 600186.187427 m, -282.568 mm above the ground
[RockPrecisionFixDiag]   rock 'Kerbin Zn3010000130' 'Grass00' #141 vertex 1: ground 600186.524944 m, vertex 600186.187313 m, -337.630 mm above the ground
[RockPrecisionFixDiag]   rock 'Kerbin Zn3010000130' 'Grass00' #141 vertex 2: ground 600186.469987 m, vertex 600187.578185 m, +1108.198 mm above the ground
[RockPrecisionFixDiag]   rock 'Kerbin Zn3010000130' 'Grass00' #141 vertex 3: ground 600186.524937 m, vertex 600187.578072 m, +1053.135 mm above the ground
[RockPrecisionFixDiag]   rock 'Kerbin Zn3010000130' 'Grass00' #141 vertex 4: ground 600186.469995 m, vertex 600186.187427 m, -282.568 mm above the ground
[RockPrecisionFixDiag]   rock 'Kerbin Zn3010000130' 'Grass00' #141 vertex 5: ground 600186.524944 m, vertex 600186.187313 m, -337.630 mm above the ground
[RockPrecisionFixDiag]   rock 'Kerbin Zn3010000130' 'Grass00' #141 vertex 6: ground 600186.469987 m, vertex 600187.578185 m, +1108.198 mm above the ground
[RockPrecisionFixDiag]   rock 'Kerbin Zn3010000130' 'Grass00' #141 vertex 7: ground 600186.524937 m, vertex 600187.578072 m, +1053.135 mm above the ground
[RockPrecisionFixDiag]   rock 'Kerbin Zn3010000130' 'Grass00' #142 vertex 0: ground 600188.696488 m, vertex 600188.415656 m, -280.833 mm above the ground
[RockPrecisionFixDiag]   rock 'Kerbin Zn3010000130' 'Grass00' #142 vertex 1: ground 600188.723433 m, vertex 600188.416094 m, -307.340 mm above the ground
[RockPrecisionFixDiag]   rock 'Kerbin Zn3010000130' 'Grass00' #142 vertex 2: ground 600188.696465 m, vertex 600189.657969 m, +961.504 mm above the ground
[RockPrecisionFixDiag]   rock 'Kerbin Zn3010000130' 'Grass00' #142 vertex 3: ground 600188.723423 m, vertex 600189.658407 m, +934.984 mm above the ground
[RockPrecisionFixDiag]   rock 'Kerbin Zn3010000130' 'Grass00' #142 vertex 4: ground 600188.696488 m, vertex 600188.415656 m, -280.833 mm above the ground
[RockPrecisionFixDiag]   rock 'Kerbin Zn3010000130' 'Grass00' #142 vertex 5: ground 600188.723433 m, vertex 600188.416094 m, -307.340 mm above the ground
[RockPrecisionFixDiag]   rock 'Kerbin Zn3010000130' 'Grass00' #142 vertex 6: ground 600188.696465 m, vertex 600189.657969 m, +961.504 mm above the ground
[RockPrecisionFixDiag]   rock 'Kerbin Zn3010000130' 'Grass00' #142 vertex 7: ground 600188.723423 m, vertex 600189.658407 m, +934.984 mm above the ground
[RockPrecisionFixDiag]   rock 'Kerbin Zn3010000130' 'Grass00' #143 vertex 0: ground 600188.448983 m, vertex 600188.165764 m, -283.219 mm above the ground
[RockPrecisionFixDiag]   rock 'Kerbin Zn3010000130' 'Grass00' #143 vertex 1: ground 600188.416700 m, vertex 600188.166219 m, -250.482 mm above the ground
[RockPrecisionFixDiag]   rock 'Kerbin Zn3010000130' 'Grass00' #143 vertex 2: ground 600188.448953 m, vertex 600189.226125 m, +777.172 mm above the ground
[RockPrecisionFixDiag]   rock 'Kerbin Zn3010000130' 'Grass00' #143 vertex 3: ground 600188.416673 m, vertex 600189.226588 m, +809.915 mm above the ground
[RockPrecisionFixDiag]   rock 'Kerbin Zn3010000130' 'Grass00' #143 vertex 4: ground 600188.448983 m, vertex 600188.165764 m, -283.219 mm above the ground
[RockPrecisionFixDiag]   rock 'Kerbin Zn3010000130' 'Grass00' #143 vertex 5: ground 600188.416700 m, vertex 600188.166219 m, -250.482 mm above the ground
[RockPrecisionFixDiag]   rock 'Kerbin Zn3010000130' 'Grass00' #143 vertex 6: ground 600188.448953 m, vertex 600189.226125 m, +777.172 mm above the ground
[RockPrecisionFixDiag]   rock 'Kerbin Zn3010000130' 'Grass00' #143 vertex 7: ground 600188.416673 m, vertex 600189.226588 m, +809.915 mm above the ground
[RockPrecisionFixDiag]   rock 'Kerbin Zn3010000130' 'Grass00' #144 vertex 0: ground 600190.535209 m, vertex 600191.115253 m, +580.044 mm above the ground
[RockPrecisionFixDiag]   rock 'Kerbin Zn3010000130' 'Grass00' #144 vertex 1: ground 600190.598686 m, vertex 600191.115155 m, +516.469 mm above the ground
[RockPrecisionFixDiag]   rock 'Kerbin Zn3010000130' 'Grass00' #144 vertex 2: ground 600190.535221 m, vertex 600192.339353 m, +1804.131 mm above the ground
[RockPrecisionFixDiag]   rock 'Kerbin Zn3010000130' 'Grass00' #144 vertex 3: ground 600190.598697 m, vertex 600192.339254 m, +1740.557 mm above the ground
[RockPrecisionFixDiag]   rock 'Kerbin Zn3010000130' 'Grass00' #144 vertex 4: ground 600190.535209 m, vertex 600191.115253 m, +580.044 mm above the ground
[RockPrecisionFixDiag]   rock 'Kerbin Zn3010000130' 'Grass00' #144 vertex 5: ground 600190.598686 m, vertex 600191.115155 m, +516.469 mm above the ground
[RockPrecisionFixDiag]   rock 'Kerbin Zn3010000130' 'Grass00' #144 vertex 6: ground 600190.535221 m, vertex 600192.339353 m, +1804.131 mm above the ground
[RockPrecisionFixDiag]   rock 'Kerbin Zn3010000130' 'Grass00' #144 vertex 7: ground 600190.598697 m, vertex 600192.339254 m, +1740.557 mm above the ground
[RockPrecisionFixDiag]   rock 'Kerbin Zn3010000130' 'Grass00' #145 vertex 0: ground 600189.503732 m, vertex 600189.221921 m, -281.811 mm above the ground
[RockPrecisionFixDiag]   rock 'Kerbin Zn3010000130' 'Grass00' #145 vertex 1: ground 600189.470253 m, vertex 600189.221426 m, -248.827 mm above the ground
[RockPrecisionFixDiag]   rock 'Kerbin Zn3010000130' 'Grass00' #145 vertex 2: ground 600189.503738 m, vertex 600190.451525 m, +947.788 mm above the ground
[RockPrecisionFixDiag]   rock 'Kerbin Zn3010000130' 'Grass00' #145 vertex 3: ground 600189.470262 m, vertex 600190.451027 m, +980.766 mm above the ground
[RockPrecisionFixDiag]   rock 'Kerbin Zn3010000130' 'Grass00' #145 vertex 4: ground 600189.503732 m, vertex 600189.221921 m, -281.811 mm above the ground
[RockPrecisionFixDiag]   rock 'Kerbin Zn3010000130' 'Grass00' #145 vertex 5: ground 600189.470253 m, vertex 600189.221426 m, -248.827 mm above the ground
[RockPrecisionFixDiag]   rock 'Kerbin Zn3010000130' 'Grass00' #145 vertex 6: ground 600189.503738 m, vertex 600190.451525 m, +947.788 mm above the ground
[RockPrecisionFixDiag]   rock 'Kerbin Zn3010000130' 'Grass00' #145 vertex 7: ground 600189.470262 m, vertex 600190.451027 m, +980.766 mm above the ground
[RockPrecisionFixDiag]   rock 'Kerbin Zn3010000130' 'Grass00' #146 vertex 0: ground 600196.925257 m, vertex 600196.643116 m, -282.141 mm above the ground
[RockPrecisionFixDiag]   rock 'Kerbin Zn3010000130' 'Grass00' #146 vertex 1: ground 600196.976522 m, vertex 600196.641674 m, -334.849 mm above the ground
[RockPrecisionFixDiag]   rock 'Kerbin Zn3010000130' 'Grass00' #146 vertex 2: ground 600196.925283 m, vertex 600198.310175 m, +1384.892 mm above the ground
[RockPrecisionFixDiag]   rock 'Kerbin Zn3010000130' 'Grass00' #146 vertex 3: ground 600196.976548 m, vertex 600198.308708 m, +1332.160 mm above the ground
[RockPrecisionFixDiag]   rock 'Kerbin Zn3010000130' 'Grass00' #146 vertex 4: ground 600196.925257 m, vertex 600196.643116 m, -282.141 mm above the ground
[RockPrecisionFixDiag]   rock 'Kerbin Zn3010000130' 'Grass00' #146 vertex 5: ground 600196.976522 m, vertex 600196.641674 m, -334.849 mm above the ground
[RockPrecisionFixDiag]   rock 'Kerbin Zn3010000130' 'Grass00' #146 vertex 6: ground 600196.925283 m, vertex 600198.310175 m, +1384.892 mm above the ground
[RockPrecisionFixDiag]   rock 'Kerbin Zn3010000130' 'Grass00' #146 vertex 7: ground 600196.976548 m, vertex 600198.308708 m, +1332.160 mm above the ground
[RockPrecisionFixDiag]   rock 'Kerbin Zn3010000130' 'Grass00' #147 vertex 0: ground 600202.271255 m, vertex 600201.992067 m, -279.188 mm above the ground
[RockPrecisionFixDiag]   rock 'Kerbin Zn3010000130' 'Grass00' #147 vertex 1: ground 600202.190330 m, vertex 600201.992384 m, -197.946 mm above the ground
[RockPrecisionFixDiag]   rock 'Kerbin Zn3010000130' 'Grass00' #147 vertex 2: ground 600202.271412 m, vertex 600203.115008 m, +843.596 mm above the ground
[RockPrecisionFixDiag]   rock 'Kerbin Zn3010000130' 'Grass00' #147 vertex 3: ground 600202.190482 m, vertex 600203.115325 m, +924.843 mm above the ground
[RockPrecisionFixDiag]   rock 'Kerbin Zn3010000130' 'Grass00' #147 vertex 4: ground 600202.271255 m, vertex 600201.992067 m, -279.188 mm above the ground
[RockPrecisionFixDiag]   rock 'Kerbin Zn3010000130' 'Grass00' #147 vertex 5: ground 600202.190330 m, vertex 600201.992384 m, -197.946 mm above the ground
[RockPrecisionFixDiag]   rock 'Kerbin Zn3010000130' 'Grass00' #147 vertex 6: ground 600202.271412 m, vertex 600203.115008 m, +843.596 mm above the ground
[RockPrecisionFixDiag]   rock 'Kerbin Zn3010000130' 'Grass00' #147 vertex 7: ground 600202.190482 m, vertex 600203.115325 m, +924.843 mm above the ground
[RockPrecisionFixDiag]   rock 'Kerbin Zn3010000130' 'Grass00' #148 vertex 0: ground 600189.436281 m, vertex 600188.838046 m, -598.235 mm above the ground
[RockPrecisionFixDiag]   rock 'Kerbin Zn3010000130' 'Grass00' #148 vertex 1: ground 600189.457217 m, vertex 600188.837985 m, -619.231 mm above the ground
[RockPrecisionFixDiag]   rock 'Kerbin Zn3010000130' 'Grass00' #148 vertex 2: ground 600189.436307 m, vertex 600190.471059 m, +1034.752 mm above the ground
[RockPrecisionFixDiag]   rock 'Kerbin Zn3010000130' 'Grass00' #148 vertex 3: ground 600189.457240 m, vertex 600190.471000 m, +1013.760 mm above the ground
[RockPrecisionFixDiag]   rock 'Kerbin Zn3010000130' 'Grass00' #148 vertex 4: ground 600189.436281 m, vertex 600188.838046 m, -598.235 mm above the ground
[RockPrecisionFixDiag]   rock 'Kerbin Zn3010000130' 'Grass00' #148 vertex 5: ground 600189.457217 m, vertex 600188.837985 m, -619.231 mm above the ground
[RockPrecisionFixDiag]   rock 'Kerbin Zn3010000130' 'Grass00' #148 vertex 6: ground 600189.436307 m, vertex 600190.471059 m, +1034.752 mm above the ground
[RockPrecisionFixDiag]   rock 'Kerbin Zn3010000130' 'Grass00' #148 vertex 7: ground 600189.457240 m, vertex 600190.471000 m, +1013.760 mm above the ground
[RockPrecisionFixDiag]   rock 'Kerbin Zn3010000130' 'Grass00' #149 vertex 0: ground 600197.431339 m, vertex 600197.149037 m, -282.302 mm above the ground
[RockPrecisionFixDiag]   rock 'Kerbin Zn3010000130' 'Grass00' #149 vertex 1: ground 600197.516764 m, vertex 600197.148389 m, -368.374 mm above the ground
[RockPrecisionFixDiag]   rock 'Kerbin Zn3010000130' 'Grass00' #149 vertex 2: ground 600197.431362 m, vertex 600198.780430 m, +1349.068 mm above the ground
[RockPrecisionFixDiag]   rock 'Kerbin Zn3010000130' 'Grass00' #149 vertex 3: ground 600197.516810 m, vertex 600198.779782 m, +1262.972 mm above the ground
[RockPrecisionFixDiag]   rock 'Kerbin Zn3010000130' 'Grass00' #149 vertex 4: ground 600197.431339 m, vertex 600197.149037 m, -282.302 mm above the ground
[RockPrecisionFixDiag]   rock 'Kerbin Zn3010000130' 'Grass00' #149 vertex 5: ground 600197.516764 m, vertex 600197.148389 m, -368.374 mm above the ground
[RockPrecisionFixDiag]   rock 'Kerbin Zn3010000130' 'Grass00' #149 vertex 6: ground 600197.431362 m, vertex 600198.780430 m, +1349.068 mm above the ground
[RockPrecisionFixDiag]   rock 'Kerbin Zn3010000130' 'Grass00' #149 vertex 7: ground 600197.516810 m, vertex 600198.779782 m, +1262.972 mm above the ground
[RockPrecisionFixDiag]   rock 'Kerbin Zn3010000130' 'Grass00' #150 vertex 0: ground 600191.155689 m, vertex 600190.356742 m, -798.946 mm above the ground
[RockPrecisionFixDiag]   rock 'Kerbin Zn3010000130' 'Grass00' #150 vertex 1: ground 600191.094101 m, vertex 600190.357934 m, -736.167 mm above the ground
[RockPrecisionFixDiag]   rock 'Kerbin Zn3010000130' 'Grass00' #150 vertex 2: ground 600191.155783 m, vertex 600191.917914 m, +762.131 mm above the ground
[RockPrecisionFixDiag]   rock 'Kerbin Zn3010000130' 'Grass00' #150 vertex 3: ground 600191.094124 m, vertex 600191.919100 m, +824.976 mm above the ground
[RockPrecisionFixDiag]   rock 'Kerbin Zn3010000130' 'Grass00' #150 vertex 4: ground 600191.155689 m, vertex 600190.356742 m, -798.946 mm above the ground
[RockPrecisionFixDiag]   rock 'Kerbin Zn3010000130' 'Grass00' #150 vertex 5: ground 600191.094101 m, vertex 600190.357934 m, -736.167 mm above the ground
[RockPrecisionFixDiag]   rock 'Kerbin Zn3010000130' 'Grass00' #150 vertex 6: ground 600191.155783 m, vertex 600191.917914 m, +762.131 mm above the ground
[RockPrecisionFixDiag]   rock 'Kerbin Zn3010000130' 'Grass00' #150 vertex 7: ground 600191.094124 m, vertex 600191.919100 m, +824.976 mm above the ground
[RockPrecisionFixDiag]   rock 'Kerbin Zn3010000130' 'Grass00' #151 vertex 0: ground 600190.820229 m, vertex 600190.048329 m, -771.901 mm above the ground
[RockPrecisionFixDiag]   rock 'Kerbin Zn3010000130' 'Grass00' #151 vertex 1: ground 600190.770190 m, vertex 600190.049436 m, -720.754 mm above the ground
[RockPrecisionFixDiag]   rock 'Kerbin Zn3010000130' 'Grass00' #151 vertex 2: ground 600190.820255 m, vertex 600191.836281 m, +1016.026 mm above the ground
[RockPrecisionFixDiag]   rock 'Kerbin Zn3010000130' 'Grass00' #151 vertex 3: ground 600190.770181 m, vertex 600191.837376 m, +1067.196 mm above the ground
[RockPrecisionFixDiag]   rock 'Kerbin Zn3010000130' 'Grass00' #151 vertex 4: ground 600190.820229 m, vertex 600190.048329 m, -771.901 mm above the ground
[RockPrecisionFixDiag]   rock 'Kerbin Zn3010000130' 'Grass00' #151 vertex 5: ground 600190.770190 m, vertex 600190.049436 m, -720.754 mm above the ground
[RockPrecisionFixDiag]   rock 'Kerbin Zn3010000130' 'Grass00' #151 vertex 6: ground 600190.820255 m, vertex 600191.836281 m, +1016.026 mm above the ground
[RockPrecisionFixDiag]   rock 'Kerbin Zn3010000130' 'Grass00' #151 vertex 7: ground 600190.770181 m, vertex 600191.837376 m, +1067.196 mm above the ground
[RockPrecisionFixDiag]   rock 'Kerbin Zn3010000130' 'Grass00' #152 vertex 0: ground 600211.754431 m, vertex 600211.472052 m, -282.379 mm above the ground
[RockPrecisionFixDiag]   rock 'Kerbin Zn3010000130' 'Grass00' #152 vertex 1: ground 600211.794559 m, vertex 600211.472910 m, -321.649 mm above the ground
[RockPrecisionFixDiag]   rock 'Kerbin Zn3010000130' 'Grass00' #152 vertex 2: ground 600211.754439 m, vertex 600212.480233 m, +725.794 mm above the ground
[RockPrecisionFixDiag]   rock 'Kerbin Zn3010000130' 'Grass00' #152 vertex 3: ground 600211.794532 m, vertex 600212.481090 m, +686.559 mm above the ground
[RockPrecisionFixDiag]   rock 'Kerbin Zn3010000130' 'Grass00' #152 vertex 4: ground 600211.754431 m, vertex 600211.472052 m, -282.379 mm above the ground
[RockPrecisionFixDiag]   rock 'Kerbin Zn3010000130' 'Grass00' #152 vertex 5: ground 600211.794559 m, vertex 600211.472910 m, -321.649 mm above the ground
[RockPrecisionFixDiag]   rock 'Kerbin Zn3010000130' 'Grass00' #152 vertex 6: ground 600211.754439 m, vertex 600212.480233 m, +725.794 mm above the ground
[RockPrecisionFixDiag]   rock 'Kerbin Zn3010000130' 'Grass00' #152 vertex 7: ground 600211.794532 m, vertex 600212.481090 m, +686.559 mm above the ground
[RockPrecisionFixDiag]   rock 'Kerbin Zn3010000130' 'Grass00' #153 vertex 0: ground 600187.218262 m, vertex 600186.937865 m, -280.397 mm above the ground
[RockPrecisionFixDiag]   rock 'Kerbin Zn3010000130' 'Grass00' #153 vertex 1: ground 600187.251729 m, vertex 600186.937179 m, -314.551 mm above the ground
[RockPrecisionFixDiag]   rock 'Kerbin Zn3010000130' 'Grass00' #153 vertex 2: ground 600187.218257 m, vertex 600188.247912 m, +1029.656 mm above the ground
[RockPrecisionFixDiag]   rock 'Kerbin Zn3010000130' 'Grass00' #153 vertex 3: ground 600187.251712 m, vertex 600188.247226 m, +995.515 mm above the ground
[RockPrecisionFixDiag]   rock 'Kerbin Zn3010000130' 'Grass00' #153 vertex 4: ground 600187.218262 m, vertex 600186.937865 m, -280.397 mm above the ground
[RockPrecisionFixDiag]   rock 'Kerbin Zn3010000130' 'Grass00' #153 vertex 5: ground 600187.251729 m, vertex 600186.937179 m, -314.551 mm above the ground
[RockPrecisionFixDiag]   rock 'Kerbin Zn3010000130' 'Grass00' #153 vertex 6: ground 600187.218257 m, vertex 600188.247912 m, +1029.656 mm above the ground
[RockPrecisionFixDiag]   rock 'Kerbin Zn3010000130' 'Grass00' #153 vertex 7: ground 600187.251712 m, vertex 600188.247226 m, +995.515 mm above the ground
[RockPrecisionFixDiag]   rock 'Kerbin Zn3010000130' 'Grass00' #154 vertex 0: ground 600187.028472 m, vertex 600186.745015 m, -283.457 mm above the ground
[RockPrecisionFixDiag]   rock 'Kerbin Zn3010000130' 'Grass00' #154 vertex 1: ground 600187.173369 m, vertex 600186.745730 m, -427.639 mm above the ground
[RockPrecisionFixDiag]   rock 'Kerbin Zn3010000130' 'Grass00' #154 vertex 2: ground 600187.028409 m, vertex 600188.490391 m, +1461.982 mm above the ground
[RockPrecisionFixDiag]   rock 'Kerbin Zn3010000130' 'Grass00' #154 vertex 3: ground 600187.173323 m, vertex 600188.491119 m, +1317.795 mm above the ground
[RockPrecisionFixDiag]   rock 'Kerbin Zn3010000130' 'Grass00' #154 vertex 4: ground 600187.028472 m, vertex 600186.745015 m, -283.457 mm above the ground
[RockPrecisionFixDiag]   rock 'Kerbin Zn3010000130' 'Grass00' #154 vertex 5: ground 600187.173369 m, vertex 600186.745730 m, -427.639 mm above the ground
[RockPrecisionFixDiag]   rock 'Kerbin Zn3010000130' 'Grass00' #154 vertex 6: ground 600187.028409 m, vertex 600188.490391 m, +1461.982 mm above the ground
[RockPrecisionFixDiag]   rock 'Kerbin Zn3010000130' 'Grass00' #154 vertex 7: ground 600187.173323 m, vertex 600188.491119 m, +1317.795 mm above the ground
[RockPrecisionFixDiag]   rock 'Kerbin Zn3010000130' 'Grass00' #155 vertex 0: ground 600186.716271 m, vertex 600186.434736 m, -281.535 mm above the ground
[RockPrecisionFixDiag]   rock 'Kerbin Zn3010000130' 'Grass00' #155 vertex 1: ground 600186.766592 m, vertex 600186.435439 m, -331.153 mm above the ground
[RockPrecisionFixDiag]   rock 'Kerbin Zn3010000130' 'Grass00' #155 vertex 2: ground 600186.716259 m, vertex 600187.794219 m, +1077.960 mm above the ground
[RockPrecisionFixDiag]   rock 'Kerbin Zn3010000130' 'Grass00' #155 vertex 3: ground 600186.766542 m, vertex 600187.794938 m, +1028.396 mm above the ground
[RockPrecisionFixDiag]   rock 'Kerbin Zn3010000130' 'Grass00' #155 vertex 4: ground 600186.716271 m, vertex 600186.434736 m, -281.535 mm above the ground
[RockPrecisionFixDiag]   rock 'Kerbin Zn3010000130' 'Grass00' #155 vertex 5: ground 600186.766592 m, vertex 600186.435439 m, -331.153 mm above the ground
[RockPrecisionFixDiag]   rock 'Kerbin Zn3010000130' 'Grass00' #155 vertex 6: ground 600186.716259 m, vertex 600187.794219 m, +1077.960 mm above the ground
[RockPrecisionFixDiag]   rock 'Kerbin Zn3010000130' 'Grass00' #155 vertex 7: ground 600186.766542 m, vertex 600187.794938 m, +1028.396 mm above the ground
[RockPrecisionFixDiag]   rock 'Kerbin Zn3010000130' 'Grass00' #156 vertex 0: ground 600186.341638 m, vertex 600186.060228 m, -281.410 mm above the ground
[RockPrecisionFixDiag]   rock 'Kerbin Zn3010000130' 'Grass00' #156 vertex 1: ground 600186.367918 m, vertex 600186.061043 m, -306.875 mm above the ground
[RockPrecisionFixDiag]   rock 'Kerbin Zn3010000130' 'Grass00' #156 vertex 2: ground 600186.341631 m, vertex 600187.353025 m, +1011.394 mm above the ground
[RockPrecisionFixDiag]   rock 'Kerbin Zn3010000130' 'Grass00' #156 vertex 3: ground 600186.367911 m, vertex 600187.353840 m, +985.929 mm above the ground
[RockPrecisionFixDiag]   rock 'Kerbin Zn3010000130' 'Grass00' #156 vertex 4: ground 600186.341638 m, vertex 600186.060228 m, -281.410 mm above the ground
[RockPrecisionFixDiag]   rock 'Kerbin Zn3010000130' 'Grass00' #156 vertex 5: ground 600186.367918 m, vertex 600186.061043 m, -306.875 mm above the ground
[RockPrecisionFixDiag]   rock 'Kerbin Zn3010000130' 'Grass00' #156 vertex 6: ground 600186.341631 m, vertex 600187.353025 m, +1011.394 mm above the ground
[RockPrecisionFixDiag]   rock 'Kerbin Zn3010000130' 'Grass00' #156 vertex 7: ground 600186.367911 m, vertex 600187.353840 m, +985.929 mm above the ground
[RockPrecisionFixDiag]   rock 'Kerbin Zn3010000130' 'Grass00' #157 vertex 0: ground 600196.158866 m, vertex 600195.876903 m, -281.963 mm above the ground
[RockPrecisionFixDiag]   rock 'Kerbin Zn3010000130' 'Grass00' #157 vertex 1: ground 600196.180370 m, vertex 600195.877232 m, -303.138 mm above the ground
[RockPrecisionFixDiag]   rock 'Kerbin Zn3010000130' 'Grass00' #157 vertex 2: ground 600196.158856 m, vertex 600197.008081 m, +849.226 mm above the ground
[RockPrecisionFixDiag]   rock 'Kerbin Zn3010000130' 'Grass00' #157 vertex 3: ground 600196.180353 m, vertex 600197.008422 m, +828.069 mm above the ground
[RockPrecisionFixDiag]   rock 'Kerbin Zn3010000130' 'Grass00' #157 vertex 4: ground 600196.158866 m, vertex 600195.876903 m, -281.963 mm above the ground
[RockPrecisionFixDiag]   rock 'Kerbin Zn3010000130' 'Grass00' #157 vertex 5: ground 600196.180370 m, vertex 600195.877232 m, -303.138 mm above the ground
[RockPrecisionFixDiag]   rock 'Kerbin Zn3010000130' 'Grass00' #157 vertex 6: ground 600196.158856 m, vertex 600197.008081 m, +849.226 mm above the ground
[RockPrecisionFixDiag]   rock 'Kerbin Zn3010000130' 'Grass00' #157 vertex 7: ground 600196.180353 m, vertex 600197.008422 m, +828.069 mm above the ground
[RockPrecisionFixDiag]   rock 'Kerbin Zn3010000130' 'Grass00' #158 vertex 0: ground 600204.297267 m, vertex 600204.015791 m, -281.476 mm above the ground
[RockPrecisionFixDiag]   rock 'Kerbin Zn3010000130' 'Grass00' #158 vertex 1: ground 600204.301054 m, vertex 600204.014835 m, -286.219 mm above the ground
[RockPrecisionFixDiag]   rock 'Kerbin Zn3010000130' 'Grass00' #158 vertex 2: ground 600204.297242 m, vertex 600205.233189 m, +935.947 mm above the ground
[RockPrecisionFixDiag]   rock 'Kerbin Zn3010000130' 'Grass00' #158 vertex 3: ground 600204.301083 m, vertex 600205.232226 m, +931.143 mm above the ground
[RockPrecisionFixDiag]   rock 'Kerbin Zn3010000130' 'Grass00' #158 vertex 4: ground 600204.297267 m, vertex 600204.015791 m, -281.476 mm above the ground
[RockPrecisionFixDiag]   rock 'Kerbin Zn3010000130' 'Grass00' #158 vertex 5: ground 600204.301054 m, vertex 600204.014835 m, -286.219 mm above the ground
[RockPrecisionFixDiag]   rock 'Kerbin Zn3010000130' 'Grass00' #158 vertex 6: ground 600204.297242 m, vertex 600205.233189 m, +935.947 mm above the ground
[RockPrecisionFixDiag]   rock 'Kerbin Zn3010000130' 'Grass00' #158 vertex 7: ground 600204.301083 m, vertex 600205.232226 m, +931.143 mm above the ground
[RockPrecisionFixDiag]   rock 'Kerbin Zn3010000130' 'Grass00' #159 vertex 0: ground 600190.778823 m, vertex 600190.495561 m, -283.262 mm above the ground
[RockPrecisionFixDiag]   rock 'Kerbin Zn3010000130' 'Grass00' #159 vertex 1: ground 600190.745437 m, vertex 600190.495567 m, -249.871 mm above the ground
[RockPrecisionFixDiag]   rock 'Kerbin Zn3010000130' 'Grass00' #159 vertex 2: ground 600190.778824 m, vertex 600192.209875 m, +1431.050 mm above the ground
[RockPrecisionFixDiag]   rock 'Kerbin Zn3010000130' 'Grass00' #159 vertex 3: ground 600190.745439 m, vertex 600192.209880 m, +1464.441 mm above the ground
[RockPrecisionFixDiag]   rock 'Kerbin Zn3010000130' 'Grass00' #159 vertex 4: ground 600190.778823 m, vertex 600190.495561 m, -283.262 mm above the ground
[RockPrecisionFixDiag]   rock 'Kerbin Zn3010000130' 'Grass00' #159 vertex 5: ground 600190.745437 m, vertex 600190.495567 m, -249.871 mm above the ground
[RockPrecisionFixDiag]   rock 'Kerbin Zn3010000130' 'Grass00' #159 vertex 6: ground 600190.778824 m, vertex 600192.209875 m, +1431.050 mm above the ground
[RockPrecisionFixDiag]   rock 'Kerbin Zn3010000130' 'Grass00' #159 vertex 7: ground 600190.745439 m, vertex 600192.209880 m, +1464.441 mm above the ground
[RockPrecisionFixDiag]   rock 'Kerbin Zn3010000130' 'Grass00' #160 vertex 0: ground 600201.337678 m, vertex 600200.959997 m, -377.681 mm above the ground
[RockPrecisionFixDiag]   rock 'Kerbin Zn3010000130' 'Grass00' #160 vertex 1: ground 600201.263788 m, vertex 600200.960173 m, -303.615 mm above the ground
[RockPrecisionFixDiag]   rock 'Kerbin Zn3010000130' 'Grass00' #160 vertex 2: ground 600201.337643 m, vertex 600202.795006 m, +1457.363 mm above the ground
[RockPrecisionFixDiag]   rock 'Kerbin Zn3010000130' 'Grass00' #160 vertex 3: ground 600201.263758 m, vertex 600202.795185 m, +1531.426 mm above the ground
[RockPrecisionFixDiag]   rock 'Kerbin Zn3010000130' 'Grass00' #160 vertex 4: ground 600201.337678 m, vertex 600200.959997 m, -377.681 mm above the ground
[RockPrecisionFixDiag]   rock 'Kerbin Zn3010000130' 'Grass00' #160 vertex 5: ground 600201.263788 m, vertex 600200.960173 m, -303.615 mm above the ground
[RockPrecisionFixDiag]   rock 'Kerbin Zn3010000130' 'Grass00' #160 vertex 6: ground 600201.337643 m, vertex 600202.795006 m, +1457.363 mm above the ground
[RockPrecisionFixDiag]   rock 'Kerbin Zn3010000130' 'Grass00' #160 vertex 7: ground 600201.263758 m, vertex 600202.795185 m, +1531.426 mm above the ground
[RockPrecisionFixDiag]   rock 'Kerbin Zn3010000130' 'Grass00' #161 vertex 0: ground 600198.034285 m, vertex 600198.767894 m, +733.609 mm above the ground
[RockPrecisionFixDiag]   rock 'Kerbin Zn3010000130' 'Grass00' #161 vertex 1: ground 600198.040221 m, vertex 600198.766627 m, +726.406 mm above the ground
[RockPrecisionFixDiag]   rock 'Kerbin Zn3010000130' 'Grass00' #161 vertex 2: ground 600198.034292 m, vertex 600200.493463 m, +2459.171 mm above the ground
[RockPrecisionFixDiag]   rock 'Kerbin Zn3010000130' 'Grass00' #161 vertex 3: ground 600198.040203 m, vertex 600200.492201 m, +2451.998 mm above the ground
[RockPrecisionFixDiag]   rock 'Kerbin Zn3010000130' 'Grass00' #161 vertex 4: ground 600198.034285 m, vertex 600198.767894 m, +733.609 mm above the ground
[RockPrecisionFixDiag]   rock 'Kerbin Zn3010000130' 'Grass00' #161 vertex 5: ground 600198.040221 m, vertex 600198.766627 m, +726.406 mm above the ground
[RockPrecisionFixDiag]   rock 'Kerbin Zn3010000130' 'Grass00' #161 vertex 6: ground 600198.034292 m, vertex 600200.493463 m, +2459.171 mm above the ground
[RockPrecisionFixDiag]   rock 'Kerbin Zn3010000130' 'Grass00' #161 vertex 7: ground 600198.040203 m, vertex 600200.492201 m, +2451.998 mm above the ground
[RockPrecisionFixDiag]   rock 'Kerbin Zn3010000130' 'Grass00' #162 vertex 0: ground 600205.296729 m, vertex 600205.015081 m, -281.648 mm above the ground
[RockPrecisionFixDiag]   rock 'Kerbin Zn3010000130' 'Grass00' #162 vertex 1: ground 600205.338556 m, vertex 600205.016032 m, -322.524 mm above the ground
[RockPrecisionFixDiag]   rock 'Kerbin Zn3010000130' 'Grass00' #162 vertex 2: ground 600205.296751 m, vertex 600206.584580 m, +1287.829 mm above the ground
[RockPrecisionFixDiag]   rock 'Kerbin Zn3010000130' 'Grass00' #162 vertex 3: ground 600205.338568 m, vertex 600206.585531 m, +1246.963 mm above the ground
[RockPrecisionFixDiag]   rock 'Kerbin Zn3010000130' 'Grass00' #162 vertex 4: ground 600205.296729 m, vertex 600205.015081 m, -281.648 mm above the ground
[RockPrecisionFixDiag]   rock 'Kerbin Zn3010000130' 'Grass00' #162 vertex 5: ground 600205.338556 m, vertex 600205.016032 m, -322.524 mm above the ground
[RockPrecisionFixDiag]   rock 'Kerbin Zn3010000130' 'Grass00' #162 vertex 6: ground 600205.296751 m, vertex 600206.584580 m, +1287.829 mm above the ground
[RockPrecisionFixDiag]   rock 'Kerbin Zn3010000130' 'Grass00' #162 vertex 7: ground 600205.338568 m, vertex 600206.585531 m, +1246.963 mm above the ground
[RockPrecisionFixDiag]   rock 'Kerbin Zn3010000130' 'Grass00' #163 vertex 0: ground 600188.835769 m, vertex 600188.554497 m, -281.272 mm above the ground
[RockPrecisionFixDiag]   rock 'Kerbin Zn3010000130' 'Grass00' #163 vertex 1: ground 600188.816875 m, vertex 600188.555290 m, -261.584 mm above the ground
[RockPrecisionFixDiag]   rock 'Kerbin Zn3010000130' 'Grass00' #163 vertex 2: ground 600188.835750 m, vertex 600190.498848 m, +1663.099 mm above the ground
[RockPrecisionFixDiag]   rock 'Kerbin Zn3010000130' 'Grass00' #163 vertex 3: ground 600188.816849 m, vertex 600190.499655 m, +1682.806 mm above the ground
[RockPrecisionFixDiag]   rock 'Kerbin Zn3010000130' 'Grass00' #163 vertex 4: ground 600188.835769 m, vertex 600188.554497 m, -281.272 mm above the ground
[RockPrecisionFixDiag]   rock 'Kerbin Zn3010000130' 'Grass00' #163 vertex 5: ground 600188.816875 m, vertex 600188.555290 m, -261.584 mm above the ground
[RockPrecisionFixDiag]   rock 'Kerbin Zn3010000130' 'Grass00' #163 vertex 6: ground 600188.835750 m, vertex 600190.498848 m, +1663.099 mm above the ground
[RockPrecisionFixDiag]   rock 'Kerbin Zn3010000130' 'Grass00' #163 vertex 7: ground 600188.816849 m, vertex 600190.499655 m, +1682.806 mm above the ground
[RockPrecisionFixDiag]   rock 'Kerbin Zn3010000130' 'Grass00' #164 vertex 0: ground 600191.263218 m, vertex 600190.982454 m, -280.765 mm above the ground
[RockPrecisionFixDiag]   rock 'Kerbin Zn3010000130' 'Grass00' #164 vertex 1: ground 600191.294291 m, vertex 600190.981996 m, -312.295 mm above the ground
[RockPrecisionFixDiag]   rock 'Kerbin Zn3010000130' 'Grass00' #164 vertex 2: ground 600191.263210 m, vertex 600192.543781 m, +1280.571 mm above the ground
[RockPrecisionFixDiag]   rock 'Kerbin Zn3010000130' 'Grass00' #164 vertex 3: ground 600191.294265 m, vertex 600192.543323 m, +1249.058 mm above the ground
[RockPrecisionFixDiag]   rock 'Kerbin Zn3010000130' 'Grass00' #164 vertex 4: ground 600191.263218 m, vertex 600190.982454 m, -280.765 mm above the ground
[RockPrecisionFixDiag]   rock 'Kerbin Zn3010000130' 'Grass00' #164 vertex 5: ground 600191.294291 m, vertex 600190.981996 m, -312.295 mm above the ground
[RockPrecisionFixDiag]   rock 'Kerbin Zn3010000130' 'Grass00' #164 vertex 6: ground 600191.263210 m, vertex 600192.543781 m, +1280.571 mm above the ground
[RockPrecisionFixDiag]   rock 'Kerbin Zn3010000130' 'Grass00' #164 vertex 7: ground 600191.294265 m, vertex 600192.543323 m, +1249.058 mm above the ground
[RockPrecisionFixDiag]   rock 'Kerbin Zn3010000130' 'Grass00' #165 vertex 0: ground 600201.520259 m, vertex 600201.236869 m, -283.390 mm above the ground
[RockPrecisionFixDiag]   rock 'Kerbin Zn3010000130' 'Grass00' #165 vertex 1: ground 600201.357309 m, vertex 600201.236519 m, -120.790 mm above the ground
[RockPrecisionFixDiag]   rock 'Kerbin Zn3010000130' 'Grass00' #165 vertex 2: ground 600201.520223 m, vertex 600203.190610 m, +1670.388 mm above the ground
[RockPrecisionFixDiag]   rock 'Kerbin Zn3010000130' 'Grass00' #165 vertex 3: ground 600201.357237 m, vertex 600203.190260 m, +1833.023 mm above the ground
[RockPrecisionFixDiag]   rock 'Kerbin Zn3010000130' 'Grass00' #165 vertex 4: ground 600201.520259 m, vertex 600201.236869 m, -283.390 mm above the ground
[RockPrecisionFixDiag]   rock 'Kerbin Zn3010000130' 'Grass00' #165 vertex 5: ground 600201.357309 m, vertex 600201.236519 m, -120.790 mm above the ground
[RockPrecisionFixDiag]   rock 'Kerbin Zn3010000130' 'Grass00' #165 vertex 6: ground 600201.520223 m, vertex 600203.190610 m, +1670.388 mm above the ground
[RockPrecisionFixDiag]   rock 'Kerbin Zn3010000130' 'Grass00' #165 vertex 7: ground 600201.357237 m, vertex 600203.190260 m, +1833.023 mm above the ground
[RockPrecisionFixDiag]   rock 'Kerbin Zn3010000130' 'Grass00' #166 vertex 0: ground 600204.612328 m, vertex 600204.213861 m, -398.467 mm above the ground
[RockPrecisionFixDiag]   rock 'Kerbin Zn3010000130' 'Grass00' #166 vertex 1: ground 600204.620579 m, vertex 600204.213051 m, -407.527 mm above the ground
[RockPrecisionFixDiag]   rock 'Kerbin Zn3010000130' 'Grass00' #166 vertex 2: ground 600204.612313 m, vertex 600206.190685 m, +1578.372 mm above the ground
[RockPrecisionFixDiag]   rock 'Kerbin Zn3010000130' 'Grass00' #166 vertex 3: ground 600204.620558 m, vertex 600206.189887 m, +1569.329 mm above the ground
[RockPrecisionFixDiag]   rock 'Kerbin Zn3010000130' 'Grass00' #166 vertex 4: ground 600204.612328 m, vertex 600204.213861 m, -398.467 mm above the ground
[RockPrecisionFixDiag]   rock 'Kerbin Zn3010000130' 'Grass00' #166 vertex 5: ground 600204.620579 m, vertex 600204.213051 m, -407.527 mm above the ground
[RockPrecisionFixDiag]   rock 'Kerbin Zn3010000130' 'Grass00' #166 vertex 6: ground 600204.612313 m, vertex 600206.190685 m, +1578.372 mm above the ground
[RockPrecisionFixDiag]   rock 'Kerbin Zn3010000130' 'Grass00' #166 vertex 7: ground 600204.620558 m, vertex 600206.189887 m, +1569.329 mm above the ground
[RockPrecisionFixDiag]   rock 'Kerbin Zn3010000130' 'Grass00' #167 vertex 0: ground 600199.300469 m, vertex 600197.925514 m, -1374.955 mm above the ground
[RockPrecisionFixDiag]   rock 'Kerbin Zn3010000130' 'Grass00' #167 vertex 1: ground 600199.319642 m, vertex 600197.925631 m, -1394.011 mm above the ground
[RockPrecisionFixDiag]   rock 'Kerbin Zn3010000130' 'Grass00' #167 vertex 2: ground 600199.300492 m, vertex 600198.960595 m, -339.897 mm above the ground
[RockPrecisionFixDiag]   rock 'Kerbin Zn3010000130' 'Grass00' #167 vertex 3: ground 600199.319670 m, vertex 600198.960715 m, -358.955 mm above the ground
[RockPrecisionFixDiag]   rock 'Kerbin Zn3010000130' 'Grass00' #167 vertex 4: ground 600199.300469 m, vertex 600197.925514 m, -1374.955 mm above the ground
[RockPrecisionFixDiag]   rock 'Kerbin Zn3010000130' 'Grass00' #167 vertex 5: ground 600199.319642 m, vertex 600197.925631 m, -1394.011 mm above the ground
[RockPrecisionFixDiag]   rock 'Kerbin Zn3010000130' 'Grass00' #167 vertex 6: ground 600199.300492 m, vertex 600198.960595 m, -339.897 mm above the ground
[RockPrecisionFixDiag]   rock 'Kerbin Zn3010000130' 'Grass00' #167 vertex 7: ground 600199.319670 m, vertex 600198.960715 m, -358.955 mm above the ground
[RockPrecisionFixDiag]   rock 'Kerbin Zn3010000130' 'Grass00' #168 vertex 0: ground 600186.395469 m, vertex 600186.113168 m, -282.301 mm above the ground
[RockPrecisionFixDiag]   rock 'Kerbin Zn3010000130' 'Grass00' #168 vertex 1: ground 600186.413556 m, vertex 600186.113083 m, -300.473 mm above the ground
[RockPrecisionFixDiag]   rock 'Kerbin Zn3010000130' 'Grass00' #168 vertex 2: ground 600186.395475 m, vertex 600187.735484 m, +1340.009 mm above the ground
[RockPrecisionFixDiag]   rock 'Kerbin Zn3010000130' 'Grass00' #168 vertex 3: ground 600186.413544 m, vertex 600187.735398 m, +1321.854 mm above the ground
[RockPrecisionFixDiag]   rock 'Kerbin Zn3010000130' 'Grass00' #168 vertex 4: ground 600186.395469 m, vertex 600186.113168 m, -282.301 mm above the ground
[RockPrecisionFixDiag]   rock 'Kerbin Zn3010000130' 'Grass00' #168 vertex 5: ground 600186.413556 m, vertex 600186.113083 m, -300.473 mm above the ground
[RockPrecisionFixDiag]   rock 'Kerbin Zn3010000130' 'Grass00' #168 vertex 6: ground 600186.395475 m, vertex 600187.735484 m, +1340.009 mm above the ground
[RockPrecisionFixDiag]   rock 'Kerbin Zn3010000130' 'Grass00' #168 vertex 7: ground 600186.413544 m, vertex 600187.735398 m, +1321.854 mm above the ground
[RockPrecisionFixDiag]   rock 'Kerbin Zn3010000130' 'Grass00' #169 vertex 0: ground 600201.110709 m, vertex 600200.830259 m, -280.450 mm above the ground
[RockPrecisionFixDiag]   rock 'Kerbin Zn3010000130' 'Grass00' #169 vertex 1: ground 600201.172759 m, vertex 600200.829541 m, -343.218 mm above the ground
[RockPrecisionFixDiag]   rock 'Kerbin Zn3010000130' 'Grass00' #169 vertex 2: ground 600201.110709 m, vertex 600201.890024 m, +779.315 mm above the ground
[RockPrecisionFixDiag]   rock 'Kerbin Zn3010000130' 'Grass00' #169 vertex 3: ground 600201.172784 m, vertex 600201.889311 m, +716.527 mm above the ground
[RockPrecisionFixDiag]   rock 'Kerbin Zn3010000130' 'Grass00' #169 vertex 4: ground 600201.110709 m, vertex 600200.830259 m, -280.450 mm above the ground
[RockPrecisionFixDiag]   rock 'Kerbin Zn3010000130' 'Grass00' #169 vertex 5: ground 600201.172759 m, vertex 600200.829541 m, -343.218 mm above the ground
[RockPrecisionFixDiag]   rock 'Kerbin Zn3010000130' 'Grass00' #169 vertex 6: ground 600201.110709 m, vertex 600201.890024 m, +779.315 mm above the ground
[RockPrecisionFixDiag]   rock 'Kerbin Zn3010000130' 'Grass00' #169 vertex 7: ground 600201.172784 m, vertex 600201.889311 m, +716.527 mm above the ground
[RockPrecisionFixDiag]   rock 'Kerbin Zn3010000130' 'Grass00' #170 vertex 0: ground 600200.632580 m, vertex 600200.351635 m, -280.945 mm above the ground
[RockPrecisionFixDiag]   rock 'Kerbin Zn3010000130' 'Grass00' #170 vertex 1: ground 600200.624253 m, vertex 600200.349974 m, -274.278 mm above the ground
[RockPrecisionFixDiag]   rock 'Kerbin Zn3010000130' 'Grass00' #170 vertex 2: ground 600200.632588 m, vertex 600202.193386 m, +1560.798 mm above the ground
[RockPrecisionFixDiag]   rock 'Kerbin Zn3010000130' 'Grass00' #170 vertex 3: ground 600200.624243 m, vertex 600202.191682 m, +1567.439 mm above the ground
[RockPrecisionFixDiag]   rock 'Kerbin Zn3010000130' 'Grass00' #170 vertex 4: ground 600200.632580 m, vertex 600200.351635 m, -280.945 mm above the ground
[RockPrecisionFixDiag]   rock 'Kerbin Zn3010000130' 'Grass00' #170 vertex 5: ground 600200.624253 m, vertex 600200.349974 m, -274.278 mm above the ground
[RockPrecisionFixDiag]   rock 'Kerbin Zn3010000130' 'Grass00' #170 vertex 6: ground 600200.632588 m, vertex 600202.193386 m, +1560.798 mm above the ground
[RockPrecisionFixDiag]   rock 'Kerbin Zn3010000130' 'Grass00' #170 vertex 7: ground 600200.624243 m, vertex 600202.191682 m, +1567.439 mm above the ground
[RockPrecisionFixDiag]   rock 'Kerbin Zn3010000130' 'Grass00' #171 vertex 0: ground 600201.300655 m, vertex 600201.033174 m, -267.480 mm above the ground
[RockPrecisionFixDiag]   rock 'Kerbin Zn3010000130' 'Grass00' #171 vertex 1: ground 600201.285048 m, vertex 600201.032038 m, -253.010 mm above the ground
[RockPrecisionFixDiag]   rock 'Kerbin Zn3010000130' 'Grass00' #171 vertex 2: ground 600201.300697 m, vertex 600202.912394 m, +1611.697 mm above the ground
[RockPrecisionFixDiag]   rock 'Kerbin Zn3010000130' 'Grass00' #171 vertex 3: ground 600201.285090 m, vertex 600202.911275 m, +1626.185 mm above the ground
[RockPrecisionFixDiag]   rock 'Kerbin Zn3010000130' 'Grass00' #171 vertex 4: ground 600201.300655 m, vertex 600201.033174 m, -267.480 mm above the ground
[RockPrecisionFixDiag]   rock 'Kerbin Zn3010000130' 'Grass00' #171 vertex 5: ground 600201.285048 m, vertex 600201.032038 m, -253.010 mm above the ground
[RockPrecisionFixDiag]   rock 'Kerbin Zn3010000130' 'Grass00' #171 vertex 6: ground 600201.300697 m, vertex 600202.912394 m, +1611.697 mm above the ground
[RockPrecisionFixDiag]   rock 'Kerbin Zn3010000130' 'Grass00' #171 vertex 7: ground 600201.285090 m, vertex 600202.911275 m, +1626.185 mm above the ground
[RockPrecisionFixDiag]   rock 'Kerbin Zn3010000130' 'Grass00' #172 vertex 0: ground 600194.605596 m, vertex 600194.323626 m, -281.970 mm above the ground
[RockPrecisionFixDiag]   rock 'Kerbin Zn3010000130' 'Grass00' #172 vertex 1: ground 600194.636053 m, vertex 600194.322697 m, -313.356 mm above the ground
[RockPrecisionFixDiag]   rock 'Kerbin Zn3010000130' 'Grass00' #172 vertex 2: ground 600194.605608 m, vertex 600195.423648 m, +818.040 mm above the ground
[RockPrecisionFixDiag]   rock 'Kerbin Zn3010000130' 'Grass00' #172 vertex 3: ground 600194.636018 m, vertex 600195.422719 m, +786.701 mm above the ground
[RockPrecisionFixDiag]   rock 'Kerbin Zn3010000130' 'Grass00' #172 vertex 4: ground 600194.605596 m, vertex 600194.323626 m, -281.970 mm above the ground
[RockPrecisionFixDiag]   rock 'Kerbin Zn3010000130' 'Grass00' #172 vertex 5: ground 600194.636053 m, vertex 600194.322697 m, -313.356 mm above the ground
[RockPrecisionFixDiag]   rock 'Kerbin Zn3010000130' 'Grass00' #172 vertex 6: ground 600194.605608 m, vertex 600195.423648 m, +818.040 mm above the ground
[RockPrecisionFixDiag]   rock 'Kerbin Zn3010000130' 'Grass00' #172 vertex 7: ground 600194.636018 m, vertex 600195.422719 m, +786.701 mm above the ground
[RockPrecisionFixDiag]   rock 'Kerbin Zn3010000130' 'Grass00' #173 vertex 0: ground 600208.329891 m, vertex 600208.050337 m, -279.554 mm above the ground
[RockPrecisionFixDiag]   rock 'Kerbin Zn3010000130' 'Grass00' #173 vertex 1: ground 600208.266801 m, vertex 600208.051046 m, -215.755 mm above the ground
[RockPrecisionFixDiag]   rock 'Kerbin Zn3010000130' 'Grass00' #173 vertex 2: ground 600208.330004 m, vertex 600209.750771 m, +1420.767 mm above the ground
[RockPrecisionFixDiag]   rock 'Kerbin Zn3010000130' 'Grass00' #173 vertex 3: ground 600208.266935 m, vertex 600209.751485 m, +1484.549 mm above the ground
[RockPrecisionFixDiag]   rock 'Kerbin Zn3010000130' 'Grass00' #173 vertex 4: ground 600208.329891 m, vertex 600208.050337 m, -279.554 mm above the ground
[RockPrecisionFixDiag]   rock 'Kerbin Zn3010000130' 'Grass00' #173 vertex 5: ground 600208.266801 m, vertex 600208.051046 m, -215.755 mm above the ground
[RockPrecisionFixDiag]   rock 'Kerbin Zn3010000130' 'Grass00' #173 vertex 6: ground 600208.330004 m, vertex 600209.750771 m, +1420.767 mm above the ground
[RockPrecisionFixDiag]   rock 'Kerbin Zn3010000130' 'Grass00' #173 vertex 7: ground 600208.266935 m, vertex 600209.751485 m, +1484.549 mm above the ground
[RockPrecisionFixDiag]   rock 'Kerbin Zn3010000130' 'Grass00' #174 vertex 0: ground 600196.542851 m, vertex 600196.260983 m, -281.868 mm above the ground
[RockPrecisionFixDiag]   rock 'Kerbin Zn3010000130' 'Grass00' #174 vertex 1: ground 600196.525145 m, vertex 600196.258993 m, -266.152 mm above the ground
[RockPrecisionFixDiag]   rock 'Kerbin Zn3010000130' 'Grass00' #174 vertex 2: ground 600196.542825 m, vertex 600198.110141 m, +1567.316 mm above the ground
[RockPrecisionFixDiag]   rock 'Kerbin Zn3010000130' 'Grass00' #174 vertex 3: ground 600196.525172 m, vertex 600198.108176 m, +1583.004 mm above the ground
[RockPrecisionFixDiag]   rock 'Kerbin Zn3010000130' 'Grass00' #174 vertex 4: ground 600196.542851 m, vertex 600196.260983 m, -281.868 mm above the ground
[RockPrecisionFixDiag]   rock 'Kerbin Zn3010000130' 'Grass00' #174 vertex 5: ground 600196.525145 m, vertex 600196.258993 m, -266.152 mm above the ground
[RockPrecisionFixDiag]   rock 'Kerbin Zn3010000130' 'Grass00' #174 vertex 6: ground 600196.542825 m, vertex 600198.110141 m, +1567.316 mm above the ground
[RockPrecisionFixDiag]   rock 'Kerbin Zn3010000130' 'Grass00' #174 vertex 7: ground 600196.525172 m, vertex 600198.108176 m, +1583.004 mm above the ground
[RockPrecisionFixDiag]   rock 'Kerbin Zn3010000130' 'Grass00' #175 vertex 0: ground 600191.582119 m, vertex 600191.299496 m, -282.623 mm above the ground
[RockPrecisionFixDiag]   rock 'Kerbin Zn3010000130' 'Grass00' #175 vertex 1: ground 600191.620101 m, vertex 600191.299235 m, -320.866 mm above the ground
[RockPrecisionFixDiag]   rock 'Kerbin Zn3010000130' 'Grass00' #175 vertex 2: ground 600191.582106 m, vertex 600192.546100 m, +963.993 mm above the ground
[RockPrecisionFixDiag]   rock 'Kerbin Zn3010000130' 'Grass00' #175 vertex 3: ground 600191.620107 m, vertex 600192.545845 m, +925.738 mm above the ground
[RockPrecisionFixDiag]   rock 'Kerbin Zn3010000130' 'Grass00' #175 vertex 4: ground 600191.582119 m, vertex 600191.299496 m, -282.623 mm above the ground
[RockPrecisionFixDiag]   rock 'Kerbin Zn3010000130' 'Grass00' #175 vertex 5: ground 600191.620101 m, vertex 600191.299235 m, -320.866 mm above the ground
[RockPrecisionFixDiag]   rock 'Kerbin Zn3010000130' 'Grass00' #175 vertex 6: ground 600191.582106 m, vertex 600192.546100 m, +963.993 mm above the ground
[RockPrecisionFixDiag]   rock 'Kerbin Zn3010000130' 'Grass00' #175 vertex 7: ground 600191.620107 m, vertex 600192.545845 m, +925.738 mm above the ground
[RockPrecisionFixDiag]   rock 'Kerbin Zn3010000130' 'Grass00' #176 vertex 0: ground 600199.930222 m, vertex 600199.647496 m, -282.726 mm above the ground
[RockPrecisionFixDiag]   rock 'Kerbin Zn3010000130' 'Grass00' #176 vertex 1: ground 600199.838472 m, vertex 600199.646789 m, -191.682 mm above the ground
[RockPrecisionFixDiag]   rock 'Kerbin Zn3010000130' 'Grass00' #176 vertex 2: ground 600199.930195 m, vertex 600201.430664 m, +1500.470 mm above the ground
[RockPrecisionFixDiag]   rock 'Kerbin Zn3010000130' 'Grass00' #176 vertex 3: ground 600199.838450 m, vertex 600201.429970 m, +1591.520 mm above the ground
[RockPrecisionFixDiag]   rock 'Kerbin Zn3010000130' 'Grass00' #176 vertex 4: ground 600199.930222 m, vertex 600199.647496 m, -282.726 mm above the ground
[RockPrecisionFixDiag]   rock 'Kerbin Zn3010000130' 'Grass00' #176 vertex 5: ground 600199.838472 m, vertex 600199.646789 m, -191.682 mm above the ground
[RockPrecisionFixDiag]   rock 'Kerbin Zn3010000130' 'Grass00' #176 vertex 6: ground 600199.930195 m, vertex 600201.430664 m, +1500.470 mm above the ground
[RockPrecisionFixDiag]   rock 'Kerbin Zn3010000130' 'Grass00' #176 vertex 7: ground 600199.838450 m, vertex 600201.429970 m, +1591.520 mm above the ground
[RockPrecisionFixDiag]   rock 'Kerbin Zn3010000130' 'Grass00' #177 vertex 0: ground 600207.629412 m, vertex 600207.349987 m, -279.424 mm above the ground
[RockPrecisionFixDiag]   rock 'Kerbin Zn3010000130' 'Grass00' #177 vertex 1: ground 600207.551553 m, vertex 600207.350679 m, -200.874 mm above the ground
[RockPrecisionFixDiag]   rock 'Kerbin Zn3010000130' 'Grass00' #177 vertex 2: ground 600207.629527 m, vertex 600208.865160 m, +1235.634 mm above the ground
[RockPrecisionFixDiag]   rock 'Kerbin Zn3010000130' 'Grass00' #177 vertex 3: ground 600207.551665 m, vertex 600208.865860 m, +1314.196 mm above the ground
[RockPrecisionFixDiag]   rock 'Kerbin Zn3010000130' 'Grass00' #177 vertex 4: ground 600207.629412 m, vertex 600207.349987 m, -279.424 mm above the ground
[RockPrecisionFixDiag]   rock 'Kerbin Zn3010000130' 'Grass00' #177 vertex 5: ground 600207.551553 m, vertex 600207.350679 m, -200.874 mm above the ground
[RockPrecisionFixDiag]   rock 'Kerbin Zn3010000130' 'Grass00' #177 vertex 6: ground 600207.629527 m, vertex 600208.865160 m, +1235.634 mm above the ground
[RockPrecisionFixDiag]   rock 'Kerbin Zn3010000130' 'Grass00' #177 vertex 7: ground 600207.551665 m, vertex 600208.865860 m, +1314.196 mm above the ground
[RockPrecisionFixDiag]   rock 'Kerbin Zn3010000130' 'Grass00' #178 vertex 0: ground 600192.929329 m, vertex 600192.648415 m, -280.914 mm above the ground
[RockPrecisionFixDiag]   rock 'Kerbin Zn3010000130' 'Grass00' #178 vertex 1: ground 600192.900760 m, vertex 600192.646826 m, -253.934 mm above the ground
[RockPrecisionFixDiag]   rock 'Kerbin Zn3010000130' 'Grass00' #178 vertex 2: ground 600192.929299 m, vertex 600194.266545 m, +1337.245 mm above the ground
[RockPrecisionFixDiag]   rock 'Kerbin Zn3010000130' 'Grass00' #178 vertex 3: ground 600192.900756 m, vertex 600194.264956 m, +1364.201 mm above the ground
[RockPrecisionFixDiag]   rock 'Kerbin Zn3010000130' 'Grass00' #178 vertex 4: ground 600192.929329 m, vertex 600192.648415 m, -280.914 mm above the ground
[RockPrecisionFixDiag]   rock 'Kerbin Zn3010000130' 'Grass00' #178 vertex 5: ground 600192.900760 m, vertex 600192.646826 m, -253.934 mm above the ground
[RockPrecisionFixDiag]   rock 'Kerbin Zn3010000130' 'Grass00' #178 vertex 6: ground 600192.929299 m, vertex 600194.266545 m, +1337.245 mm above the ground
[RockPrecisionFixDiag]   rock 'Kerbin Zn3010000130' 'Grass00' #178 vertex 7: ground 600192.900756 m, vertex 600194.264956 m, +1364.201 mm above the ground
[RockPrecisionFixDiag]   rock 'Kerbin Zn3010000130' 'Grass00' #179 vertex 0: ground 600188.910295 m, vertex 600188.640382 m, -269.912 mm above the ground
[RockPrecisionFixDiag]   rock 'Kerbin Zn3010000130' 'Grass00' #179 vertex 1: ground 600188.881723 m, vertex 600188.641221 m, -240.502 mm above the ground
[RockPrecisionFixDiag]   rock 'Kerbin Zn3010000130' 'Grass00' #179 vertex 2: ground 600188.910356 m, vertex 600190.331313 m, +1420.957 mm above the ground
[RockPrecisionFixDiag]   rock 'Kerbin Zn3010000130' 'Grass00' #179 vertex 3: ground 600188.881784 m, vertex 600190.332139 m, +1450.355 mm above the ground
[RockPrecisionFixDiag]   rock 'Kerbin Zn3010000130' 'Grass00' #179 vertex 4: ground 600188.910295 m, vertex 600188.640382 m, -269.912 mm above the ground
[RockPrecisionFixDiag]   rock 'Kerbin Zn3010000130' 'Grass00' #179 vertex 5: ground 600188.881723 m, vertex 600188.641221 m, -240.502 mm above the ground
[RockPrecisionFixDiag]   rock 'Kerbin Zn3010000130' 'Grass00' #179 vertex 6: ground 600188.910356 m, vertex 600190.331313 m, +1420.957 mm above the ground
[RockPrecisionFixDiag]   rock 'Kerbin Zn3010000130' 'Grass00' #179 vertex 7: ground 600188.881784 m, vertex 600190.332139 m, +1450.355 mm above the ground
[RockPrecisionFixDiag]   rock 'Kerbin Zn3010000130' 'Grass00' #180 vertex 0: ground 600202.228090 m, vertex 600201.945333 m, -282.757 mm above the ground
[RockPrecisionFixDiag]   rock 'Kerbin Zn3010000130' 'Grass00' #180 vertex 1: ground 600202.204230 m, vertex 600201.946225 m, -258.005 mm above the ground
[RockPrecisionFixDiag]   rock 'Kerbin Zn3010000130' 'Grass00' #180 vertex 2: ground 600202.228162 m, vertex 600203.054916 m, +826.754 mm above the ground
[RockPrecisionFixDiag]   rock 'Kerbin Zn3010000130' 'Grass00' #180 vertex 3: ground 600202.204277 m, vertex 600203.055808 m, +851.531 mm above the ground
[RockPrecisionFixDiag]   rock 'Kerbin Zn3010000130' 'Grass00' #180 vertex 4: ground 600202.228090 m, vertex 600201.945333 m, -282.757 mm above the ground
[RockPrecisionFixDiag]   rock 'Kerbin Zn3010000130' 'Grass00' #180 vertex 5: ground 600202.204230 m, vertex 600201.946225 m, -258.005 mm above the ground
[RockPrecisionFixDiag]   rock 'Kerbin Zn3010000130' 'Grass00' #180 vertex 6: ground 600202.228162 m, vertex 600203.054916 m, +826.754 mm above the ground
[RockPrecisionFixDiag]   rock 'Kerbin Zn3010000130' 'Grass00' #180 vertex 7: ground 600202.204277 m, vertex 600203.055808 m, +851.531 mm above the ground
[RockPrecisionFixDiag]   rock 'Kerbin Zn3010000130' 'Grass00' #181 vertex 0: ground 600189.732609 m, vertex 600189.559616 m, -172.992 mm above the ground
[RockPrecisionFixDiag]   rock 'Kerbin Zn3010000130' 'Grass00' #181 vertex 1: ground 600189.693667 m, vertex 600189.559443 m, -134.225 mm above the ground
[RockPrecisionFixDiag]   rock 'Kerbin Zn3010000130' 'Grass00' #181 vertex 2: ground 600189.732597 m, vertex 600190.703743 m, +971.146 mm above the ground
[RockPrecisionFixDiag]   rock 'Kerbin Zn3010000130' 'Grass00' #181 vertex 3: ground 600189.693656 m, vertex 600190.703574 m, +1009.918 mm above the ground
[RockPrecisionFixDiag]   rock 'Kerbin Zn3010000130' 'Grass00' #181 vertex 4: ground 600189.732609 m, vertex 600189.559616 m, -172.992 mm above the ground
[RockPrecisionFixDiag]   rock 'Kerbin Zn3010000130' 'Grass00' #181 vertex 5: ground 600189.693667 m, vertex 600189.559443 m, -134.225 mm above the ground
[RockPrecisionFixDiag]   rock 'Kerbin Zn3010000130' 'Grass00' #181 vertex 6: ground 600189.732597 m, vertex 600190.703743 m, +971.146 mm above the ground
[RockPrecisionFixDiag]   rock 'Kerbin Zn3010000130' 'Grass00' #181 vertex 7: ground 600189.693656 m, vertex 600190.703574 m, +1009.918 mm above the ground
[RockPrecisionFixDiag]   rock 'Kerbin Zn3010000130' 'Grass00' #182 vertex 0: ground 600190.352503 m, vertex 600190.071007 m, -281.496 mm above the ground
[RockPrecisionFixDiag]   rock 'Kerbin Zn3010000130' 'Grass00' #182 vertex 1: ground 600190.331024 m, vertex 600190.071520 m, -259.504 mm above the ground
[RockPrecisionFixDiag]   rock 'Kerbin Zn3010000130' 'Grass00' #182 vertex 2: ground 600190.352572 m, vertex 600191.152364 m, +799.792 mm above the ground
[RockPrecisionFixDiag]   rock 'Kerbin Zn3010000130' 'Grass00' #182 vertex 3: ground 600190.331106 m, vertex 600191.152895 m, +821.789 mm above the ground
[RockPrecisionFixDiag]   rock 'Kerbin Zn3010000130' 'Grass00' #182 vertex 4: ground 600190.352503 m, vertex 600190.071007 m, -281.496 mm above the ground
[RockPrecisionFixDiag]   rock 'Kerbin Zn3010000130' 'Grass00' #182 vertex 5: ground 600190.331024 m, vertex 600190.071520 m, -259.504 mm above the ground
[RockPrecisionFixDiag]   rock 'Kerbin Zn3010000130' 'Grass00' #182 vertex 6: ground 600190.352572 m, vertex 600191.152364 m, +799.792 mm above the ground
[RockPrecisionFixDiag]   rock 'Kerbin Zn3010000130' 'Grass00' #182 vertex 7: ground 600190.331106 m, vertex 600191.152895 m, +821.789 mm above the ground
[RockPrecisionFixDiag]   rock 'Kerbin Zn3010000130' 'Grass00' #183 vertex 0: ground 600194.401091 m, vertex 600194.119078 m, -282.013 mm above the ground
[RockPrecisionFixDiag]   rock 'Kerbin Zn3010000130' 'Grass00' #183 vertex 1: ground 600194.426750 m, vertex 600194.118223 m, -308.528 mm above the ground
[RockPrecisionFixDiag]   rock 'Kerbin Zn3010000130' 'Grass00' #183 vertex 2: ground 600194.401084 m, vertex 600195.131487 m, +730.403 mm above the ground
[RockPrecisionFixDiag]   rock 'Kerbin Zn3010000130' 'Grass00' #183 vertex 3: ground 600194.426794 m, vertex 600195.130632 m, +703.838 mm above the ground
[RockPrecisionFixDiag]   rock 'Kerbin Zn3010000130' 'Grass00' #183 vertex 4: ground 600194.401091 m, vertex 600194.119078 m, -282.013 mm above the ground
[RockPrecisionFixDiag]   rock 'Kerbin Zn3010000130' 'Grass00' #183 vertex 5: ground 600194.426750 m, vertex 600194.118223 m, -308.528 mm above the ground
[RockPrecisionFixDiag]   rock 'Kerbin Zn3010000130' 'Grass00' #183 vertex 6: ground 600194.401084 m, vertex 600195.131487 m, +730.403 mm above the ground
[RockPrecisionFixDiag]   rock 'Kerbin Zn3010000130' 'Grass00' #183 vertex 7: ground 600194.426794 m, vertex 600195.130632 m, +703.838 mm above the ground
[RockPrecisionFixDiag]   rock 'Kerbin Zn3010000130' 'Grass00' #184 vertex 0: ground 600205.285939 m, vertex 600205.004813 m, -281.127 mm above the ground
[RockPrecisionFixDiag]   rock 'Kerbin Zn3010000130' 'Grass00' #184 vertex 1: ground 600205.267909 m, vertex 600205.004151 m, -263.758 mm above the ground
[RockPrecisionFixDiag]   rock 'Kerbin Zn3010000130' 'Grass00' #184 vertex 2: ground 600205.285975 m, vertex 600206.081258 m, +795.283 mm above the ground
[RockPrecisionFixDiag]   rock 'Kerbin Zn3010000130' 'Grass00' #184 vertex 3: ground 600205.267931 m, vertex 600206.080603 m, +812.672 mm above the ground
[RockPrecisionFixDiag]   rock 'Kerbin Zn3010000130' 'Grass00' #184 vertex 4: ground 600205.285939 m, vertex 600205.004813 m, -281.127 mm above the ground
[RockPrecisionFixDiag]   rock 'Kerbin Zn3010000130' 'Grass00' #184 vertex 5: ground 600205.267909 m, vertex 600205.004151 m, -263.758 mm above the ground
[RockPrecisionFixDiag]   rock 'Kerbin Zn3010000130' 'Grass00' #184 vertex 6: ground 600205.285975 m, vertex 600206.081258 m, +795.283 mm above the ground
[RockPrecisionFixDiag]   rock 'Kerbin Zn3010000130' 'Grass00' #184 vertex 7: ground 600205.267931 m, vertex 600206.080603 m, +812.672 mm above the ground
[RockPrecisionFixDiag]   rock 'Kerbin Zn3010000130' 'Grass00' #185 vertex 0: ground 600194.057162 m, vertex 600193.776604 m, -280.558 mm above the ground
[RockPrecisionFixDiag]   rock 'Kerbin Zn3010000130' 'Grass00' #185 vertex 1: ground 600193.963994 m, vertex 600193.777096 m, -186.897 mm above the ground
[RockPrecisionFixDiag]   rock 'Kerbin Zn3010000130' 'Grass00' #185 vertex 2: ground 600194.057216 m, vertex 600195.566254 m, +1509.037 mm above the ground
[RockPrecisionFixDiag]   rock 'Kerbin Zn3010000130' 'Grass00' #185 vertex 3: ground 600193.964033 m, vertex 600195.566750 m, +1602.717 mm above the ground
[RockPrecisionFixDiag]   rock 'Kerbin Zn3010000130' 'Grass00' #185 vertex 4: ground 600194.057162 m, vertex 600193.776604 m, -280.558 mm above the ground
[RockPrecisionFixDiag]   rock 'Kerbin Zn3010000130' 'Grass00' #185 vertex 5: ground 600193.963994 m, vertex 600193.777096 m, -186.897 mm above the ground
[RockPrecisionFixDiag]   rock 'Kerbin Zn3010000130' 'Grass00' #185 vertex 6: ground 600194.057216 m, vertex 600195.566254 m, +1509.037 mm above the ground
[RockPrecisionFixDiag]   rock 'Kerbin Zn3010000130' 'Grass00' #185 vertex 7: ground 600193.964033 m, vertex 600195.566750 m, +1602.717 mm above the ground
[RockPrecisionFixDiag]   rock 'Kerbin Zn3010000130' 'Grass00' #186 vertex 0: ground 600191.575938 m, vertex 600191.293298 m, -282.640 mm above the ground
[RockPrecisionFixDiag]   rock 'Kerbin Zn3010000130' 'Grass00' #186 vertex 1: ground 600191.609431 m, vertex 600191.293696 m, -315.736 mm above the ground
[RockPrecisionFixDiag]   rock 'Kerbin Zn3010000130' 'Grass00' #186 vertex 2: ground 600191.575940 m, vertex 600192.352620 m, +776.680 mm above the ground
[RockPrecisionFixDiag]   rock 'Kerbin Zn3010000130' 'Grass00' #186 vertex 3: ground 600191.609417 m, vertex 600192.353018 m, +743.601 mm above the ground
[RockPrecisionFixDiag]   rock 'Kerbin Zn3010000130' 'Grass00' #186 vertex 4: ground 600191.575938 m, vertex 600191.293298 m, -282.640 mm above the ground
[RockPrecisionFixDiag]   rock 'Kerbin Zn3010000130' 'Grass00' #186 vertex 5: ground 600191.609431 m, vertex 600191.293696 m, -315.736 mm above the ground
[RockPrecisionFixDiag]   rock 'Kerbin Zn3010000130' 'Grass00' #186 vertex 6: ground 600191.575940 m, vertex 600192.352620 m, +776.680 mm above the ground
[RockPrecisionFixDiag]   rock 'Kerbin Zn3010000130' 'Grass00' #186 vertex 7: ground 600191.609417 m, vertex 600192.353018 m, +743.601 mm above the ground
[RockPrecisionFixDiag]   rock 'Kerbin Zn3010000130' 'Grass00' #187 vertex 0: ground 600190.365917 m, vertex 600190.084875 m, -281.042 mm above the ground
[RockPrecisionFixDiag]   rock 'Kerbin Zn3010000130' 'Grass00' #187 vertex 1: ground 600190.387013 m, vertex 600190.084861 m, -302.152 mm above the ground
[RockPrecisionFixDiag]   rock 'Kerbin Zn3010000130' 'Grass00' #187 vertex 2: ground 600190.365906 m, vertex 600191.481296 m, +1115.390 mm above the ground
[RockPrecisionFixDiag]   rock 'Kerbin Zn3010000130' 'Grass00' #187 vertex 3: ground 600190.386963 m, vertex 600191.481279 m, +1094.316 mm above the ground
[RockPrecisionFixDiag]   rock 'Kerbin Zn3010000130' 'Grass00' #187 vertex 4: ground 600190.365917 m, vertex 600190.084875 m, -281.042 mm above the ground
[RockPrecisionFixDiag]   rock 'Kerbin Zn3010000130' 'Grass00' #187 vertex 5: ground 600190.387013 m, vertex 600190.084861 m, -302.152 mm above the ground
[RockPrecisionFixDiag]   rock 'Kerbin Zn3010000130' 'Grass00' #187 vertex 6: ground 600190.365906 m, vertex 600191.481296 m, +1115.390 mm above the ground
[RockPrecisionFixDiag]   rock 'Kerbin Zn3010000130' 'Grass00' #187 vertex 7: ground 600190.386963 m, vertex 600191.481279 m, +1094.316 mm above the ground
[RockPrecisionFixDiag]   rock 'Kerbin Zn3010000130' 'Grass00' #188 vertex 0: ground 600190.304630 m, vertex 600190.023872 m, -280.758 mm above the ground
[RockPrecisionFixDiag]   rock 'Kerbin Zn3010000130' 'Grass00' #188 vertex 1: ground 600190.244908 m, vertex 600190.023317 m, -221.591 mm above the ground
[RockPrecisionFixDiag]   rock 'Kerbin Zn3010000130' 'Grass00' #188 vertex 2: ground 600190.304592 m, vertex 600191.459266 m, +1154.674 mm above the ground
[RockPrecisionFixDiag]   rock 'Kerbin Zn3010000130' 'Grass00' #188 vertex 3: ground 600190.244858 m, vertex 600191.458718 m, +1213.860 mm above the ground
[RockPrecisionFixDiag]   rock 'Kerbin Zn3010000130' 'Grass00' #188 vertex 4: ground 600190.304630 m, vertex 600190.023872 m, -280.758 mm above the ground
[RockPrecisionFixDiag]   rock 'Kerbin Zn3010000130' 'Grass00' #188 vertex 5: ground 600190.244908 m, vertex 600190.023317 m, -221.591 mm above the ground
[RockPrecisionFixDiag]   rock 'Kerbin Zn3010000130' 'Grass00' #188 vertex 6: ground 600190.304592 m, vertex 600191.459266 m, +1154.674 mm above the ground
[RockPrecisionFixDiag]   rock 'Kerbin Zn3010000130' 'Grass00' #188 vertex 7: ground 600190.244858 m, vertex 600191.458718 m, +1213.860 mm above the ground
[RockPrecisionFixDiag]   rock 'Kerbin Zn3010000130' 'Grass00' #189 vertex 0: ground 600202.901812 m, vertex 600202.620403 m, -281.408 mm above the ground
[RockPrecisionFixDiag]   rock 'Kerbin Zn3010000130' 'Grass00' #189 vertex 1: ground 600202.880818 m, vertex 600202.620004 m, -260.814 mm above the ground
[RockPrecisionFixDiag]   rock 'Kerbin Zn3010000130' 'Grass00' #189 vertex 2: ground 600202.901847 m, vertex 600203.971390 m, +1069.544 mm above the ground
[RockPrecisionFixDiag]   rock 'Kerbin Zn3010000130' 'Grass00' #189 vertex 3: ground 600202.880828 m, vertex 600203.971009 m, +1090.180 mm above the ground
[RockPrecisionFixDiag]   rock 'Kerbin Zn3010000130' 'Grass00' #189 vertex 4: ground 600202.901812 m, vertex 600202.620403 m, -281.408 mm above the ground
[RockPrecisionFixDiag]   rock 'Kerbin Zn3010000130' 'Grass00' #189 vertex 5: ground 600202.880818 m, vertex 600202.620004 m, -260.814 mm above the ground
[RockPrecisionFixDiag]   rock 'Kerbin Zn3010000130' 'Grass00' #189 vertex 6: ground 600202.901847 m, vertex 600203.971390 m, +1069.544 mm above the ground
[RockPrecisionFixDiag]   rock 'Kerbin Zn3010000130' 'Grass00' #189 vertex 7: ground 600202.880828 m, vertex 600203.971009 m, +1090.180 mm above the ground
[RockPrecisionFixDiag]   rock 'Kerbin Zn3010000130' 'Grass00' #190 vertex 0: ground 600196.499889 m, vertex 600196.217402 m, -282.487 mm above the ground
[RockPrecisionFixDiag]   rock 'Kerbin Zn3010000130' 'Grass00' #190 vertex 1: ground 600196.537763 m, vertex 600196.217226 m, -320.536 mm above the ground
[RockPrecisionFixDiag]   rock 'Kerbin Zn3010000130' 'Grass00' #190 vertex 2: ground 600196.499880 m, vertex 600198.165075 m, +1665.195 mm above the ground
[RockPrecisionFixDiag]   rock 'Kerbin Zn3010000130' 'Grass00' #190 vertex 3: ground 600196.537779 m, vertex 600198.164906 m, +1627.127 mm above the ground
[RockPrecisionFixDiag]   rock 'Kerbin Zn3010000130' 'Grass00' #190 vertex 4: ground 600196.499889 m, vertex 600196.217402 m, -282.487 mm above the ground
[RockPrecisionFixDiag]   rock 'Kerbin Zn3010000130' 'Grass00' #190 vertex 5: ground 600196.537763 m, vertex 600196.217226 m, -320.536 mm above the ground
[RockPrecisionFixDiag]   rock 'Kerbin Zn3010000130' 'Grass00' #190 vertex 6: ground 600196.499880 m, vertex 600198.165075 m, +1665.195 mm above the ground
[RockPrecisionFixDiag]   rock 'Kerbin Zn3010000130' 'Grass00' #190 vertex 7: ground 600196.537779 m, vertex 600198.164906 m, +1627.127 mm above the ground
[RockPrecisionFixDiag]   rock 'Kerbin Zn3010000130' 'Grass00' #191 vertex 0: ground 600187.780106 m, vertex 600187.498624 m, -281.483 mm above the ground
[RockPrecisionFixDiag]   rock 'Kerbin Zn3010000130' 'Grass00' #191 vertex 1: ground 600187.756238 m, vertex 600187.499496 m, -256.741 mm above the ground
[RockPrecisionFixDiag]   rock 'Kerbin Zn3010000130' 'Grass00' #191 vertex 2: ground 600187.780149 m, vertex 600189.240173 m, +1460.024 mm above the ground
[RockPrecisionFixDiag]   rock 'Kerbin Zn3010000130' 'Grass00' #191 vertex 3: ground 600187.756224 m, vertex 600189.241053 m, +1484.829 mm above the ground
[RockPrecisionFixDiag]   rock 'Kerbin Zn3010000130' 'Grass00' #191 vertex 4: ground 600187.780106 m, vertex 600187.498624 m, -281.483 mm above the ground
[RockPrecisionFixDiag]   rock 'Kerbin Zn3010000130' 'Grass00' #191 vertex 5: ground 600187.756238 m, vertex 600187.499496 m, -256.741 mm above the ground
[RockPrecisionFixDiag]   rock 'Kerbin Zn3010000130' 'Grass00' #191 vertex 6: ground 600187.780149 m, vertex 600189.240173 m, +1460.024 mm above the ground
[RockPrecisionFixDiag]   rock 'Kerbin Zn3010000130' 'Grass00' #191 vertex 7: ground 600187.756224 m, vertex 600189.241053 m, +1484.829 mm above the ground
[RockPrecisionFixDiag]   rock 'Kerbin Zn3010000130' 'Grass00' #192 vertex 0: ground 600198.430122 m, vertex 600198.607040 m, +176.918 mm above the ground
[RockPrecisionFixDiag]   rock 'Kerbin Zn3010000130' 'Grass00' #192 vertex 1: ground 600198.375582 m, vertex 600198.607388 m, +231.806 mm above the ground
[RockPrecisionFixDiag]   rock 'Kerbin Zn3010000130' 'Grass00' #192 vertex 2: ground 600198.430113 m, vertex 600200.040639 m, +1610.526 mm above the ground
[RockPrecisionFixDiag]   rock 'Kerbin Zn3010000130' 'Grass00' #192 vertex 3: ground 600198.375569 m, vertex 600200.041007 m, +1665.438 mm above the ground
[RockPrecisionFixDiag]   rock 'Kerbin Zn3010000130' 'Grass00' #192 vertex 4: ground 600198.430122 m, vertex 600198.607040 m, +176.918 mm above the ground
[RockPrecisionFixDiag]   rock 'Kerbin Zn3010000130' 'Grass00' #192 vertex 5: ground 600198.375582 m, vertex 600198.607388 m, +231.806 mm above the ground
[RockPrecisionFixDiag]   rock 'Kerbin Zn3010000130' 'Grass00' #192 vertex 6: ground 600198.430113 m, vertex 600200.040639 m, +1610.526 mm above the ground
[RockPrecisionFixDiag]   rock 'Kerbin Zn3010000130' 'Grass00' #192 vertex 7: ground 600198.375569 m, vertex 600200.041007 m, +1665.438 mm above the ground
[RockPrecisionFixDiag]   rock 'Kerbin Zn3010000130' 'Grass00' #193 vertex 0: ground 600204.848858 m, vertex 600204.678604 m, -170.254 mm above the ground
[RockPrecisionFixDiag]   rock 'Kerbin Zn3010000130' 'Grass00' #193 vertex 1: ground 600204.803255 m, vertex 600204.677714 m, -125.540 mm above the ground
[RockPrecisionFixDiag]   rock 'Kerbin Zn3010000130' 'Grass00' #193 vertex 2: ground 600204.848781 m, vertex 600205.995478 m, +1146.698 mm above the ground
[RockPrecisionFixDiag]   rock 'Kerbin Zn3010000130' 'Grass00' #193 vertex 3: ground 600204.803213 m, vertex 600205.994582 m, +1191.369 mm above the ground
[RockPrecisionFixDiag]   rock 'Kerbin Zn3010000130' 'Grass00' #193 vertex 4: ground 600204.848858 m, vertex 600204.678604 m, -170.254 mm above the ground
[RockPrecisionFixDiag]   rock 'Kerbin Zn3010000130' 'Grass00' #193 vertex 5: ground 600204.803255 m, vertex 600204.677714 m, -125.540 mm above the ground
[RockPrecisionFixDiag]   rock 'Kerbin Zn3010000130' 'Grass00' #193 vertex 6: ground 600204.848781 m, vertex 600205.995478 m, +1146.698 mm above the ground
[RockPrecisionFixDiag]   rock 'Kerbin Zn3010000130' 'Grass00' #193 vertex 7: ground 600204.803213 m, vertex 600205.994582 m, +1191.369 mm above the ground
[RockPrecisionFixDiag]   rock 'Kerbin Zn3010000130' 'Grass00' #194 vertex 0: ground 600197.469331 m, vertex 600197.190328 m, -279.003 mm above the ground
[RockPrecisionFixDiag]   rock 'Kerbin Zn3010000130' 'Grass00' #194 vertex 1: ground 600197.437958 m, vertex 600197.188993 m, -248.965 mm above the ground
[RockPrecisionFixDiag]   rock 'Kerbin Zn3010000130' 'Grass00' #194 vertex 2: ground 600197.469408 m, vertex 600198.761132 m, +1291.723 mm above the ground
[RockPrecisionFixDiag]   rock 'Kerbin Zn3010000130' 'Grass00' #194 vertex 3: ground 600197.437925 m, vertex 600198.759809 m, +1321.884 mm above the ground
[RockPrecisionFixDiag]   rock 'Kerbin Zn3010000130' 'Grass00' #194 vertex 4: ground 600197.469331 m, vertex 600197.190328 m, -279.003 mm above the ground
[RockPrecisionFixDiag]   rock 'Kerbin Zn3010000130' 'Grass00' #194 vertex 5: ground 600197.437958 m, vertex 600197.188993 m, -248.965 mm above the ground
[RockPrecisionFixDiag]   rock 'Kerbin Zn3010000130' 'Grass00' #194 vertex 6: ground 600197.469408 m, vertex 600198.761132 m, +1291.723 mm above the ground
[RockPrecisionFixDiag]   rock 'Kerbin Zn3010000130' 'Grass00' #194 vertex 7: ground 600197.437925 m, vertex 600198.759809 m, +1321.884 mm above the ground
[RockPrecisionFixDiag]   rock 'Kerbin Zn3010000130' 'Grass00' #195 vertex 0: ground 600196.770574 m, vertex 600196.488606 m, -281.968 mm above the ground
[RockPrecisionFixDiag]   rock 'Kerbin Zn3010000130' 'Grass00' #195 vertex 1: ground 600196.782929 m, vertex 600196.488966 m, -293.962 mm above the ground
[RockPrecisionFixDiag]   rock 'Kerbin Zn3010000130' 'Grass00' #195 vertex 2: ground 600196.770537 m, vertex 600197.927377 m, +1156.839 mm above the ground
[RockPrecisionFixDiag]   rock 'Kerbin Zn3010000130' 'Grass00' #195 vertex 3: ground 600196.782889 m, vertex 600197.927737 m, +1144.848 mm above the ground
[RockPrecisionFixDiag]   rock 'Kerbin Zn3010000130' 'Grass00' #195 vertex 4: ground 600196.770574 m, vertex 600196.488606 m, -281.968 mm above the ground
[RockPrecisionFixDiag]   rock 'Kerbin Zn3010000130' 'Grass00' #195 vertex 5: ground 600196.782929 m, vertex 600196.488966 m, -293.962 mm above the ground
[RockPrecisionFixDiag]   rock 'Kerbin Zn3010000130' 'Grass00' #195 vertex 6: ground 600196.770537 m, vertex 600197.927377 m, +1156.839 mm above the ground
[RockPrecisionFixDiag]   rock 'Kerbin Zn3010000130' 'Grass00' #195 vertex 7: ground 600196.782889 m, vertex 600197.927737 m, +1144.848 mm above the ground
[RockPrecisionFixDiag]   rock 'Kerbin Zn3010000130' 'Grass00' #196 vertex 0: ground 600196.436678 m, vertex 600196.153397 m, -283.281 mm above the ground
[RockPrecisionFixDiag]   rock 'Kerbin Zn3010000130' 'Grass00' #196 vertex 1: ground 600196.427889 m, vertex 600196.152658 m, -275.231 mm above the ground
[RockPrecisionFixDiag]   rock 'Kerbin Zn3010000130' 'Grass00' #196 vertex 2: ground 600196.436710 m, vertex 600197.812172 m, +1375.462 mm above the ground
[RockPrecisionFixDiag]   rock 'Kerbin Zn3010000130' 'Grass00' #196 vertex 3: ground 600196.427883 m, vertex 600197.811432 m, +1383.548 mm above the ground
[RockPrecisionFixDiag]   rock 'Kerbin Zn3010000130' 'Grass00' #196 vertex 4: ground 600196.436678 m, vertex 600196.153397 m, -283.281 mm above the ground
[RockPrecisionFixDiag]   rock 'Kerbin Zn3010000130' 'Grass00' #196 vertex 5: ground 600196.427889 m, vertex 600196.152658 m, -275.231 mm above the ground
[RockPrecisionFixDiag]   rock 'Kerbin Zn3010000130' 'Grass00' #196 vertex 6: ground 600196.436710 m, vertex 600197.812172 m, +1375.462 mm above the ground
[RockPrecisionFixDiag]   rock 'Kerbin Zn3010000130' 'Grass00' #196 vertex 7: ground 600196.427883 m, vertex 600197.811432 m, +1383.548 mm above the ground
[RockPrecisionFixDiag]   rock 'Kerbin Zn3010000130' 'Grass00' #197 vertex 0: ground 600214.633313 m, vertex 600214.423327 m, -209.986 mm above the ground
[RockPrecisionFixDiag]   rock 'Kerbin Zn3010000130' 'Grass00' #197 vertex 1: ground 600214.655594 m, vertex 600214.424162 m, -231.431 mm above the ground
[RockPrecisionFixDiag]   rock 'Kerbin Zn3010000130' 'Grass00' #197 vertex 2: ground 600214.633315 m, vertex 600215.631825 m, +998.510 mm above the ground
[RockPrecisionFixDiag]   rock 'Kerbin Zn3010000130' 'Grass00' #197 vertex 3: ground 600214.655578 m, vertex 600215.632673 m, +977.095 mm above the ground
[RockPrecisionFixDiag]   rock 'Kerbin Zn3010000130' 'Grass00' #197 vertex 4: ground 600214.633313 m, vertex 600214.423327 m, -209.986 mm above the ground
[RockPrecisionFixDiag]   rock 'Kerbin Zn3010000130' 'Grass00' #197 vertex 5: ground 600214.655594 m, vertex 600214.424162 m, -231.431 mm above the ground
[RockPrecisionFixDiag]   rock 'Kerbin Zn3010000130' 'Grass00' #197 vertex 6: ground 600214.633315 m, vertex 600215.631825 m, +998.510 mm above the ground
[RockPrecisionFixDiag]   rock 'Kerbin Zn3010000130' 'Grass00' #197 vertex 7: ground 600214.655578 m, vertex 600215.632673 m, +977.095 mm above the ground
[RockPrecisionFixDiag]   rock 'Kerbin Zn3010000130' 'Grass00' #198 vertex 0: ground 600196.929449 m, vertex 600196.647315 m, -282.134 mm above the ground
[RockPrecisionFixDiag]   rock 'Kerbin Zn3010000130' 'Grass00' #198 vertex 1: ground 600196.959193 m, vertex 600196.646330 m, -312.863 mm above the ground
[RockPrecisionFixDiag]   rock 'Kerbin Zn3010000130' 'Grass00' #198 vertex 2: ground 600196.929479 m, vertex 600197.730094 m, +800.615 mm above the ground
[RockPrecisionFixDiag]   rock 'Kerbin Zn3010000130' 'Grass00' #198 vertex 3: ground 600196.959259 m, vertex 600197.729109 m, +769.850 mm above the ground
[RockPrecisionFixDiag]   rock 'Kerbin Zn3010000130' 'Grass00' #198 vertex 4: ground 600196.929449 m, vertex 600196.647315 m, -282.134 mm above the ground
[RockPrecisionFixDiag]   rock 'Kerbin Zn3010000130' 'Grass00' #198 vertex 5: ground 600196.959193 m, vertex 600196.646330 m, -312.863 mm above the ground
[RockPrecisionFixDiag]   rock 'Kerbin Zn3010000130' 'Grass00' #198 vertex 6: ground 600196.929479 m, vertex 600197.730094 m, +800.615 mm above the ground
[RockPrecisionFixDiag]   rock 'Kerbin Zn3010000130' 'Grass00' #198 vertex 7: ground 600196.959259 m, vertex 600197.729109 m, +769.850 mm above the ground
[RockPrecisionFixDiag]   rock 'Kerbin Zn3010000130' 'Grass00' #199 vertex 0: ground 600197.761090 m, vertex 600197.479742 m, -281.348 mm above the ground
[RockPrecisionFixDiag]   rock 'Kerbin Zn3010000130' 'Grass00' #199 vertex 1: ground 600197.761196 m, vertex 600197.479726 m, -281.470 mm above the ground
[RockPrecisionFixDiag]   rock 'Kerbin Zn3010000130' 'Grass00' #199 vertex 2: ground 600197.761117 m, vertex 600199.387599 m, +1626.482 mm above the ground
[RockPrecisionFixDiag]   rock 'Kerbin Zn3010000130' 'Grass00' #199 vertex 3: ground 600197.761185 m, vertex 600199.387578 m, +1626.393 mm above the ground
[RockPrecisionFixDiag]   rock 'Kerbin Zn3010000130' 'Grass00' #199 vertex 4: ground 600197.761090 m, vertex 600197.479742 m, -281.348 mm above the ground
[RockPrecisionFixDiag]   rock 'Kerbin Zn3010000130' 'Grass00' #199 vertex 5: ground 600197.761196 m, vertex 600197.479726 m, -281.470 mm above the ground
[RockPrecisionFixDiag]   rock 'Kerbin Zn3010000130' 'Grass00' #199 vertex 6: ground 600197.761117 m, vertex 600199.387599 m, +1626.482 mm above the ground
[RockPrecisionFixDiag]   rock 'Kerbin Zn3010000130' 'Grass00' #199 vertex 7: ground 600197.761185 m, vertex 600199.387578 m, +1626.393 mm above the ground
[RockPrecisionFixDiag]   rock 'Kerbin Zn3010000130' 'Tree00' #0 vertex 11: ground 600193.473019 m, vertex 600192.355195 m, -1117.824 mm above the ground
[RockPrecisionFixDiag]   rock 'Kerbin Zn3010000130' 'Tree00' #0 vertex 47: ground 600193.509076 m, vertex 600211.773083 m, +18264.007 mm above the ground
[RockPrecisionFixDiag]   rock 'Kerbin Zn3010000130' 'Tree00' #0 vertex 31: ground 600193.130110 m, vertex 600211.759008 m, +18628.898 mm above the ground
[RockPrecisionFixDiag]   rock 'Kerbin Zn3010000130' 'Tree00' #0 vertex 55: ground 600193.046845 m, vertex 600211.765432 m, +18718.587 mm above the ground
[RockPrecisionFixDiag]   rock 'Kerbin Zn3010000130' 'Tree00' #0 vertex 39: ground 600193.410240 m, vertex 600211.766650 m, +18356.410 mm above the ground
[RockPrecisionFixDiag]   rock 'Kerbin Zn3010000130' 'Tree00' #0 vertex 48: ground 600193.722162 m, vertex 600199.460459 m, +5738.297 mm above the ground
[RockPrecisionFixDiag]   rock 'Kerbin Zn3010000130' 'Tree00' #0 vertex 37: ground 600193.177735 m, vertex 600199.459510 m, +6281.775 mm above the ground
[RockPrecisionFixDiag]   rock 'Kerbin Zn3010000130' 'Tree00' #0 vertex 40: ground 600193.171613 m, vertex 600199.450526 m, +6278.913 mm above the ground
[RockPrecisionFixDiag]   rock 'Kerbin Zn3010000130' 'Tree00' #0 vertex 12: ground 600193.504804 m, vertex 600205.061627 m, +11556.822 mm above the ground
[RockPrecisionFixDiag]   rock 'Kerbin Zn3010000130' 'Tree00' #0 vertex 32: ground 600193.199208 m, vertex 600199.449476 m, +6250.268 mm above the ground
[RockPrecisionFixDiag]   rock 'Kerbin Zn3010000130' 'Tree00' #1 vertex 11: ground 600189.081624 m, vertex 600187.890642 m, -1190.982 mm above the ground
[RockPrecisionFixDiag]   rock 'Kerbin Zn3010000130' 'Tree00' #1 vertex 47: ground 600189.360533 m, vertex 600218.018965 m, +28658.432 mm above the ground
[RockPrecisionFixDiag]   rock 'Kerbin Zn3010000130' 'Tree00' #1 vertex 31: ground 600189.110298 m, vertex 600218.022098 m, +28911.800 mm above the ground
[RockPrecisionFixDiag]   rock 'Kerbin Zn3010000130' 'Tree00' #1 vertex 55: ground 600188.868519 m, vertex 600218.025085 m, +29156.567 mm above the ground
[RockPrecisionFixDiag]   rock 'Kerbin Zn3010000130' 'Tree00' #1 vertex 39: ground 600190.511139 m, vertex 600218.015977 m, +27504.838 mm above the ground
[RockPrecisionFixDiag]   rock 'Kerbin Zn3010000130' 'Tree00' #1 vertex 48: ground 600190.099805 m, vertex 600198.905572 m, +8805.768 mm above the ground
[RockPrecisionFixDiag]   rock 'Kerbin Zn3010000130' 'Tree00' #1 vertex 37: ground 600189.109513 m, vertex 600198.911972 m, +9802.459 mm above the ground
[RockPrecisionFixDiag]   rock 'Kerbin Zn3010000130' 'Tree00' #1 vertex 40: ground 600190.110713 m, vertex 600198.907674 m, +8796.961 mm above the ground
[RockPrecisionFixDiag]   rock 'Kerbin Zn3010000130' 'Tree00' #1 vertex 12: ground 600189.114557 m, vertex 600207.613451 m, +18498.894 mm above the ground
[RockPrecisionFixDiag]   rock 'Kerbin Zn3010000130' 'Tree00' #1 vertex 32: ground 600188.778620 m, vertex 600198.914155 m, +10135.535 mm above the ground
[RockPrecisionFixDiag]   rock 'Kerbin Zn3010000130' 'Tree00' #2 vertex 11: ground 600190.539849 m, vertex 600188.845734 m, -1694.114 mm above the ground
[RockPrecisionFixDiag]   rock 'Kerbin Zn3010000130' 'Tree00' #2 vertex 47: ground 600189.746239 m, vertex 600243.521009 m, +53774.771 mm above the ground
[RockPrecisionFixDiag]   rock 'Kerbin Zn3010000130' 'Tree00' #2 vertex 31: ground 600192.459907 m, vertex 600243.508873 m, +51048.966 mm above the ground
[RockPrecisionFixDiag]   rock 'Kerbin Zn3010000130' 'Tree00' #2 vertex 55: ground 600190.650195 m, vertex 600243.492900 m, +52842.705 mm above the ground
[RockPrecisionFixDiag]   rock 'Kerbin Zn3010000130' 'Tree00' #2 vertex 39: ground 600191.460644 m, vertex 600243.536982 m, +52076.338 mm above the ground
[RockPrecisionFixDiag]   rock 'Kerbin Zn3010000130' 'Tree00' #2 vertex 48: ground 600190.953525 m, vertex 600208.861172 m, +17907.647 mm above the ground
[RockPrecisionFixDiag]   rock 'Kerbin Zn3010000130' 'Tree00' #2 vertex 37: ground 600189.348371 m, vertex 600208.830195 m, +19481.823 mm above the ground
[RockPrecisionFixDiag]   rock 'Kerbin Zn3010000130' 'Tree00' #2 vertex 40: ground 600192.062556 m, vertex 600208.853139 m, +16790.583 mm above the ground
[RockPrecisionFixDiag]   rock 'Kerbin Zn3010000130' 'Tree00' #2 vertex 12: ground 600190.281558 m, vertex 600224.631496 m, +34349.938 mm above the ground
[RockPrecisionFixDiag]   rock 'Kerbin Zn3010000130' 'Tree00' #2 vertex 32: ground 600191.840364 m, vertex 600208.821827 m, +16981.463 mm above the ground
[RockPrecisionFixDiag]   rock 'Kerbin Zn3010000130' 'Tree00' #3 vertex 11: ground 600204.533122 m, vertex 600203.413430 m, -1119.693 mm above the ground
[RockPrecisionFixDiag]   rock 'Kerbin Zn3010000130' 'Tree00' #3 vertex 47: ground 600204.412228 m, vertex 600218.621132 m, +14208.904 mm above the ground
[RockPrecisionFixDiag]   rock 'Kerbin Zn3010000130' 'Tree00' #3 vertex 31: ground 600204.639121 m, vertex 600218.635791 m, +13996.670 mm above the ground
[RockPrecisionFixDiag]   rock 'Kerbin Zn3010000130' 'Tree00' #3 vertex 55: ground 600204.382403 m, vertex 600218.628215 m, +14245.812 mm above the ground
[RockPrecisionFixDiag]   rock 'Kerbin Zn3010000130' 'Tree00' #3 vertex 39: ground 600204.668957 m, vertex 600218.628708 m, +13959.752 mm above the ground
[RockPrecisionFixDiag]   rock 'Kerbin Zn3010000130' 'Tree00' #3 vertex 48: ground 600204.543729 m, vertex 600208.972354 m, +4428.624 mm above the ground
[RockPrecisionFixDiag]   rock 'Kerbin Zn3010000130' 'Tree00' #3 vertex 37: ground 600204.344305 m, vertex 600208.972104 m, +4627.799 mm above the ground
[RockPrecisionFixDiag]   rock 'Kerbin Zn3010000130' 'Tree00' #3 vertex 40: ground 600204.707679 m, vertex 600208.982712 m, +4275.033 mm above the ground
[RockPrecisionFixDiag]   rock 'Kerbin Zn3010000130' 'Tree00' #3 vertex 12: ground 600204.522641 m, vertex 600213.372873 m, +8850.232 mm above the ground
[RockPrecisionFixDiag]   rock 'Kerbin Zn3010000130' 'Tree00' #3 vertex 32: ground 600204.507953 m, vertex 600208.982548 m, +4474.595 mm above the ground
[RockPrecisionFixDiag]   rock 'Kerbin Zn3010000130' 'Tree00' #4 vertex 11: ground 600201.620675 m, vertex 600200.414351 m, -1206.324 mm above the ground
[RockPrecisionFixDiag]   rock 'Kerbin Zn3010000130' 'Tree00' #4 vertex 47: ground 600202.024655 m, vertex 600241.558523 m, +39533.868 mm above the ground
[RockPrecisionFixDiag]   rock 'Kerbin Zn3010000130' 'Tree00' #4 vertex 31: ground 600201.095362 m, vertex 600241.591305 m, +40495.944 mm above the ground
[RockPrecisionFixDiag]   rock 'Kerbin Zn3010000130' 'Tree00' #4 vertex 55: ground 600200.723885 m, vertex 600241.577303 m, +40853.417 mm above the ground
[RockPrecisionFixDiag]   rock 'Kerbin Zn3010000130' 'Tree00' #4 vertex 39: ground 600202.084256 m, vertex 600241.572517 m, +39488.261 mm above the ground
[RockPrecisionFixDiag]   rock 'Kerbin Zn3010000130' 'Tree00' #4 vertex 48: ground 600202.425277 m, vertex 600215.453306 m, +13028.030 mm above the ground
[RockPrecisionFixDiag]   rock 'Kerbin Zn3010000130' 'Tree00' #4 vertex 37: ground 600201.228937 m, vertex 600215.456861 m, +14227.924 mm above the ground
[RockPrecisionFixDiag]   rock 'Kerbin Zn3010000130' 'Tree00' #4 vertex 40: ground 600201.546073 m, vertex 600215.476417 m, +13930.345 mm above the ground
[RockPrecisionFixDiag]   rock 'Kerbin Zn3010000130' 'Tree00' #4 vertex 12: ground 600201.687083 m, vertex 600227.357197 m, +25670.114 mm above the ground
[RockPrecisionFixDiag]   rock 'Kerbin Zn3010000130' 'Tree00' #4 vertex 32: ground 600200.812560 m, vertex 600215.480225 m, +14667.665 mm above the ground
[RockPrecisionFixDiag]   rock 'Kerbin Zn3010000130' 'Tree00' #5 vertex 11: ground 600193.491550 m, vertex 600192.285024 m, -1206.526 mm above the ground
[RockPrecisionFixDiag]   rock 'Kerbin Zn3010000130' 'Tree00' #5 vertex 47: ground 600195.019969 m, vertex 600226.447996 m, +31428.027 mm above the ground
[RockPrecisionFixDiag]   rock 'Kerbin Zn3010000130' 'Tree00' #5 vertex 31: ground 600193.084633 m, vertex 600226.460236 m, +33375.604 mm above the ground
[RockPrecisionFixDiag]   rock 'Kerbin Zn3010000130' 'Tree00' #5 vertex 55: ground 600193.639533 m, vertex 600226.455956 m, +32816.423 mm above the ground
[RockPrecisionFixDiag]   rock 'Kerbin Zn3010000130' 'Tree00' #5 vertex 39: ground 600193.603616 m, vertex 600226.452273 m, +32848.658 mm above the ground
[RockPrecisionFixDiag]   rock 'Kerbin Zn3010000130' 'Tree00' #5 vertex 48: ground 600194.644066 m, vertex 600204.775572 m, +10131.506 mm above the ground
[RockPrecisionFixDiag]   rock 'Kerbin Zn3010000130' 'Tree00' #5 vertex 37: ground 600194.551078 m, vertex 600204.778222 m, +10227.144 mm above the ground
[RockPrecisionFixDiag]   rock 'Kerbin Zn3010000130' 'Tree00' #5 vertex 40: ground 600193.160025 m, vertex 600204.784172 m, +11624.147 mm above the ground
[RockPrecisionFixDiag]   rock 'Kerbin Zn3010000130' 'Tree00' #5 vertex 12: ground 600193.544199 m, vertex 600214.651669 m, +21107.470 mm above the ground
[RockPrecisionFixDiag]   rock 'Kerbin Zn3010000130' 'Tree00' #5 vertex 32: ground 600193.278011 m, vertex 600204.786932 m, +11508.921 mm above the ground
[RockPrecisionFixDiag]   rock 'Kerbin Zn3010000130' 'Tree00' #6 vertex 11: ground 600197.185018 m, vertex 600195.972975 m, -1212.044 mm above the ground
[RockPrecisionFixDiag]   rock 'Kerbin Zn3010000130' 'Tree00' #6 vertex 47: ground 600197.233948 m, vertex 600220.845205 m, +23611.257 mm above the ground
[RockPrecisionFixDiag]   rock 'Kerbin Zn3010000130' 'Tree00' #6 vertex 31: ground 600197.144461 m, vertex 600220.845658 m, +23701.197 mm above the ground
[RockPrecisionFixDiag]   rock 'Kerbin Zn3010000130' 'Tree00' #6 vertex 55: ground 600197.482170 m, vertex 600220.836880 m, +23354.710 mm above the ground
[RockPrecisionFixDiag]   rock 'Kerbin Zn3010000130' 'Tree00' #6 vertex 39: ground 600196.871962 m, vertex 600220.853983 m, +23982.021 mm above the ground
[RockPrecisionFixDiag]   rock 'Kerbin Zn3010000130' 'Tree00' #6 vertex 48: ground 600197.007493 m, vertex 600205.075689 m, +8068.196 mm above the ground
[RockPrecisionFixDiag]   rock 'Kerbin Zn3010000130' 'Tree00' #6 vertex 37: ground 600197.428688 m, vertex 600205.063695 m, +7635.008 mm above the ground
[RockPrecisionFixDiag]   rock 'Kerbin Zn3010000130' 'Tree00' #6 vertex 40: ground 600196.930432 m, vertex 600205.076225 m, +8145.793 mm above the ground
[RockPrecisionFixDiag]   rock 'Kerbin Zn3010000130' 'Tree00' #6 vertex 12: ground 600197.182262 m, vertex 600212.254190 m, +15071.928 mm above the ground
[RockPrecisionFixDiag]   rock 'Kerbin Zn3010000130' 'Tree00' #6 vertex 32: ground 600197.366928 m, vertex 600205.064128 m, +7697.200 mm above the ground
[RockPrecisionFixDiag]   rock 'Kerbin Zn3010000130' 'Tree00' #7 vertex 11: ground 600202.711369 m, vertex 600201.359728 m, -1351.641 mm above the ground
[RockPrecisionFixDiag]   rock 'Kerbin Zn3010000130' 'Tree00' #7 vertex 47: ground 600202.549064 m, vertex 600254.785619 m, +52236.555 mm above the ground
[RockPrecisionFixDiag]   rock 'Kerbin Zn3010000130' 'Tree00' #7 vertex 31: ground 600202.530195 m, vertex 600254.848432 m, +52318.237 mm above the ground
[RockPrecisionFixDiag]   rock 'Kerbin Zn3010000130' 'Tree00' #7 vertex 55: ground 600202.544986 m, vertex 600254.814919 m, +52269.932 mm above the ground
[RockPrecisionFixDiag]   rock 'Kerbin Zn3010000130' 'Tree00' #7 vertex 39: ground 600203.146517 m, vertex 600254.819132 m, +51672.615 mm above the ground
[RockPrecisionFixDiag]   rock 'Kerbin Zn3010000130' 'Tree00' #7 vertex 48: ground 600203.192784 m, vertex 600220.887340 m, +17694.557 mm above the ground
[RockPrecisionFixDiag]   rock 'Kerbin Zn3010000130' 'Tree00' #7 vertex 37: ground 600202.177149 m, vertex 600220.884758 m, +18707.609 mm above the ground
[RockPrecisionFixDiag]   rock 'Kerbin Zn3010000130' 'Tree00' #7 vertex 40: ground 600202.723650 m, vertex 600220.931804 m, +18208.154 mm above the ground
[RockPrecisionFixDiag]   rock 'Kerbin Zn3010000130' 'Tree00' #7 vertex 12: ground 600202.740966 m, vertex 600236.351267 m, +33610.302 mm above the ground
[RockPrecisionFixDiag]   rock 'Kerbin Zn3010000130' 'Tree00' #7 vertex 32: ground 600202.475071 m, vertex 600220.929583 m, +18454.512 mm above the ground
[RockPrecisionFixDiag]   rock 'Kerbin Zn3010000130' 'Tree00' #8 vertex 11: ground 600189.811072 m, vertex 600188.497720 m, -1313.352 mm above the ground
[RockPrecisionFixDiag]   rock 'Kerbin Zn3010000130' 'Tree00' #8 vertex 47: ground 600191.838810 m, vertex 600237.626592 m, +45787.782 mm above the ground
[RockPrecisionFixDiag]   rock 'Kerbin Zn3010000130' 'Tree00' #8 vertex 31: ground 600189.866137 m, vertex 600237.626013 m, +47759.876 mm above the ground
[RockPrecisionFixDiag]   rock 'Kerbin Zn3010000130' 'Tree00' #8 vertex 55: ground 600189.587528 m, vertex 600237.637558 m, +48050.030 mm above the ground
[RockPrecisionFixDiag]   rock 'Kerbin Zn3010000130' 'Tree00' #8 vertex 39: ground 600190.260535 m, vertex 600237.615047 m, +47354.512 mm above the ground
[RockPrecisionFixDiag]   rock 'Kerbin Zn3010000130' 'Tree00' #8 vertex 48: ground 600191.320549 m, vertex 600206.457845 m, +15137.296 mm above the ground
[RockPrecisionFixDiag]   rock 'Kerbin Zn3010000130' 'Tree00' #8 vertex 37: ground 600191.066016 m, vertex 600206.473607 m, +15407.591 mm above the ground
[RockPrecisionFixDiag]   rock 'Kerbin Zn3010000130' 'Tree00' #8 vertex 40: ground 600190.244882 m, vertex 600206.457144 m, +16212.262 mm above the ground
[RockPrecisionFixDiag]   rock 'Kerbin Zn3010000130' 'Tree00' #8 vertex 12: ground 600189.841986 m, vertex 600220.656960 m, +30814.974 mm above the ground
[RockPrecisionFixDiag]   rock 'Kerbin Zn3010000130' 'Tree00' #8 vertex 32: ground 600189.384097 m, vertex 600206.473060 m, +17088.963 mm above the ground
[RockPrecisionFixDiag]   rock 'Kerbin Zn3010000130' 'Tree00' #9 vertex 11: ground 600217.519671 m, vertex 600216.514628 m, -1005.044 mm above the ground
[RockPrecisionFixDiag]   rock 'Kerbin Zn3010000130' 'Tree00' #9 vertex 47: ground 600218.440532 m, vertex 600236.511465 m, +18070.933 mm above the ground
[RockPrecisionFixDiag]   rock 'Kerbin Zn3010000130' 'Tree00' #9 vertex 31: ground 600216.755048 m, vertex 600236.516067 m, +19761.019 mm above the ground
[RockPrecisionFixDiag]   rock 'Kerbin Zn3010000130' 'Tree00' #9 vertex 55: ground 600216.953279 m, vertex 600236.526130 m, +19572.851 mm above the ground
[RockPrecisionFixDiag]   rock 'Kerbin Zn3010000130' 'Tree00' #9 vertex 39: ground 600218.388017 m, vertex 600236.501410 m, +18113.393 mm above the ground
[RockPrecisionFixDiag]   rock 'Kerbin Zn3010000130' 'Tree00' #9 vertex 48: ground 600218.731114 m, vertex 600223.818076 m, +5086.962 mm above the ground
[RockPrecisionFixDiag]   rock 'Kerbin Zn3010000130' 'Tree00' #9 vertex 37: ground 600217.702241 m, vertex 600223.835462 m, +6133.221 mm above the ground
[RockPrecisionFixDiag]   rock 'Kerbin Zn3010000130' 'Tree00' #9 vertex 40: ground 600217.545253 m, vertex 600223.821054 m, +6275.801 mm above the ground
[RockPrecisionFixDiag]   rock 'Kerbin Zn3010000130' 'Tree00' #9 vertex 12: ground 600217.644349 m, vertex 600229.606047 m, +11961.698 mm above the ground
[RockPrecisionFixDiag]   rock 'Kerbin Zn3010000130' 'Tree00' #9 vertex 32: ground 600216.522026 m, vertex 600223.838606 m, +7316.580 mm above the ground
[RockPrecisionFixDiag]   rock 'Kerbin Zn3010000130' 'Tree00' #10 vertex 11: ground 600211.887270 m, vertex 600210.559330 m, -1327.940 mm above the ground
[RockPrecisionFixDiag]   rock 'Kerbin Zn3010000130' 'Tree00' #10 vertex 47: ground 600210.281724 m, vertex 600256.324005 m, +46042.281 mm above the ground
[RockPrecisionFixDiag]   rock 'Kerbin Zn3010000130' 'Tree00' #10 vertex 31: ground 600212.158210 m, vertex 600256.336416 m, +44178.206 mm above the ground
[RockPrecisionFixDiag]   rock 'Kerbin Zn3010000130' 'Tree00' #10 vertex 55: ground 600211.014128 m, vertex 600256.352213 m, +45338.085 mm above the ground
[RockPrecisionFixDiag]   rock 'Kerbin Zn3010000130' 'Tree00' #10 vertex 39: ground 600212.712525 m, vertex 600256.308196 m, +43595.671 mm above the ground
[RockPrecisionFixDiag]   rock 'Kerbin Zn3010000130' 'Tree00' #10 vertex 48: ground 600211.478202 m, vertex 600227.278350 m, +15800.148 mm above the ground
[RockPrecisionFixDiag]   rock 'Kerbin Zn3010000130' 'Tree00' #10 vertex 37: ground 600209.664020 m, vertex 600227.309277 m, +17645.257 mm above the ground
[RockPrecisionFixDiag]   rock 'Kerbin Zn3010000130' 'Tree00' #10 vertex 40: ground 600212.701776 m, vertex 600227.286586 m, +14584.810 mm above the ground
[RockPrecisionFixDiag]   rock 'Kerbin Zn3010000130' 'Tree00' #10 vertex 12: ground 600211.876111 m, vertex 600240.520619 m, +28644.508 mm above the ground
[RockPrecisionFixDiag]   rock 'Kerbin Zn3010000130' 'Tree00' #10 vertex 32: ground 600211.483740 m, vertex 600227.317860 m, +15834.120 mm above the ground
[RockPrecisionFixDiag]   rock 'Kerbin Zn3010000130' 'Tree00' #11 vertex 11: ground 600194.300148 m, vertex 600192.365235 m, -1934.913 mm above the ground
[RockPrecisionFixDiag]   rock 'Kerbin Zn3010000130' 'Tree00' #11 vertex 47: ground 600194.094244 m, vertex 600244.298280 m, +50204.036 mm above the ground
[RockPrecisionFixDiag]   rock 'Kerbin Zn3010000130' 'Tree00' #11 vertex 31: ground 600194.186860 m, vertex 600244.265195 m, +50078.335 mm above the ground
[RockPrecisionFixDiag]   rock 'Kerbin Zn3010000130' 'Tree00' #11 vertex 55: ground 600195.925571 m, vertex 600244.271872 m, +48346.301 mm above the ground
[RockPrecisionFixDiag]   rock 'Kerbin Zn3010000130' 'Tree00' #11 vertex 39: ground 600192.367542 m, vertex 600244.291609 m, +51924.067 mm above the ground
[RockPrecisionFixDiag]   rock 'Kerbin Zn3010000130' 'Tree00' #11 vertex 48: ground 600192.751274 m, vertex 600211.373433 m, +18622.160 mm above the ground
[RockPrecisionFixDiag]   rock 'Kerbin Zn3010000130' 'Tree00' #11 vertex 37: ground 600195.443928 m, vertex 600211.359387 m, +15915.458 mm above the ground
[RockPrecisionFixDiag]   rock 'Kerbin Zn3010000130' 'Tree00' #11 vertex 40: ground 600192.964116 m, vertex 600211.350289 m, +18386.174 mm above the ground
[RockPrecisionFixDiag]   rock 'Kerbin Zn3010000130' 'Tree00' #11 vertex 12: ground 600194.268937 m, vertex 600226.349615 m, +32080.678 mm above the ground
[RockPrecisionFixDiag]   rock 'Kerbin Zn3010000130' 'Tree00' #11 vertex 32: ground 600195.381917 m, vertex 600211.335923 m, +15954.006 mm above the ground
[RockPrecisionFixDiag]   rock 'Kerbin Zn3010000130' 'Tree00' #12 vertex 11: ground 600189.089484 m, vertex 600188.337880 m, -751.604 mm above the ground
[RockPrecisionFixDiag]   rock 'Kerbin Zn3010000130' 'Tree00' #12 vertex 47: ground 600189.625308 m, vertex 600236.367888 m, +46742.580 mm above the ground
[RockPrecisionFixDiag]   rock 'Kerbin Zn3010000130' 'Tree00' #12 vertex 31: ground 600188.733315 m, vertex 600236.366025 m, +47632.710 mm above the ground
[RockPrecisionFixDiag]   rock 'Kerbin Zn3010000130' 'Tree00' #12 vertex 55: ground 600188.808523 m, vertex 600236.369298 m, +47560.775 mm above the ground
[RockPrecisionFixDiag]   rock 'Kerbin Zn3010000130' 'Tree00' #12 vertex 39: ground 600189.445214 m, vertex 600236.364614 m, +46919.400 mm above the ground
[RockPrecisionFixDiag]   rock 'Kerbin Zn3010000130' 'Tree00' #12 vertex 48: ground 600189.690787 m, vertex 600205.902868 m, +16212.081 mm above the ground
[RockPrecisionFixDiag]   rock 'Kerbin Zn3010000130' 'Tree00' #12 vertex 37: ground 600188.886125 m, vertex 600205.906130 m, +17020.005 mm above the ground
[RockPrecisionFixDiag]   rock 'Kerbin Zn3010000130' 'Tree00' #12 vertex 40: ground 600189.046932 m, vertex 600205.901485 m, +16854.553 mm above the ground
[RockPrecisionFixDiag]   rock 'Kerbin Zn3010000130' 'Tree00' #12 vertex 12: ground 600189.149265 m, vertex 600219.777294 m, +30628.030 mm above the ground
[RockPrecisionFixDiag]   rock 'Kerbin Zn3010000130' 'Tree00' #12 vertex 32: ground 600188.740413 m, vertex 600205.904772 m, +17164.359 mm above the ground
[RockPrecisionFixDiag]   rock 'Kerbin Zn3010000130' 'Tree00' #13 vertex 11: ground 600188.190534 m, vertex 600186.780344 m, -1410.190 mm above the ground
[RockPrecisionFixDiag]   rock 'Kerbin Zn3010000130' 'Tree00' #13 vertex 47: ground 600187.739503 m, vertex 600209.949711 m, +22210.208 mm above the ground
[RockPrecisionFixDiag]   rock 'Kerbin Zn3010000130' 'Tree00' #13 vertex 31: ground 600188.532811 m, vertex 600209.944855 m, +21412.045 mm above the ground
[RockPrecisionFixDiag]   rock 'Kerbin Zn3010000130' 'Tree00' #13 vertex 55: ground 600188.187917 m, vertex 600209.946526 m, +21758.609 mm above the ground
[RockPrecisionFixDiag]   rock 'Kerbin Zn3010000130' 'Tree00' #13 vertex 39: ground 600188.082949 m, vertex 600209.948041 m, +21865.092 mm above the ground
[RockPrecisionFixDiag]   rock 'Kerbin Zn3010000130' 'Tree00' #13 vertex 48: ground 600187.790941 m, vertex 600195.255746 m, +7464.805 mm above the ground
[RockPrecisionFixDiag]   rock 'Kerbin Zn3010000130' 'Tree00' #13 vertex 37: ground 600187.892136 m, vertex 600195.254650 m, +7362.514 mm above the ground
[RockPrecisionFixDiag]   rock 'Kerbin Zn3010000130' 'Tree00' #13 vertex 40: ground 600188.374278 m, vertex 600195.252331 m, +6878.053 mm above the ground
[RockPrecisionFixDiag]   rock 'Kerbin Zn3010000130' 'Tree00' #13 vertex 12: ground 600188.143059 m, vertex 600201.945332 m, +13802.273 mm above the ground
[RockPrecisionFixDiag]   rock 'Kerbin Zn3010000130' 'Tree00' #13 vertex 32: ground 600188.457388 m, vertex 600195.251201 m, +6793.813 mm above the ground
[RockPrecisionFixDiag]   rock 'Kerbin Zn3010000130' 'Tree00' #14 vertex 11: ground 600198.163755 m, vertex 600196.850076 m, -1313.680 mm above the ground
[RockPrecisionFixDiag]   rock 'Kerbin Zn3010000130' 'Tree00' #14 vertex 47: ground 600197.814883 m, vertex 600230.495244 m, +32680.361 mm above the ground
[RockPrecisionFixDiag]   rock 'Kerbin Zn3010000130' 'Tree00' #14 vertex 31: ground 600198.577308 m, vertex 600230.489868 m, +31912.560 mm above the ground
[RockPrecisionFixDiag]   rock 'Kerbin Zn3010000130' 'Tree00' #14 vertex 55: ground 600198.839422 m, vertex 600230.506612 m, +31667.189 mm above the ground
[RockPrecisionFixDiag]   rock 'Kerbin Zn3010000130' 'Tree00' #14 vertex 39: ground 600197.230593 m, vertex 600230.478519 m, +33247.925 mm above the ground
[RockPrecisionFixDiag]   rock 'Kerbin Zn3010000130' 'Tree00' #14 vertex 48: ground 600197.389353 m, vertex 600209.146201 m, +11756.849 mm above the ground
[RockPrecisionFixDiag]   rock 'Kerbin Zn3010000130' 'Tree00' #14 vertex 37: ground 600198.418896 m, vertex 600209.165862 m, +10746.966 mm above the ground
[RockPrecisionFixDiag]   rock 'Kerbin Zn3010000130' 'Tree00' #14 vertex 40: ground 600197.526612 m, vertex 600209.142046 m, +11615.434 mm above the ground
[RockPrecisionFixDiag]   rock 'Kerbin Zn3010000130' 'Tree00' #14 vertex 12: ground 600198.135269 m, vertex 600218.872447 m, +20737.178 mm above the ground
[RockPrecisionFixDiag]   rock 'Kerbin Zn3010000130' 'Tree00' #14 vertex 32: ground 600198.950233 m, vertex 600209.161845 m, +10211.612 mm above the ground
[RockPrecisionFixDiag]   rock 'Kerbin Zn3010000130' 'Tree00' #15 vertex 11: ground 600199.745235 m, vertex 600198.345245 m, -1399.990 mm above the ground
[RockPrecisionFixDiag]   rock 'Kerbin Zn3010000130' 'Tree00' #15 vertex 47: ground 600200.591488 m, vertex 600222.578619 m, +21987.132 mm above the ground
[RockPrecisionFixDiag]   rock 'Kerbin Zn3010000130' 'Tree00' #15 vertex 31: ground 600199.111653 m, vertex 600222.598812 m, +23487.159 mm above the ground
[RockPrecisionFixDiag]   rock 'Kerbin Zn3010000130' 'Tree00' #15 vertex 55: ground 600199.698559 m, vertex 600222.585178 m, +22886.620 mm above the ground
[RockPrecisionFixDiag]   rock 'Kerbin Zn3010000130' 'Tree00' #15 vertex 39: ground 600200.004557 m, vertex 600222.592283 m, +22587.726 mm above the ground
[RockPrecisionFixDiag]   rock 'Kerbin Zn3010000130' 'Tree00' #15 vertex 48: ground 600200.489418 m, vertex 600207.206353 m, +6716.935 mm above the ground
[RockPrecisionFixDiag]   rock 'Kerbin Zn3010000130' 'Tree00' #15 vertex 37: ground 600200.265834 m, vertex 600207.201511 m, +6935.678 mm above the ground
[RockPrecisionFixDiag]   rock 'Kerbin Zn3010000130' 'Tree00' #15 vertex 40: ground 600199.446977 m, vertex 600207.220743 m, +7773.766 mm above the ground
[RockPrecisionFixDiag]   rock 'Kerbin Zn3010000130' 'Tree00' #15 vertex 12: ground 600199.835976 m, vertex 600214.214501 m, +14378.525 mm above the ground
[RockPrecisionFixDiag]   rock 'Kerbin Zn3010000130' 'Tree00' #15 vertex 32: ground 600199.212183 m, vertex 600207.215955 m, +8003.772 mm above the ground
[RockPrecisionFixDiag]   rock 'Kerbin Zn3010000130' 'Tree00' #16 vertex 11: ground 600188.856058 m, vertex 600187.508739 m, -1347.319 mm above the ground
[RockPrecisionFixDiag]   rock 'Kerbin Zn3010000130' 'Tree00' #16 vertex 47: ground 600189.492910 m, vertex 600229.906154 m, +40413.244 mm above the ground
[RockPrecisionFixDiag]   rock 'Kerbin Zn3010000130' 'Tree00' #16 vertex 31: ground 600189.243941 m, vertex 600229.886248 m, +40642.307 mm above the ground
[RockPrecisionFixDiag]   rock 'Kerbin Zn3010000130' 'Tree00' #16 vertex 55: ground 600188.413994 m, vertex 600229.888776 m, +41474.782 mm above the ground
[RockPrecisionFixDiag]   rock 'Kerbin Zn3010000130' 'Tree00' #16 vertex 39: ground 600189.347155 m, vertex 600229.903626 m, +40556.472 mm above the ground
[RockPrecisionFixDiag]   rock 'Kerbin Zn3010000130' 'Tree00' #16 vertex 48: ground 600189.593836 m, vertex 600203.024708 m, +13430.872 mm above the ground
[RockPrecisionFixDiag]   rock 'Kerbin Zn3010000130' 'Tree00' #16 vertex 37: ground 600189.006338 m, vertex 600203.014170 m, +14007.832 mm above the ground
[RockPrecisionFixDiag]   rock 'Kerbin Zn3010000130' 'Tree00' #16 vertex 40: ground 600189.489770 m, vertex 600203.010814 m, +13521.044 mm above the ground
[RockPrecisionFixDiag]   rock 'Kerbin Zn3010000130' 'Tree00' #16 vertex 12: ground 600188.818180 m, vertex 600215.255387 m, +26437.206 mm above the ground
[RockPrecisionFixDiag]   rock 'Kerbin Zn3010000130' 'Tree00' #16 vertex 32: ground 600188.768175 m, vertex 600203.000068 m, +14231.892 mm above the ground
[RockPrecisionFixDiag]   rock 'Kerbin Zn3010000130' 'Tree00' #17 vertex 11: ground 600203.000427 m, vertex 600201.892105 m, -1108.321 mm above the ground
[RockPrecisionFixDiag]   rock 'Kerbin Zn3010000130' 'Tree00' #17 vertex 47: ground 600203.217588 m, vertex 600220.805079 m, +17587.491 mm above the ground
[RockPrecisionFixDiag]   rock 'Kerbin Zn3010000130' 'Tree00' #17 vertex 31: ground 600202.821256 m, vertex 600220.817335 m, +17996.079 mm above the ground
[RockPrecisionFixDiag]   rock 'Kerbin Zn3010000130' 'Tree00' #17 vertex 55: ground 600202.682809 m, vertex 600220.815516 m, +18132.707 mm above the ground
[RockPrecisionFixDiag]   rock 'Kerbin Zn3010000130' 'Tree00' #17 vertex 39: ground 600202.631379 m, vertex 600220.806899 m, +18175.519 mm above the ground
[RockPrecisionFixDiag]   rock 'Kerbin Zn3010000130' 'Tree00' #17 vertex 48: ground 600202.880003 m, vertex 600208.803372 m, +5923.369 mm above the ground
[RockPrecisionFixDiag]   rock 'Kerbin Zn3010000130' 'Tree00' #17 vertex 37: ground 600202.952336 m, vertex 600208.809480 m, +5857.144 mm above the ground
[RockPrecisionFixDiag]   rock 'Kerbin Zn3010000130' 'Tree00' #17 vertex 40: ground 600202.632357 m, vertex 600208.811931 m, +6179.575 mm above the ground
[RockPrecisionFixDiag]   rock 'Kerbin Zn3010000130' 'Tree00' #17 vertex 12: ground 600203.035372 m, vertex 600214.276299 m, +11240.927 mm above the ground
[RockPrecisionFixDiag]   rock 'Kerbin Zn3010000130' 'Tree00' #17 vertex 32: ground 600202.629703 m, vertex 600208.818173 m, +6188.470 mm above the ground
[RockPrecisionFixDiag] End of record 2: 64 quads with rocks, 118 holders (0 not built yet); nearest quad 'Kerbin Zn3010000130': 218 rocks, 1780 vertices measured, 0 without ground under them
