[RockPrecisionFixDiag] Record 11 on Kerbin: scatter on. Heights are distances from the centre of Kerbin, in metres
[RockPrecisionFixDiag]   quad 'Kerbin Zn3010000310': height 600205.532417 m, matrix 600205.532417 m, up 0.000 mm, across 0.000 mm
[RockPrecisionFixDiag]     holder 'Grass00': built, height 600205.548574 m, matrix 600205.500693 m, up -31.724 mm, across 8.737 mm
[RockPrecisionFixDiag]     holder 'Tree00': built, height 600205.548574 m, matrix 600205.500693 m, up -31.724 mm, across 8.737 mm
[RockPrecisionFixDiag]   quad 'Kerbin Zn3010000303': height 600185.474356 m, matrix 600185.474356 m, up 0.000 mm, across 0.000 mm
[RockPrecisionFixDiag]     holder 'Grass00': built, height 600185.427060 m, matrix 600185.379107 m, up -95.249 mm, across 45.173 mm
[RockPrecisionFixDiag]     holder 'Tree00': built, height 600185.427060 m, matrix 600185.379107 m, up -95.249 mm, across 45.173 mm
[RockPrecisionFixDiag]   quad 'Kerbin Zn3010000302': height 600252.928633 m, matrix 600252.928633 m, up 0.000 mm, across 0.000 mm
[RockPrecisionFixDiag]     holder 'Grass00': built, height 600252.859989 m, matrix 600252.908016 m, up -20.617 mm, across 7.482 mm
[RockPrecisionFixDiag]     holder 'Tree00': built, height 600252.859989 m, matrix 600252.908016 m, up -20.617 mm, across 7.482 mm
[RockPrecisionFixDiag]   quad 'Kerbin Zn3010000301': height 600205.190150 m, matrix 600205.190150 m, up 0.000 mm, across 0.000 mm
[RockPrecisionFixDiag]     holder 'Grass00': built, height 600205.171130 m, matrix 600205.171130 m, up -19.019 mm, across 0.956 mm
[RockPrecisionFixDiag]     holder 'Tree00': built, height 600205.171130 m, matrix 600205.171130 m, up -19.019 mm, across 0.956 mm
[RockPrecisionFixDiag]   quad 'Kerbin Zn3010000300': height 600251.411204 m, matrix 600251.411204 m, up 0.000 mm, across 0.000 mm
[RockPrecisionFixDiag]     holder 'Grass00': built, height 600251.337740 m, matrix 600251.389785 m, up -21.419 mm, across 16.956 mm
[RockPrecisionFixDiag]     holder 'Tree00': built, height 600251.337740 m, matrix 600251.389785 m, up -21.419 mm, across 16.956 mm
[RockPrecisionFixDiag]   quad 'Kerbin Zn3010000233': height 600281.401605 m, matrix 600281.401605 m, up 0.000 mm, across 0.000 mm
[RockPrecisionFixDiag]     holder 'Grass00': built, height 600281.398463 m, matrix 600281.374414 m, up -27.190 mm, across 15.194 mm
[RockPrecisionFixDiag]     holder 'Tree00': built, height 600281.398463 m, matrix 600281.374414 m, up -27.190 mm, across 15.194 mm
[RockPrecisionFixDiag]   quad 'Kerbin Zn3010000232': height 600245.839171 m, matrix 600245.839171 m, up 0.000 mm, across 0.000 mm
[RockPrecisionFixDiag]     holder 'Grass00': built, height 600245.759654 m, matrix 600245.803646 m, up -35.525 mm, across 19.869 mm
[RockPrecisionFixDiag]     holder 'Tree00': built, height 600245.759654 m, matrix 600245.803646 m, up -35.525 mm, across 19.869 mm
[RockPrecisionFixDiag]   quad 'Kerbin Zn3010000231': height 600273.718321 m, matrix 600273.718321 m, up 0.000 mm, across 0.000 mm
[RockPrecisionFixDiag]     holder 'Grass00': built, height 600273.638539 m, matrix 600273.706589 m, up -11.732 mm, across 4.978 mm
[RockPrecisionFixDiag]     holder 'Tree00': built, height 600273.638539 m, matrix 600273.706589 m, up -11.732 mm, across 4.978 mm
[RockPrecisionFixDiag]   quad 'Kerbin Zn3010000230': height 600239.585098 m, matrix 600239.585098 m, up 0.000 mm, across 0.000 mm
[RockPrecisionFixDiag]     holder 'Grass00': built, height 600239.615341 m, matrix 600239.595434 m, up +10.336 mm, across 28.498 mm
[RockPrecisionFixDiag]     holder 'Tree00': built, height 600239.615341 m, matrix 600239.595434 m, up +10.336 mm, across 28.498 mm
[RockPrecisionFixDiag]   quad 'Kerbin Zn3010000213': height 600292.233330 m, matrix 600292.233330 m, up 0.000 mm, across 0.000 mm
[RockPrecisionFixDiag]     holder 'Grass00': built, height 600292.178214 m, matrix 600292.178214 m, up -55.116 mm, across 18.455 mm
[RockPrecisionFixDiag]     holder 'Tree00': built, height 600292.178214 m, matrix 600292.178214 m, up -55.116 mm, across 18.455 mm
[RockPrecisionFixDiag]   quad 'Kerbin Zn3010000212': height 600278.908882 m, matrix 600278.908882 m, up 0.000 mm, across 0.000 mm
[RockPrecisionFixDiag]     holder 'Grass00': built, height 600278.859095 m, matrix 600278.835009 m, up -73.873 mm, across 18.316 mm
[RockPrecisionFixDiag]     holder 'Tree00': built, height 600278.859095 m, matrix 600278.835009 m, up -73.873 mm, across 18.316 mm
[RockPrecisionFixDiag]   quad 'Kerbin Zn3010000211': height 600331.669187 m, matrix 600331.669187 m, up 0.000 mm, across 0.000 mm
[RockPrecisionFixDiag]     holder 'Grass00': built, height 600331.646709 m, matrix 600331.642610 m, up -26.577 mm, across 10.627 mm
[RockPrecisionFixDiag]     holder 'Tree00': built, height 600331.646709 m, matrix 600331.642610 m, up -26.577 mm, across 10.627 mm
[RockPrecisionFixDiag]   quad 'Kerbin Zn3010000210': height 600271.300615 m, matrix 600271.300615 m, up 0.000 mm, across 0.000 mm
[RockPrecisionFixDiag]     holder 'Grass00': built, height 600271.282189 m, matrix 600271.258102 m, up -42.513 mm, across 31.339 mm
[RockPrecisionFixDiag]     holder 'Tree00': built, height 600271.282189 m, matrix 600271.258102 m, up -42.513 mm, across 31.339 mm
[RockPrecisionFixDiag]   quad 'Kerbin Zn3010000203': height 600237.244098 m, matrix 600237.244098 m, up 0.000 mm, across 0.000 mm
[RockPrecisionFixDiag]     holder 'Grass00': built, height 600237.143729 m, matrix 600237.211838 m, up -32.261 mm, across 0.092 mm
[RockPrecisionFixDiag]     holder 'Tree00': built, height 600237.143729 m, matrix 600237.211838 m, up -32.261 mm, across 0.092 mm
[RockPrecisionFixDiag]   quad 'Kerbin Zn3010000202': height 600240.651222 m, matrix 600240.651222 m, up 0.000 mm, across 0.000 mm
[RockPrecisionFixDiag]     holder 'Grass00': built, height 600240.664414 m, matrix 600240.616095 m, up -35.127 mm, across 14.922 mm
[RockPrecisionFixDiag]     holder 'Tree00': built, height 600240.664414 m, matrix 600240.616095 m, up -35.127 mm, across 14.922 mm
[RockPrecisionFixDiag]   quad 'Kerbin Zn3010000201': height 600253.845391 m, matrix 600253.845391 m, up 0.000 mm, across 0.000 mm
[RockPrecisionFixDiag]     holder 'Grass00': built, height 600253.825960 m, matrix 600253.825960 m, up -19.431 mm, across 9.054 mm
[RockPrecisionFixDiag]     holder 'Tree00': built, height 600253.825960 m, matrix 600253.825960 m, up -19.431 mm, across 9.054 mm
[RockPrecisionFixDiag]   quad 'Kerbin Zn3010000200': height 600248.967092 m, matrix 600248.967092 m, up 0.000 mm, across 0.000 mm
[RockPrecisionFixDiag]     holder 'Grass00': built, height 600248.970009 m, matrix 600248.945849 m, up -21.243 mm, across 9.731 mm
[RockPrecisionFixDiag]     holder 'Tree00': built, height 600248.970009 m, matrix 600248.945849 m, up -21.243 mm, across 9.731 mm
[RockPrecisionFixDiag]   quad 'Kerbin Zn3010000133': height 600126.805917 m, matrix 600126.805917 m, up 0.000 mm, across 0.000 mm
[RockPrecisionFixDiag]     holder 'Grass00': built, height 600126.848135 m, matrix 600126.776423 m, up -29.494 mm, across 13.584 mm
[RockPrecisionFixDiag]     holder 'Tree00': built, height 600126.848135 m, matrix 600126.776423 m, up -29.494 mm, across 13.584 mm
[RockPrecisionFixDiag]   quad 'Kerbin Zn3010000132': height 600212.377119 m, matrix 600212.377119 m, up 0.000 mm, across 0.000 mm
[RockPrecisionFixDiag]     holder 'Grass00': built, height 600212.282938 m, matrix 600212.282938 m, up -94.180 mm, across 22.450 mm
[RockPrecisionFixDiag]     holder 'Tree00': built, height 600212.282938 m, matrix 600212.282938 m, up -94.180 mm, across 22.450 mm
[RockPrecisionFixDiag]   quad 'Kerbin Zn3010000131': height 600164.314262 m, matrix 600164.314262 m, up 0.000 mm, across 0.000 mm
[RockPrecisionFixDiag]     holder 'Grass00': built, height 600164.251858 m, matrix 600164.251858 m, up -62.404 mm, across 14.322 mm
[RockPrecisionFixDiag]     holder 'Tree00': built, height 600164.251858 m, matrix 600164.251858 m, up -62.404 mm, across 14.322 mm
[RockPrecisionFixDiag]   quad 'Kerbin Zn3010000130': height 600190.635339 m, matrix 600190.635339 m, up 0.000 mm, across 0.000 mm
[RockPrecisionFixDiag]     holder 'Grass00': built, height 600190.644924 m, matrix 600190.597042 m, up -38.298 mm, across 16.373 mm
[RockPrecisionFixDiag]     holder 'Tree00': built, height 600190.644924 m, matrix 600190.597042 m, up -38.298 mm, across 16.373 mm
[RockPrecisionFixDiag]   quad 'Kerbin Zn3010000123': height 600203.275509 m, matrix 600203.275509 m, up 0.000 mm, across 0.000 mm
[RockPrecisionFixDiag]     holder 'Grass00': built, height 600203.206372 m, matrix 600203.230349 m, up -45.160 mm, across 4.742 mm
[RockPrecisionFixDiag]     holder 'Tree00': built, height 600203.206372 m, matrix 600203.230349 m, up -45.160 mm, across 4.742 mm
[RockPrecisionFixDiag]   quad 'Kerbin Zn3010000122': height 600239.513338 m, matrix 600239.513338 m, up 0.000 mm, across 0.000 mm
[RockPrecisionFixDiag]     holder 'Grass00': built, height 600239.453083 m, matrix 600239.453083 m, up -60.255 mm, across 9.671 mm
[RockPrecisionFixDiag]     holder 'Tree00': built, height 600239.453083 m, matrix 600239.453083 m, up -60.255 mm, across 9.671 mm
[RockPrecisionFixDiag]   quad 'Kerbin Zn3010000121': height 600217.201084 m, matrix 600217.201084 m, up 0.000 mm, across 0.000 mm
[RockPrecisionFixDiag]     holder 'Grass00': built, height 600217.141210 m, matrix 600217.141210 m, up -59.874 mm, across 17.829 mm
[RockPrecisionFixDiag]     holder 'Tree00': built, height 600217.141210 m, matrix 600217.141210 m, up -59.874 mm, across 17.829 mm
[RockPrecisionFixDiag]   quad 'Kerbin Zn3010000120': height 600226.532502 m, matrix 600226.532502 m, up 0.000 mm, across 0.000 mm
[RockPrecisionFixDiag]     holder 'Grass00': built, height 600226.493354 m, matrix 600226.493354 m, up -39.148 mm, across 8.865 mm
[RockPrecisionFixDiag]     holder 'Tree00': built, height 600226.493354 m, matrix 600226.493354 m, up -39.148 mm, across 8.865 mm
[RockPrecisionFixDiag]   quad 'Kerbin Zn3010000112': height 600227.195431 m, matrix 600227.195431 m, up 0.000 mm, across 0.000 mm
[RockPrecisionFixDiag]     holder 'Grass00': built, height 600227.105769 m, matrix 600227.153652 m, up -41.779 mm, across 21.413 mm
[RockPrecisionFixDiag]     holder 'Tree00': built, height 600227.105769 m, matrix 600227.153652 m, up -41.779 mm, across 21.413 mm
[RockPrecisionFixDiag]   quad 'Kerbin Zn3010000103': height 600230.029889 m, matrix 600230.029889 m, up 0.000 mm, across 0.000 mm
[RockPrecisionFixDiag]     holder 'Grass00': built, height 600229.978559 m, matrix 600230.002537 m, up -27.352 mm, across 20.952 mm
[RockPrecisionFixDiag]     holder 'Tree00': built, height 600229.978559 m, matrix 600230.002537 m, up -27.352 mm, across 20.952 mm
[RockPrecisionFixDiag]   quad 'Kerbin Zn3010000102': height 600230.717224 m, matrix 600230.717224 m, up 0.000 mm, across 0.000 mm
[RockPrecisionFixDiag]     holder 'Grass00': built, height 600230.724003 m, matrix 600230.675974 m, up -41.250 mm, across 10.363 mm
[RockPrecisionFixDiag]     holder 'Tree00': built, height 600230.724003 m, matrix 600230.675974 m, up -41.250 mm, across 10.363 mm
[RockPrecisionFixDiag]   quad 'Kerbin Zn3010000101': height 600259.953328 m, matrix 600259.953328 m, up 0.000 mm, across 0.000 mm
[RockPrecisionFixDiag]     holder 'Grass00': built, height 600259.895862 m, matrix 600259.891925 m, up -61.403 mm, across 46.548 mm
[RockPrecisionFixDiag]     holder 'Tree00': built, height 600259.895862 m, matrix 600259.891925 m, up -61.403 mm, across 46.548 mm
[RockPrecisionFixDiag]   quad 'Kerbin Zn3010000100': height 600253.724470 m, matrix 600253.724470 m, up 0.000 mm, across 0.000 mm
[RockPrecisionFixDiag]     holder 'Grass00': built, height 600253.697291 m, matrix 600253.717288 m, up -7.182 mm, across 20.072 mm
[RockPrecisionFixDiag]     holder 'Tree00': built, height 600253.697291 m, matrix 600253.717288 m, up -7.182 mm, across 20.072 mm
[RockPrecisionFixDiag]   quad 'Kerbin Zn3010000033': height 600313.717167 m, matrix 600313.717167 m, up 0.000 mm, across 0.000 mm
[RockPrecisionFixDiag]     holder 'Grass00': built, height 600313.730842 m, matrix 600313.658690 m, up -58.477 mm, across 24.723 mm
[RockPrecisionFixDiag]     holder 'Tree00': built, height 600313.730842 m, matrix 600313.658690 m, up -58.477 mm, across 24.723 mm
[RockPrecisionFixDiag]   quad 'Kerbin Zn3010000032': height 600248.663820 m, matrix 600248.663820 m, up 0.000 mm, across 0.000 mm
[RockPrecisionFixDiag]     holder 'Grass00': built, height 600248.585537 m, matrix 600248.605445 m, up -58.376 mm, across 50.469 mm
[RockPrecisionFixDiag]     holder 'Tree00': built, height 600248.585537 m, matrix 600248.605445 m, up -58.376 mm, across 50.469 mm
[RockPrecisionFixDiag]   quad 'Kerbin Zn3010000031': height 600280.000965 m, matrix 600280.000965 m, up 0.000 mm, across 0.000 mm
[RockPrecisionFixDiag]     holder 'Grass00': built, height 600279.941872 m, matrix 600279.941872 m, up -59.093 mm, across 7.766 mm
[RockPrecisionFixDiag]     holder 'Tree00': built, height 600279.941872 m, matrix 600279.941872 m, up -59.093 mm, across 7.766 mm
[RockPrecisionFixDiag]   quad 'Kerbin Zn3010000030': height 600256.867157 m, matrix 600256.867157 m, up 0.000 mm, across 0.000 mm
[RockPrecisionFixDiag]     holder 'Grass00': built, height 600256.808052 m, matrix 600256.832140 m, up -35.017 mm, across 1.704 mm
[RockPrecisionFixDiag]     holder 'Tree00': built, height 600256.808052 m, matrix 600256.832140 m, up -35.017 mm, across 1.704 mm
[RockPrecisionFixDiag]   quad 'Kerbin Zn3010000023': height 600244.637881 m, matrix 600244.637881 m, up 0.000 mm, across 0.000 mm
[RockPrecisionFixDiag]     holder 'Grass00': built, height 600244.622097 m, matrix 600244.593713 m, up -44.168 mm, across 37.003 mm
[RockPrecisionFixDiag]     holder 'Tree00': built, height 600244.622097 m, matrix 600244.593713 m, up -44.168 mm, across 37.003 mm
[RockPrecisionFixDiag]   quad 'Kerbin Zn3010000022': height 600288.746260 m, matrix 600288.746260 m, up 0.000 mm, across 0.000 mm
[RockPrecisionFixDiag]     holder 'Grass00': built, height 600288.762824 m, matrix 600288.714504 m, up -31.756 mm, across 8.686 mm
[RockPrecisionFixDiag]     holder 'Tree00': built, height 600288.762824 m, matrix 600288.714504 m, up -31.756 mm, across 8.686 mm
[RockPrecisionFixDiag]   quad 'Kerbin Zn3010000021': height 600225.876131 m, matrix 600225.876131 m, up 0.000 mm, across 0.000 mm
[RockPrecisionFixDiag]     holder 'Grass00': built, height 600225.837793 m, matrix 600225.793805 m, up -82.326 mm, across 40.592 mm
[RockPrecisionFixDiag]     holder 'Tree00': built, height 600225.837793 m, matrix 600225.793805 m, up -82.326 mm, across 40.592 mm
[RockPrecisionFixDiag]   quad 'Kerbin Zn3010000020': height 600242.273415 m, matrix 600242.273415 m, up 0.000 mm, across 0.000 mm
[RockPrecisionFixDiag]     holder 'Grass00': built, height 600242.190560 m, matrix 600242.263041 m, up -10.374 mm, across 24.963 mm
[RockPrecisionFixDiag]     holder 'Tree00': built, height 600242.190560 m, matrix 600242.263041 m, up -10.374 mm, across 24.963 mm
[RockPrecisionFixDiag]   quad 'Kerbin Zn3010000013': height 600242.615872 m, matrix 600242.615872 m, up 0.000 mm, across 0.000 mm
[RockPrecisionFixDiag]     holder 'Grass00': built, height 600242.579886 m, matrix 600242.531784 m, up -84.088 mm, across 14.883 mm
[RockPrecisionFixDiag]     holder 'Tree00': built, height 600242.579886 m, matrix 600242.531784 m, up -84.088 mm, across 14.883 mm
[RockPrecisionFixDiag]   quad 'Kerbin Zn3010000012': height 600273.374972 m, matrix 600273.374972 m, up 0.000 mm, across 0.000 mm
[RockPrecisionFixDiag]     holder 'Grass00': built, height 600273.330233 m, matrix 600273.330233 m, up -44.739 mm, across 1.824 mm
[RockPrecisionFixDiag]     holder 'Tree00': built, height 600273.330233 m, matrix 600273.330233 m, up -44.739 mm, across 1.824 mm
[RockPrecisionFixDiag]   quad 'Kerbin Zn3010000011': height 600220.717684 m, matrix 600220.717684 m, up 0.000 mm, across 0.000 mm
[RockPrecisionFixDiag]     holder 'Grass00': built, height 600220.634046 m, matrix 600220.629947 m, up -87.737 mm, across 39.161 mm
[RockPrecisionFixDiag]     holder 'Tree00': built, height 600220.634046 m, matrix 600220.629947 m, up -87.737 mm, across 39.161 mm
[RockPrecisionFixDiag]   quad 'Kerbin Zn3010000010': height 600189.655017 m, matrix 600189.655017 m, up 0.000 mm, across 0.000 mm
[RockPrecisionFixDiag]     holder 'Grass00': built, height 600189.559704 m, matrix 600189.607879 m, up -47.138 mm, across 0.319 mm
[RockPrecisionFixDiag]     holder 'Tree00': built, height 600189.559704 m, matrix 600189.607879 m, up -47.138 mm, across 0.319 mm
[RockPrecisionFixDiag]   quad 'Kerbin Zn3010000003': height 600238.468357 m, matrix 600238.468357 m, up 0.000 mm, across 0.000 mm
[RockPrecisionFixDiag]     holder 'Grass00': built, height 600238.363140 m, matrix 600238.363140 m, up -105.218 mm, across 31.611 mm
[RockPrecisionFixDiag]     holder 'Tree00': built, height 600238.363140 m, matrix 600238.363140 m, up -105.218 mm, across 31.611 mm
[RockPrecisionFixDiag]   quad 'Kerbin Zn3010000002': height 600219.459982 m, matrix 600219.459982 m, up 0.000 mm, across 0.000 mm
[RockPrecisionFixDiag]     holder 'Grass00': built, height 600219.452574 m, matrix 600219.432754 m, up -27.228 mm, across 12.232 mm
[RockPrecisionFixDiag]     holder 'Tree00': built, height 600219.452574 m, matrix 600219.432754 m, up -27.228 mm, across 12.232 mm
[RockPrecisionFixDiag]   quad 'Kerbin Zn3010000001': height 600248.200701 m, matrix 600248.200701 m, up 0.000 mm, across 0.000 mm
[RockPrecisionFixDiag]     holder 'Grass00': built, height 600248.110749 m, matrix 600248.183121 m, up -17.580 mm, across 29.800 mm
[RockPrecisionFixDiag]     holder 'Tree00': built, height 600248.110749 m, matrix 600248.183121 m, up -17.580 mm, across 29.800 mm
[RockPrecisionFixDiag]   quad 'Kerbin Zn3010000000': height 600249.583287 m, matrix 600249.583287 m, up 0.000 mm, across 0.000 mm
[RockPrecisionFixDiag]     holder 'Grass00': built, height 600249.540988 m, matrix 600249.565149 m, up -18.138 mm, across 0.986 mm
[RockPrecisionFixDiag]     holder 'Tree00': built, height 600249.540988 m, matrix 600249.565149 m, up -18.138 mm, across 0.986 mm
[RockPrecisionFixDiag]   quad 'Kerbin Zn1232222322': height 600241.011645 m, matrix 600241.011645 m, up 0.000 mm, across 0.000 mm
[RockPrecisionFixDiag]     holder 'Grass00': built, height 600240.909573 m, matrix 600241.001613 m, up -10.032 mm, across 4.990 mm
[RockPrecisionFixDiag]     holder 'Tree00': built, height 600240.909573 m, matrix 600241.001613 m, up -10.032 mm, across 4.990 mm
[RockPrecisionFixDiag]   quad 'Kerbin Zn1232222320': height 600203.253123 m, matrix 600203.253123 m, up 0.000 mm, across 0.000 mm
[RockPrecisionFixDiag]     holder 'Grass00': built, height 600203.251969 m, matrix 600203.251969 m, up -1.153 mm, across 8.253 mm
[RockPrecisionFixDiag]     holder 'Tree00': built, height 600203.251969 m, matrix 600203.251969 m, up -1.153 mm, across 8.253 mm
[RockPrecisionFixDiag]   quad 'Kerbin Zn1232222302': height 600210.795213 m, matrix 600210.795213 m, up 0.000 mm, across 0.000 mm
[RockPrecisionFixDiag]     holder 'Grass00': built, height 600210.688602 m, matrix 600210.736630 m, up -58.583 mm, across 17.031 mm
[RockPrecisionFixDiag]     holder 'Tree00': built, height 600210.688602 m, matrix 600210.736630 m, up -58.583 mm, across 17.031 mm
[RockPrecisionFixDiag]   quad 'Kerbin Zn1232222300': height 600210.992652 m, matrix 600210.992652 m, up 0.000 mm, across 0.000 mm
[RockPrecisionFixDiag]     holder 'Grass00': built, height 600210.984257 m, matrix 600210.984257 m, up -8.395 mm, across 6.515 mm
[RockPrecisionFixDiag]     holder 'Tree00': built, height 600210.984257 m, matrix 600210.984257 m, up -8.395 mm, across 6.515 mm
[RockPrecisionFixDiag]   quad 'Kerbin Zn1232222233': height 600173.701506 m, matrix 600173.701506 m, up 0.000 mm, across 0.000 mm
[RockPrecisionFixDiag]     holder 'Grass00': built, height 600173.676437 m, matrix 600173.652386 m, up -49.120 mm, across 8.736 mm
[RockPrecisionFixDiag]     holder 'Tree00': built, height 600173.676437 m, matrix 600173.652386 m, up -49.120 mm, across 8.736 mm
[RockPrecisionFixDiag]   quad 'Kerbin Zn1232222232': height 600186.581324 m, matrix 600186.581324 m, up 0.000 mm, across 0.000 mm
[RockPrecisionFixDiag]     holder 'Grass00': built, height 600186.591066 m, matrix 600186.522982 m, up -58.342 mm, across 4.675 mm
[RockPrecisionFixDiag]     holder 'Tree00': built, height 600186.591066 m, matrix 600186.522982 m, up -58.342 mm, across 4.675 mm
[RockPrecisionFixDiag]   quad 'Kerbin Zn1232222231': height 600177.289570 m, matrix 600177.289570 m, up 0.000 mm, across 0.000 mm
[RockPrecisionFixDiag]     holder 'Grass00': built, height 600177.240556 m, matrix 600177.240556 m, up -49.015 mm, across 14.334 mm
[RockPrecisionFixDiag]     holder 'Tree00': built, height 600177.240556 m, matrix 600177.240556 m, up -49.015 mm, across 14.334 mm
[RockPrecisionFixDiag]   quad 'Kerbin Zn1232222230': height 600176.853709 m, matrix 600176.853709 m, up 0.000 mm, across 0.000 mm
[RockPrecisionFixDiag]     holder 'Grass00': built, height 600176.812989 m, matrix 600176.841256 m, up -12.453 mm, across 3.367 mm
[RockPrecisionFixDiag]     holder 'Tree00': built, height 600176.812989 m, matrix 600176.841256 m, up -12.453 mm, across 3.367 mm
[RockPrecisionFixDiag]   quad 'Kerbin Zn3010000323': height 600194.806555 m, matrix 600194.806555 m, up 0.000 mm, across 0.000 mm
[RockPrecisionFixDiag]     holder 'Grass00': built, height 600194.673357 m, matrix 600194.721308 m, up -85.247 mm, across 8.107 mm
[RockPrecisionFixDiag]   quad 'Kerbin Zn3010000322': height 600203.817459 m, matrix 600203.817459 m, up 0.000 mm, across 0.000 mm
[RockPrecisionFixDiag]     holder 'Grass00': built, height 600203.729158 m, matrix 600203.777182 m, up -40.277 mm, across 10.207 mm
[RockPrecisionFixDiag]   quad 'Kerbin Zn3010000321': height 600207.436542 m, matrix 600207.436542 m, up 0.000 mm, across 0.000 mm
[RockPrecisionFixDiag]     holder 'Grass00': built, height 600207.407520 m, matrix 600207.383543 m, up -52.998 mm, across 19.968 mm
[RockPrecisionFixDiag]   quad 'Kerbin Zn3010000320': height 600225.973659 m, matrix 600225.973659 m, up 0.000 mm, across 0.000 mm
[RockPrecisionFixDiag]     holder 'Grass00': built, height 600225.928350 m, matrix 600225.952362 m, up -21.297 mm, across 11.655 mm
[RockPrecisionFixDiag]   quad 'Kerbin Zn3010000312': height 600141.400107 m, matrix 600141.400107 m, up 0.000 mm, across 0.000 mm
[RockPrecisionFixDiag]     holder 'Grass00': built, height 600141.386795 m, matrix 600141.386795 m, up -13.313 mm, across 2.230 mm
[RockPrecisionFixDiag]   quad 'Kerbin Zn3010000311': height 600080.089538 m, matrix 600080.089538 m, up 0.000 mm, across 0.000 mm
[RockPrecisionFixDiag]     holder 'Grass00': built, height 600080.015409 m, matrix 600080.043089 m, up -46.449 mm, across 4.392 mm
[RockPrecisionFixDiag]   quad 'Kerbin Zn3010001200': height 599939.945222 m, matrix 599939.945222 m, up 0.000 mm, across 0.000 mm
[RockPrecisionFixDiag]     holder 'boulder': built, height 599939.879369 m, matrix 599939.927103 m, up -18.119 mm, across 14.255 mm
[RockPrecisionFixDiag]   quad 'Kerbin Zn3010001022': height 599978.023777 m, matrix 599978.023777 m, up 0.000 mm, across 0.000 mm
[RockPrecisionFixDiag]     holder 'boulder': built, height 599978.016273 m, matrix 599978.016273 m, up -7.504 mm, across 25.144 mm
[RockPrecisionFixDiag]   quad 'Kerbin Zn3010000330': height 599959.150207 m, matrix 599959.150207 m, up 0.000 mm, across 0.000 mm
[RockPrecisionFixDiag]     holder 'boulder': built, height 599959.154728 m, matrix 599959.130788 m, up -19.419 mm, across 8.667 mm
[RockPrecisionFixDiag]   quad 'Kerbin Zn3010000313': height 600041.740742 m, matrix 600041.740742 m, up 0.000 mm, across 0.000 mm
[RockPrecisionFixDiag]     holder 'boulder': built, height 600041.701202 m, matrix 600041.701202 m, up -39.540 mm, across 18.254 mm
[RockPrecisionFixDiag]   rock 'Kerbin Zn3010000130' 'Grass00' #0 vertex 0: ground 600188.738270 m, vertex 600188.257084 m, -481.185 mm above the ground
[RockPrecisionFixDiag]   rock 'Kerbin Zn3010000130' 'Grass00' #0 vertex 1: ground 600188.628823 m, vertex 600188.257601 m, -371.222 mm above the ground
[RockPrecisionFixDiag]   rock 'Kerbin Zn3010000130' 'Grass00' #0 vertex 2: ground 600188.738345 m, vertex 600189.623303 m, +884.958 mm above the ground
[RockPrecisionFixDiag]   rock 'Kerbin Zn3010000130' 'Grass00' #0 vertex 3: ground 600188.628872 m, vertex 600189.623822 m, +994.949 mm above the ground
[RockPrecisionFixDiag]   rock 'Kerbin Zn3010000130' 'Grass00' #0 vertex 4: ground 600188.738270 m, vertex 600188.257084 m, -481.185 mm above the ground
[RockPrecisionFixDiag]   rock 'Kerbin Zn3010000130' 'Grass00' #0 vertex 5: ground 600188.628823 m, vertex 600188.257601 m, -371.222 mm above the ground
[RockPrecisionFixDiag]   rock 'Kerbin Zn3010000130' 'Grass00' #0 vertex 6: ground 600188.738345 m, vertex 600189.623303 m, +884.958 mm above the ground
[RockPrecisionFixDiag]   rock 'Kerbin Zn3010000130' 'Grass00' #0 vertex 7: ground 600188.628872 m, vertex 600189.623822 m, +994.949 mm above the ground
[RockPrecisionFixDiag]   rock 'Kerbin Zn3010000130' 'Grass00' #1 vertex 0: ground 600199.881737 m, vertex 600199.592986 m, -288.751 mm above the ground
[RockPrecisionFixDiag]   rock 'Kerbin Zn3010000130' 'Grass00' #1 vertex 1: ground 600199.762131 m, vertex 600199.593144 m, -168.987 mm above the ground
[RockPrecisionFixDiag]   rock 'Kerbin Zn3010000130' 'Grass00' #1 vertex 2: ground 600199.881709 m, vertex 600201.181576 m, +1299.866 mm above the ground
[RockPrecisionFixDiag]   rock 'Kerbin Zn3010000130' 'Grass00' #1 vertex 3: ground 600199.762135 m, vertex 600201.181727 m, +1419.593 mm above the ground
[RockPrecisionFixDiag]   rock 'Kerbin Zn3010000130' 'Grass00' #1 vertex 4: ground 600199.881737 m, vertex 600199.592986 m, -288.751 mm above the ground
[RockPrecisionFixDiag]   rock 'Kerbin Zn3010000130' 'Grass00' #1 vertex 5: ground 600199.762131 m, vertex 600199.593144 m, -168.987 mm above the ground
[RockPrecisionFixDiag]   rock 'Kerbin Zn3010000130' 'Grass00' #1 vertex 6: ground 600199.881709 m, vertex 600201.181576 m, +1299.866 mm above the ground
[RockPrecisionFixDiag]   rock 'Kerbin Zn3010000130' 'Grass00' #1 vertex 7: ground 600199.762135 m, vertex 600201.181727 m, +1419.593 mm above the ground
[RockPrecisionFixDiag]   rock 'Kerbin Zn3010000130' 'Grass00' #2 vertex 0: ground 600187.167730 m, vertex 600186.879380 m, -288.350 mm above the ground
[RockPrecisionFixDiag]   rock 'Kerbin Zn3010000130' 'Grass00' #2 vertex 1: ground 600187.148552 m, vertex 600186.880060 m, -268.492 mm above the ground
[RockPrecisionFixDiag]   rock 'Kerbin Zn3010000130' 'Grass00' #2 vertex 2: ground 600187.167723 m, vertex 600187.927320 m, +759.597 mm above the ground
[RockPrecisionFixDiag]   rock 'Kerbin Zn3010000130' 'Grass00' #2 vertex 3: ground 600187.148577 m, vertex 600187.928000 m, +779.423 mm above the ground
[RockPrecisionFixDiag]   rock 'Kerbin Zn3010000130' 'Grass00' #2 vertex 4: ground 600187.167730 m, vertex 600186.879380 m, -288.350 mm above the ground
[RockPrecisionFixDiag]   rock 'Kerbin Zn3010000130' 'Grass00' #2 vertex 5: ground 600187.148552 m, vertex 600186.880060 m, -268.492 mm above the ground
[RockPrecisionFixDiag]   rock 'Kerbin Zn3010000130' 'Grass00' #2 vertex 6: ground 600187.167723 m, vertex 600187.927320 m, +759.597 mm above the ground
[RockPrecisionFixDiag]   rock 'Kerbin Zn3010000130' 'Grass00' #2 vertex 7: ground 600187.148577 m, vertex 600187.928000 m, +779.423 mm above the ground
[RockPrecisionFixDiag]   rock 'Kerbin Zn3010000130' 'Grass00' #3 vertex 0: ground 600199.185971 m, vertex 600198.896893 m, -289.078 mm above the ground
[RockPrecisionFixDiag]   rock 'Kerbin Zn3010000130' 'Grass00' #3 vertex 1: ground 600199.141129 m, vertex 600198.897960 m, -243.170 mm above the ground
[RockPrecisionFixDiag]   rock 'Kerbin Zn3010000130' 'Grass00' #3 vertex 2: ground 600199.186024 m, vertex 600200.514107 m, +1328.083 mm above the ground
[RockPrecisionFixDiag]   rock 'Kerbin Zn3010000130' 'Grass00' #3 vertex 3: ground 600199.141159 m, vertex 600200.515184 m, +1374.024 mm above the ground
[RockPrecisionFixDiag]   rock 'Kerbin Zn3010000130' 'Grass00' #3 vertex 4: ground 600199.185971 m, vertex 600198.896893 m, -289.078 mm above the ground
[RockPrecisionFixDiag]   rock 'Kerbin Zn3010000130' 'Grass00' #3 vertex 5: ground 600199.141129 m, vertex 600198.897960 m, -243.170 mm above the ground
[RockPrecisionFixDiag]   rock 'Kerbin Zn3010000130' 'Grass00' #3 vertex 6: ground 600199.186024 m, vertex 600200.514107 m, +1328.083 mm above the ground
[RockPrecisionFixDiag]   rock 'Kerbin Zn3010000130' 'Grass00' #3 vertex 7: ground 600199.141159 m, vertex 600200.515184 m, +1374.024 mm above the ground
[RockPrecisionFixDiag]   rock 'Kerbin Zn3010000130' 'Grass00' #4 vertex 0: ground 600203.891042 m, vertex 600203.634480 m, -256.561 mm above the ground
[RockPrecisionFixDiag]   rock 'Kerbin Zn3010000130' 'Grass00' #4 vertex 1: ground 600203.879096 m, vertex 600203.634030 m, -245.065 mm above the ground
[RockPrecisionFixDiag]   rock 'Kerbin Zn3010000130' 'Grass00' #4 vertex 2: ground 600203.891060 m, vertex 600204.816068 m, +925.008 mm above the ground
[RockPrecisionFixDiag]   rock 'Kerbin Zn3010000130' 'Grass00' #4 vertex 3: ground 600203.879091 m, vertex 600204.815630 m, +936.539 mm above the ground
[RockPrecisionFixDiag]   rock 'Kerbin Zn3010000130' 'Grass00' #4 vertex 4: ground 600203.891042 m, vertex 600203.634480 m, -256.561 mm above the ground
[RockPrecisionFixDiag]   rock 'Kerbin Zn3010000130' 'Grass00' #4 vertex 5: ground 600203.879096 m, vertex 600203.634030 m, -245.065 mm above the ground
[RockPrecisionFixDiag]   rock 'Kerbin Zn3010000130' 'Grass00' #4 vertex 6: ground 600203.891060 m, vertex 600204.816068 m, +925.008 mm above the ground
[RockPrecisionFixDiag]   rock 'Kerbin Zn3010000130' 'Grass00' #4 vertex 7: ground 600203.879091 m, vertex 600204.815630 m, +936.539 mm above the ground
[RockPrecisionFixDiag]   rock 'Kerbin Zn3010000130' 'Grass00' #5 vertex 0: ground 600188.373855 m, vertex 600187.947525 m, -426.330 mm above the ground
[RockPrecisionFixDiag]   rock 'Kerbin Zn3010000130' 'Grass00' #5 vertex 1: ground 600188.374670 m, vertex 600187.947574 m, -427.096 mm above the ground
[RockPrecisionFixDiag]   rock 'Kerbin Zn3010000130' 'Grass00' #5 vertex 2: ground 600188.373840 m, vertex 600189.829734 m, +1455.894 mm above the ground
[RockPrecisionFixDiag]   rock 'Kerbin Zn3010000130' 'Grass00' #5 vertex 3: ground 600188.374652 m, vertex 600189.829786 m, +1455.133 mm above the ground
[RockPrecisionFixDiag]   rock 'Kerbin Zn3010000130' 'Grass00' #5 vertex 4: ground 600188.373855 m, vertex 600187.947525 m, -426.330 mm above the ground
[RockPrecisionFixDiag]   rock 'Kerbin Zn3010000130' 'Grass00' #5 vertex 5: ground 600188.374670 m, vertex 600187.947574 m, -427.096 mm above the ground
[RockPrecisionFixDiag]   rock 'Kerbin Zn3010000130' 'Grass00' #5 vertex 6: ground 600188.373840 m, vertex 600189.829734 m, +1455.894 mm above the ground
[RockPrecisionFixDiag]   rock 'Kerbin Zn3010000130' 'Grass00' #5 vertex 7: ground 600188.374652 m, vertex 600189.829786 m, +1455.133 mm above the ground
[RockPrecisionFixDiag]   rock 'Kerbin Zn3010000130' 'Grass00' #6 vertex 0: ground 600195.665247 m, vertex 600195.376831 m, -288.416 mm above the ground
[RockPrecisionFixDiag]   rock 'Kerbin Zn3010000130' 'Grass00' #6 vertex 1: ground 600195.638406 m, vertex 600195.378307 m, -260.099 mm above the ground
[RockPrecisionFixDiag]   rock 'Kerbin Zn3010000130' 'Grass00' #6 vertex 2: ground 600195.665293 m, vertex 600197.138099 m, +1472.807 mm above the ground
[RockPrecisionFixDiag]   rock 'Kerbin Zn3010000130' 'Grass00' #6 vertex 3: ground 600195.638420 m, vertex 600197.139556 m, +1501.136 mm above the ground
[RockPrecisionFixDiag]   rock 'Kerbin Zn3010000130' 'Grass00' #6 vertex 4: ground 600195.665247 m, vertex 600195.376831 m, -288.416 mm above the ground
[RockPrecisionFixDiag]   rock 'Kerbin Zn3010000130' 'Grass00' #6 vertex 5: ground 600195.638406 m, vertex 600195.378307 m, -260.099 mm above the ground
[RockPrecisionFixDiag]   rock 'Kerbin Zn3010000130' 'Grass00' #6 vertex 6: ground 600195.665293 m, vertex 600197.138099 m, +1472.807 mm above the ground
[RockPrecisionFixDiag]   rock 'Kerbin Zn3010000130' 'Grass00' #6 vertex 7: ground 600195.638420 m, vertex 600197.139556 m, +1501.136 mm above the ground
[RockPrecisionFixDiag]   rock 'Kerbin Zn3010000130' 'Grass00' #7 vertex 0: ground 600190.627716 m, vertex 600189.533477 m, -1094.238 mm above the ground
[RockPrecisionFixDiag]   rock 'Kerbin Zn3010000130' 'Grass00' #7 vertex 1: ground 600190.619288 m, vertex 600189.533817 m, -1085.470 mm above the ground
[RockPrecisionFixDiag]   rock 'Kerbin Zn3010000130' 'Grass00' #7 vertex 2: ground 600190.627694 m, vertex 600190.550090 m, -77.604 mm above the ground
[RockPrecisionFixDiag]   rock 'Kerbin Zn3010000130' 'Grass00' #7 vertex 3: ground 600190.619277 m, vertex 600190.550432 m, -68.845 mm above the ground
[RockPrecisionFixDiag]   rock 'Kerbin Zn3010000130' 'Grass00' #7 vertex 4: ground 600190.627716 m, vertex 600189.533477 m, -1094.238 mm above the ground
[RockPrecisionFixDiag]   rock 'Kerbin Zn3010000130' 'Grass00' #7 vertex 5: ground 600190.619288 m, vertex 600189.533817 m, -1085.470 mm above the ground
[RockPrecisionFixDiag]   rock 'Kerbin Zn3010000130' 'Grass00' #7 vertex 6: ground 600190.627694 m, vertex 600190.550090 m, -77.604 mm above the ground
[RockPrecisionFixDiag]   rock 'Kerbin Zn3010000130' 'Grass00' #7 vertex 7: ground 600190.619277 m, vertex 600190.550432 m, -68.845 mm above the ground
[RockPrecisionFixDiag]   rock 'Kerbin Zn3010000130' 'Grass00' #8 vertex 0: ground 600196.443669 m, vertex 600196.155388 m, -288.282 mm above the ground
[RockPrecisionFixDiag]   rock 'Kerbin Zn3010000130' 'Grass00' #8 vertex 1: ground 600196.368171 m, vertex 600196.155146 m, -213.025 mm above the ground
[RockPrecisionFixDiag]   rock 'Kerbin Zn3010000130' 'Grass00' #8 vertex 2: ground 600196.443618 m, vertex 600197.585321 m, +1141.703 mm above the ground
[RockPrecisionFixDiag]   rock 'Kerbin Zn3010000130' 'Grass00' #8 vertex 3: ground 600196.368112 m, vertex 600197.585080 m, +1216.968 mm above the ground
[RockPrecisionFixDiag]   rock 'Kerbin Zn3010000130' 'Grass00' #8 vertex 4: ground 600196.443669 m, vertex 600196.155388 m, -288.282 mm above the ground
[RockPrecisionFixDiag]   rock 'Kerbin Zn3010000130' 'Grass00' #8 vertex 5: ground 600196.368171 m, vertex 600196.155146 m, -213.025 mm above the ground
[RockPrecisionFixDiag]   rock 'Kerbin Zn3010000130' 'Grass00' #8 vertex 6: ground 600196.443618 m, vertex 600197.585321 m, +1141.703 mm above the ground
[RockPrecisionFixDiag]   rock 'Kerbin Zn3010000130' 'Grass00' #8 vertex 7: ground 600196.368112 m, vertex 600197.585080 m, +1216.968 mm above the ground
[RockPrecisionFixDiag]   rock 'Kerbin Zn3010000130' 'Grass00' #9 vertex 0: ground 600202.461486 m, vertex 600202.173127 m, -288.360 mm above the ground
[RockPrecisionFixDiag]   rock 'Kerbin Zn3010000130' 'Grass00' #9 vertex 1: ground 600202.366434 m, vertex 600202.172399 m, -194.035 mm above the ground
[RockPrecisionFixDiag]   rock 'Kerbin Zn3010000130' 'Grass00' #9 vertex 2: ground 600202.461397 m, vertex 600204.036770 m, +1575.373 mm above the ground
[RockPrecisionFixDiag]   rock 'Kerbin Zn3010000130' 'Grass00' #9 vertex 3: ground 600202.366391 m, vertex 600204.036022 m, +1669.631 mm above the ground
[RockPrecisionFixDiag]   rock 'Kerbin Zn3010000130' 'Grass00' #9 vertex 4: ground 600202.461486 m, vertex 600202.173127 m, -288.360 mm above the ground
[RockPrecisionFixDiag]   rock 'Kerbin Zn3010000130' 'Grass00' #9 vertex 5: ground 600202.366434 m, vertex 600202.172399 m, -194.035 mm above the ground
[RockPrecisionFixDiag]   rock 'Kerbin Zn3010000130' 'Grass00' #9 vertex 6: ground 600202.461397 m, vertex 600204.036770 m, +1575.373 mm above the ground
[RockPrecisionFixDiag]   rock 'Kerbin Zn3010000130' 'Grass00' #9 vertex 7: ground 600202.366391 m, vertex 600204.036022 m, +1669.631 mm above the ground
[RockPrecisionFixDiag]   rock 'Kerbin Zn3010000130' 'Grass00' #10 vertex 0: ground 600187.187195 m, vertex 600187.176460 m, -10.735 mm above the ground
[RockPrecisionFixDiag]   rock 'Kerbin Zn3010000130' 'Grass00' #10 vertex 1: ground 600187.151898 m, vertex 600187.176321 m, +24.423 mm above the ground
[RockPrecisionFixDiag]   rock 'Kerbin Zn3010000130' 'Grass00' #10 vertex 2: ground 600187.187180 m, vertex 600188.779793 m, +1592.613 mm above the ground
[RockPrecisionFixDiag]   rock 'Kerbin Zn3010000130' 'Grass00' #10 vertex 3: ground 600187.151882 m, vertex 600188.779652 m, +1627.770 mm above the ground
[RockPrecisionFixDiag]   rock 'Kerbin Zn3010000130' 'Grass00' #10 vertex 4: ground 600187.187195 m, vertex 600187.176460 m, -10.735 mm above the ground
[RockPrecisionFixDiag]   rock 'Kerbin Zn3010000130' 'Grass00' #10 vertex 5: ground 600187.151898 m, vertex 600187.176321 m, +24.423 mm above the ground
[RockPrecisionFixDiag]   rock 'Kerbin Zn3010000130' 'Grass00' #10 vertex 6: ground 600187.187180 m, vertex 600188.779793 m, +1592.613 mm above the ground
[RockPrecisionFixDiag]   rock 'Kerbin Zn3010000130' 'Grass00' #10 vertex 7: ground 600187.151882 m, vertex 600188.779652 m, +1627.770 mm above the ground
[RockPrecisionFixDiag]   rock 'Kerbin Zn3010000130' 'Grass00' #11 vertex 0: ground 600191.840227 m, vertex 600191.551761 m, -288.467 mm above the ground
[RockPrecisionFixDiag]   rock 'Kerbin Zn3010000130' 'Grass00' #11 vertex 1: ground 600191.756796 m, vertex 600191.552269 m, -204.527 mm above the ground
[RockPrecisionFixDiag]   rock 'Kerbin Zn3010000130' 'Grass00' #11 vertex 2: ground 600191.840242 m, vertex 600192.656721 m, +816.479 mm above the ground
[RockPrecisionFixDiag]   rock 'Kerbin Zn3010000130' 'Grass00' #11 vertex 3: ground 600191.756834 m, vertex 600192.657228 m, +900.393 mm above the ground
[RockPrecisionFixDiag]   rock 'Kerbin Zn3010000130' 'Grass00' #11 vertex 4: ground 600191.840227 m, vertex 600191.551761 m, -288.467 mm above the ground
[RockPrecisionFixDiag]   rock 'Kerbin Zn3010000130' 'Grass00' #11 vertex 5: ground 600191.756796 m, vertex 600191.552269 m, -204.527 mm above the ground
[RockPrecisionFixDiag]   rock 'Kerbin Zn3010000130' 'Grass00' #11 vertex 6: ground 600191.840242 m, vertex 600192.656721 m, +816.479 mm above the ground
[RockPrecisionFixDiag]   rock 'Kerbin Zn3010000130' 'Grass00' #11 vertex 7: ground 600191.756834 m, vertex 600192.657228 m, +900.393 mm above the ground
[RockPrecisionFixDiag]   rock 'Kerbin Zn3010000130' 'Grass00' #12 vertex 0: ground 600186.701425 m, vertex 600186.413222 m, -288.203 mm above the ground
[RockPrecisionFixDiag]   rock 'Kerbin Zn3010000130' 'Grass00' #12 vertex 1: ground 600186.749759 m, vertex 600186.414203 m, -335.556 mm above the ground
[RockPrecisionFixDiag]   rock 'Kerbin Zn3010000130' 'Grass00' #12 vertex 2: ground 600186.701429 m, vertex 600188.263640 m, +1562.211 mm above the ground
[RockPrecisionFixDiag]   rock 'Kerbin Zn3010000130' 'Grass00' #12 vertex 3: ground 600186.749716 m, vertex 600188.264632 m, +1514.916 mm above the ground
[RockPrecisionFixDiag]   rock 'Kerbin Zn3010000130' 'Grass00' #12 vertex 4: ground 600186.701425 m, vertex 600186.413222 m, -288.203 mm above the ground
[RockPrecisionFixDiag]   rock 'Kerbin Zn3010000130' 'Grass00' #12 vertex 5: ground 600186.749759 m, vertex 600186.414203 m, -335.556 mm above the ground
[RockPrecisionFixDiag]   rock 'Kerbin Zn3010000130' 'Grass00' #12 vertex 6: ground 600186.701429 m, vertex 600188.263640 m, +1562.211 mm above the ground
[RockPrecisionFixDiag]   rock 'Kerbin Zn3010000130' 'Grass00' #12 vertex 7: ground 600186.749716 m, vertex 600188.264632 m, +1514.916 mm above the ground
[RockPrecisionFixDiag]   rock 'Kerbin Zn3010000130' 'Grass00' #13 vertex 0: ground 600187.095066 m, vertex 600186.807373 m, -287.694 mm above the ground
[RockPrecisionFixDiag]   rock 'Kerbin Zn3010000130' 'Grass00' #13 vertex 1: ground 600187.056132 m, vertex 600186.807236 m, -248.896 mm above the ground
[RockPrecisionFixDiag]   rock 'Kerbin Zn3010000130' 'Grass00' #13 vertex 2: ground 600187.095075 m, vertex 600188.417684 m, +1322.609 mm above the ground
[RockPrecisionFixDiag]   rock 'Kerbin Zn3010000130' 'Grass00' #13 vertex 3: ground 600187.056142 m, vertex 600188.417545 m, +1361.403 mm above the ground
[RockPrecisionFixDiag]   rock 'Kerbin Zn3010000130' 'Grass00' #13 vertex 4: ground 600187.095066 m, vertex 600186.807373 m, -287.694 mm above the ground
[RockPrecisionFixDiag]   rock 'Kerbin Zn3010000130' 'Grass00' #13 vertex 5: ground 600187.056132 m, vertex 600186.807236 m, -248.896 mm above the ground
[RockPrecisionFixDiag]   rock 'Kerbin Zn3010000130' 'Grass00' #13 vertex 6: ground 600187.095075 m, vertex 600188.417684 m, +1322.609 mm above the ground
[RockPrecisionFixDiag]   rock 'Kerbin Zn3010000130' 'Grass00' #13 vertex 7: ground 600187.056142 m, vertex 600188.417545 m, +1361.403 mm above the ground
[RockPrecisionFixDiag]   rock 'Kerbin Zn3010000130' 'Grass00' #14 vertex 0: ground 600193.577374 m, vertex 600193.042188 m, -535.186 mm above the ground
[RockPrecisionFixDiag]   rock 'Kerbin Zn3010000130' 'Grass00' #14 vertex 1: ground 600193.668871 m, vertex 600193.042181 m, -626.690 mm above the ground
[RockPrecisionFixDiag]   rock 'Kerbin Zn3010000130' 'Grass00' #14 vertex 2: ground 600193.577331 m, vertex 600194.643674 m, +1066.343 mm above the ground
[RockPrecisionFixDiag]   rock 'Kerbin Zn3010000130' 'Grass00' #14 vertex 3: ground 600193.668836 m, vertex 600194.643667 m, +974.831 mm above the ground
[RockPrecisionFixDiag]   rock 'Kerbin Zn3010000130' 'Grass00' #14 vertex 4: ground 600193.577374 m, vertex 600193.042188 m, -535.186 mm above the ground
[RockPrecisionFixDiag]   rock 'Kerbin Zn3010000130' 'Grass00' #14 vertex 5: ground 600193.668871 m, vertex 600193.042181 m, -626.690 mm above the ground
[RockPrecisionFixDiag]   rock 'Kerbin Zn3010000130' 'Grass00' #14 vertex 6: ground 600193.577331 m, vertex 600194.643674 m, +1066.343 mm above the ground
[RockPrecisionFixDiag]   rock 'Kerbin Zn3010000130' 'Grass00' #14 vertex 7: ground 600193.668836 m, vertex 600194.643667 m, +974.831 mm above the ground
[RockPrecisionFixDiag]   rock 'Kerbin Zn3010000130' 'Grass00' #15 vertex 0: ground 600195.813039 m, vertex 600195.525201 m, -287.838 mm above the ground
[RockPrecisionFixDiag]   rock 'Kerbin Zn3010000130' 'Grass00' #15 vertex 1: ground 600195.856123 m, vertex 600195.523873 m, -332.250 mm above the ground
[RockPrecisionFixDiag]   rock 'Kerbin Zn3010000130' 'Grass00' #15 vertex 2: ground 600195.813080 m, vertex 600197.262081 m, +1449.001 mm above the ground
[RockPrecisionFixDiag]   rock 'Kerbin Zn3010000130' 'Grass00' #15 vertex 3: ground 600195.856203 m, vertex 600197.260710 m, +1404.507 mm above the ground
[RockPrecisionFixDiag]   rock 'Kerbin Zn3010000130' 'Grass00' #15 vertex 4: ground 600195.813039 m, vertex 600195.525201 m, -287.838 mm above the ground
[RockPrecisionFixDiag]   rock 'Kerbin Zn3010000130' 'Grass00' #15 vertex 5: ground 600195.856123 m, vertex 600195.523873 m, -332.250 mm above the ground
[RockPrecisionFixDiag]   rock 'Kerbin Zn3010000130' 'Grass00' #15 vertex 6: ground 600195.813080 m, vertex 600197.262081 m, +1449.001 mm above the ground
[RockPrecisionFixDiag]   rock 'Kerbin Zn3010000130' 'Grass00' #15 vertex 7: ground 600195.856203 m, vertex 600197.260710 m, +1404.507 mm above the ground
[RockPrecisionFixDiag]   rock 'Kerbin Zn3010000130' 'Grass00' #16 vertex 0: ground 600204.232678 m, vertex 600203.944935 m, -287.743 mm above the ground
[RockPrecisionFixDiag]   rock 'Kerbin Zn3010000130' 'Grass00' #16 vertex 1: ground 600204.260807 m, vertex 600203.944448 m, -316.360 mm above the ground
[RockPrecisionFixDiag]   rock 'Kerbin Zn3010000130' 'Grass00' #16 vertex 2: ground 600204.232702 m, vertex 600205.397699 m, +1164.997 mm above the ground
[RockPrecisionFixDiag]   rock 'Kerbin Zn3010000130' 'Grass00' #16 vertex 3: ground 600204.260797 m, vertex 600205.397200 m, +1136.402 mm above the ground
[RockPrecisionFixDiag]   rock 'Kerbin Zn3010000130' 'Grass00' #16 vertex 4: ground 600204.232678 m, vertex 600203.944935 m, -287.743 mm above the ground
[RockPrecisionFixDiag]   rock 'Kerbin Zn3010000130' 'Grass00' #16 vertex 5: ground 600204.260807 m, vertex 600203.944448 m, -316.360 mm above the ground
[RockPrecisionFixDiag]   rock 'Kerbin Zn3010000130' 'Grass00' #16 vertex 6: ground 600204.232702 m, vertex 600205.397699 m, +1164.997 mm above the ground
[RockPrecisionFixDiag]   rock 'Kerbin Zn3010000130' 'Grass00' #16 vertex 7: ground 600204.260797 m, vertex 600205.397200 m, +1136.402 mm above the ground
[RockPrecisionFixDiag]   rock 'Kerbin Zn3010000130' 'Grass00' #17 vertex 0: ground 600197.574609 m, vertex 600197.286786 m, -287.822 mm above the ground
[RockPrecisionFixDiag]   rock 'Kerbin Zn3010000130' 'Grass00' #17 vertex 1: ground 600197.571567 m, vertex 600197.285198 m, -286.369 mm above the ground
[RockPrecisionFixDiag]   rock 'Kerbin Zn3010000130' 'Grass00' #17 vertex 2: ground 600197.574664 m, vertex 600198.987094 m, +1412.431 mm above the ground
[RockPrecisionFixDiag]   rock 'Kerbin Zn3010000130' 'Grass00' #17 vertex 3: ground 600197.571536 m, vertex 600198.985506 m, +1413.970 mm above the ground
[RockPrecisionFixDiag]   rock 'Kerbin Zn3010000130' 'Grass00' #17 vertex 4: ground 600197.574609 m, vertex 600197.286786 m, -287.822 mm above the ground
[RockPrecisionFixDiag]   rock 'Kerbin Zn3010000130' 'Grass00' #17 vertex 5: ground 600197.571567 m, vertex 600197.285198 m, -286.369 mm above the ground
[RockPrecisionFixDiag]   rock 'Kerbin Zn3010000130' 'Grass00' #17 vertex 6: ground 600197.574664 m, vertex 600198.987094 m, +1412.431 mm above the ground
[RockPrecisionFixDiag]   rock 'Kerbin Zn3010000130' 'Grass00' #17 vertex 7: ground 600197.571536 m, vertex 600198.985506 m, +1413.970 mm above the ground
[RockPrecisionFixDiag]   rock 'Kerbin Zn3010000130' 'Grass00' #18 vertex 0: ground 600192.417324 m, vertex 600193.113145 m, +695.821 mm above the ground
[RockPrecisionFixDiag]   rock 'Kerbin Zn3010000130' 'Grass00' #18 vertex 1: ground 600192.359602 m, vertex 600193.113607 m, +754.005 mm above the ground
[RockPrecisionFixDiag]   rock 'Kerbin Zn3010000130' 'Grass00' #18 vertex 2: ground 600192.417389 m, vertex 600194.603849 m, +2186.460 mm above the ground
[RockPrecisionFixDiag]   rock 'Kerbin Zn3010000130' 'Grass00' #18 vertex 3: ground 600192.359687 m, vertex 600194.604312 m, +2244.624 mm above the ground
[RockPrecisionFixDiag]   rock 'Kerbin Zn3010000130' 'Grass00' #18 vertex 4: ground 600192.417324 m, vertex 600193.113145 m, +695.821 mm above the ground
[RockPrecisionFixDiag]   rock 'Kerbin Zn3010000130' 'Grass00' #18 vertex 5: ground 600192.359602 m, vertex 600193.113607 m, +754.005 mm above the ground
[RockPrecisionFixDiag]   rock 'Kerbin Zn3010000130' 'Grass00' #18 vertex 6: ground 600192.417389 m, vertex 600194.603849 m, +2186.460 mm above the ground
[RockPrecisionFixDiag]   rock 'Kerbin Zn3010000130' 'Grass00' #18 vertex 7: ground 600192.359687 m, vertex 600194.604312 m, +2244.624 mm above the ground
[RockPrecisionFixDiag]   rock 'Kerbin Zn3010000130' 'Grass00' #19 vertex 0: ground 600205.231751 m, vertex 600204.690112 m, -541.639 mm above the ground
[RockPrecisionFixDiag]   rock 'Kerbin Zn3010000130' 'Grass00' #19 vertex 1: ground 600205.143818 m, vertex 600204.690584 m, -453.234 mm above the ground
[RockPrecisionFixDiag]   rock 'Kerbin Zn3010000130' 'Grass00' #19 vertex 2: ground 600205.231827 m, vertex 600206.002252 m, +770.424 mm above the ground
[RockPrecisionFixDiag]   rock 'Kerbin Zn3010000130' 'Grass00' #19 vertex 3: ground 600205.143896 m, vertex 600206.002728 m, +858.832 mm above the ground
[RockPrecisionFixDiag]   rock 'Kerbin Zn3010000130' 'Grass00' #19 vertex 4: ground 600205.231751 m, vertex 600204.690112 m, -541.639 mm above the ground
[RockPrecisionFixDiag]   rock 'Kerbin Zn3010000130' 'Grass00' #19 vertex 5: ground 600205.143818 m, vertex 600204.690584 m, -453.234 mm above the ground
[RockPrecisionFixDiag]   rock 'Kerbin Zn3010000130' 'Grass00' #19 vertex 6: ground 600205.231827 m, vertex 600206.002252 m, +770.424 mm above the ground
[RockPrecisionFixDiag]   rock 'Kerbin Zn3010000130' 'Grass00' #19 vertex 7: ground 600205.143896 m, vertex 600206.002728 m, +858.832 mm above the ground
[RockPrecisionFixDiag]   rock 'Kerbin Zn3010000130' 'Grass00' #20 vertex 0: ground 600201.919821 m, vertex 600201.631956 m, -287.865 mm above the ground
[RockPrecisionFixDiag]   rock 'Kerbin Zn3010000130' 'Grass00' #20 vertex 1: ground 600201.936580 m, vertex 600201.632827 m, -303.752 mm above the ground
[RockPrecisionFixDiag]   rock 'Kerbin Zn3010000130' 'Grass00' #20 vertex 2: ground 600201.919841 m, vertex 600202.721730 m, +801.888 mm above the ground
[RockPrecisionFixDiag]   rock 'Kerbin Zn3010000130' 'Grass00' #20 vertex 3: ground 600201.936577 m, vertex 600202.722601 m, +786.024 mm above the ground
[RockPrecisionFixDiag]   rock 'Kerbin Zn3010000130' 'Grass00' #20 vertex 4: ground 600201.919821 m, vertex 600201.631956 m, -287.865 mm above the ground
[RockPrecisionFixDiag]   rock 'Kerbin Zn3010000130' 'Grass00' #20 vertex 5: ground 600201.936580 m, vertex 600201.632827 m, -303.752 mm above the ground
[RockPrecisionFixDiag]   rock 'Kerbin Zn3010000130' 'Grass00' #20 vertex 6: ground 600201.919841 m, vertex 600202.721730 m, +801.888 mm above the ground
[RockPrecisionFixDiag]   rock 'Kerbin Zn3010000130' 'Grass00' #20 vertex 7: ground 600201.936577 m, vertex 600202.722601 m, +786.024 mm above the ground
[RockPrecisionFixDiag]   rock 'Kerbin Zn3010000130' 'Grass00' #21 vertex 0: ground 600192.747141 m, vertex 600193.279684 m, +532.543 mm above the ground
[RockPrecisionFixDiag]   rock 'Kerbin Zn3010000130' 'Grass00' #21 vertex 1: ground 600192.737660 m, vertex 600193.279965 m, +542.305 mm above the ground
[RockPrecisionFixDiag]   rock 'Kerbin Zn3010000130' 'Grass00' #21 vertex 2: ground 600192.747173 m, vertex 600194.728594 m, +1981.421 mm above the ground
[RockPrecisionFixDiag]   rock 'Kerbin Zn3010000130' 'Grass00' #21 vertex 3: ground 600192.737696 m, vertex 600194.728875 m, +1991.179 mm above the ground
[RockPrecisionFixDiag]   rock 'Kerbin Zn3010000130' 'Grass00' #21 vertex 4: ground 600192.747141 m, vertex 600193.279684 m, +532.543 mm above the ground
[RockPrecisionFixDiag]   rock 'Kerbin Zn3010000130' 'Grass00' #21 vertex 5: ground 600192.737660 m, vertex 600193.279965 m, +542.305 mm above the ground
[RockPrecisionFixDiag]   rock 'Kerbin Zn3010000130' 'Grass00' #21 vertex 6: ground 600192.747173 m, vertex 600194.728594 m, +1981.421 mm above the ground
[RockPrecisionFixDiag]   rock 'Kerbin Zn3010000130' 'Grass00' #21 vertex 7: ground 600192.737696 m, vertex 600194.728875 m, +1991.179 mm above the ground
[RockPrecisionFixDiag]   rock 'Kerbin Zn3010000130' 'Grass00' #22 vertex 0: ground 600191.690546 m, vertex 600191.402747 m, -287.799 mm above the ground
[RockPrecisionFixDiag]   rock 'Kerbin Zn3010000130' 'Grass00' #22 vertex 1: ground 600191.738191 m, vertex 600191.402051 m, -336.140 mm above the ground
[RockPrecisionFixDiag]   rock 'Kerbin Zn3010000130' 'Grass00' #22 vertex 2: ground 600191.690579 m, vertex 600192.811148 m, +1120.569 mm above the ground
[RockPrecisionFixDiag]   rock 'Kerbin Zn3010000130' 'Grass00' #22 vertex 3: ground 600191.738234 m, vertex 600192.810464 m, +1072.230 mm above the ground
[RockPrecisionFixDiag]   rock 'Kerbin Zn3010000130' 'Grass00' #22 vertex 4: ground 600191.690546 m, vertex 600191.402747 m, -287.799 mm above the ground
[RockPrecisionFixDiag]   rock 'Kerbin Zn3010000130' 'Grass00' #22 vertex 5: ground 600191.738191 m, vertex 600191.402051 m, -336.140 mm above the ground
[RockPrecisionFixDiag]   rock 'Kerbin Zn3010000130' 'Grass00' #22 vertex 6: ground 600191.690579 m, vertex 600192.811148 m, +1120.569 mm above the ground
[RockPrecisionFixDiag]   rock 'Kerbin Zn3010000130' 'Grass00' #22 vertex 7: ground 600191.738234 m, vertex 600192.810464 m, +1072.230 mm above the ground
[RockPrecisionFixDiag]   rock 'Kerbin Zn3010000130' 'Grass00' #23 vertex 0: ground 600188.498810 m, vertex 600189.777673 m, +1278.863 mm above the ground
[RockPrecisionFixDiag]   rock 'Kerbin Zn3010000130' 'Grass00' #23 vertex 1: ground 600188.459615 m, vertex 600189.777165 m, +1317.551 mm above the ground
[RockPrecisionFixDiag]   rock 'Kerbin Zn3010000130' 'Grass00' #23 vertex 2: ground 600188.498772 m, vertex 600190.884695 m, +2385.923 mm above the ground
[RockPrecisionFixDiag]   rock 'Kerbin Zn3010000130' 'Grass00' #23 vertex 3: ground 600188.459594 m, vertex 600190.884197 m, +2424.603 mm above the ground
[RockPrecisionFixDiag]   rock 'Kerbin Zn3010000130' 'Grass00' #23 vertex 4: ground 600188.498810 m, vertex 600189.777673 m, +1278.863 mm above the ground
[RockPrecisionFixDiag]   rock 'Kerbin Zn3010000130' 'Grass00' #23 vertex 5: ground 600188.459615 m, vertex 600189.777165 m, +1317.551 mm above the ground
[RockPrecisionFixDiag]   rock 'Kerbin Zn3010000130' 'Grass00' #23 vertex 6: ground 600188.498772 m, vertex 600190.884695 m, +2385.923 mm above the ground
[RockPrecisionFixDiag]   rock 'Kerbin Zn3010000130' 'Grass00' #23 vertex 7: ground 600188.459594 m, vertex 600190.884197 m, +2424.603 mm above the ground
[RockPrecisionFixDiag]   rock 'Kerbin Zn3010000130' 'Grass00' #24 vertex 0: ground 600198.778414 m, vertex 600198.263275 m, -515.139 mm above the ground
[RockPrecisionFixDiag]   rock 'Kerbin Zn3010000130' 'Grass00' #24 vertex 1: ground 600198.796869 m, vertex 600198.263124 m, -533.746 mm above the ground
[RockPrecisionFixDiag]   rock 'Kerbin Zn3010000130' 'Grass00' #24 vertex 2: ground 600198.778381 m, vertex 600199.434048 m, +655.667 mm above the ground
[RockPrecisionFixDiag]   rock 'Kerbin Zn3010000130' 'Grass00' #24 vertex 3: ground 600198.796850 m, vertex 600199.433897 m, +637.047 mm above the ground
[RockPrecisionFixDiag]   rock 'Kerbin Zn3010000130' 'Grass00' #24 vertex 4: ground 600198.778414 m, vertex 600198.263275 m, -515.139 mm above the ground
[RockPrecisionFixDiag]   rock 'Kerbin Zn3010000130' 'Grass00' #24 vertex 5: ground 600198.796869 m, vertex 600198.263124 m, -533.746 mm above the ground
[RockPrecisionFixDiag]   rock 'Kerbin Zn3010000130' 'Grass00' #24 vertex 6: ground 600198.778381 m, vertex 600199.434048 m, +655.667 mm above the ground
[RockPrecisionFixDiag]   rock 'Kerbin Zn3010000130' 'Grass00' #24 vertex 7: ground 600198.796850 m, vertex 600199.433897 m, +637.047 mm above the ground
[RockPrecisionFixDiag]   rock 'Kerbin Zn3010000130' 'Grass00' #25 vertex 0: ground 600199.581967 m, vertex 600199.293303 m, -288.665 mm above the ground
[RockPrecisionFixDiag]   rock 'Kerbin Zn3010000130' 'Grass00' #25 vertex 1: ground 600199.593498 m, vertex 600199.292483 m, -301.016 mm above the ground
[RockPrecisionFixDiag]   rock 'Kerbin Zn3010000130' 'Grass00' #25 vertex 2: ground 600199.582008 m, vertex 600200.454773 m, +872.765 mm above the ground
[RockPrecisionFixDiag]   rock 'Kerbin Zn3010000130' 'Grass00' #25 vertex 3: ground 600199.593504 m, vertex 600200.453945 m, +860.441 mm above the ground
[RockPrecisionFixDiag]   rock 'Kerbin Zn3010000130' 'Grass00' #25 vertex 4: ground 600199.581967 m, vertex 600199.293303 m, -288.665 mm above the ground
[RockPrecisionFixDiag]   rock 'Kerbin Zn3010000130' 'Grass00' #25 vertex 5: ground 600199.593498 m, vertex 600199.292483 m, -301.016 mm above the ground
[RockPrecisionFixDiag]   rock 'Kerbin Zn3010000130' 'Grass00' #25 vertex 6: ground 600199.582008 m, vertex 600200.454773 m, +872.765 mm above the ground
[RockPrecisionFixDiag]   rock 'Kerbin Zn3010000130' 'Grass00' #25 vertex 7: ground 600199.593504 m, vertex 600200.453945 m, +860.441 mm above the ground
[RockPrecisionFixDiag]   rock 'Kerbin Zn3010000130' 'Grass00' #26 vertex 0: ground 600189.667442 m, vertex 600189.378800 m, -288.643 mm above the ground
[RockPrecisionFixDiag]   rock 'Kerbin Zn3010000130' 'Grass00' #26 vertex 1: ground 600189.680187 m, vertex 600189.379157 m, -301.030 mm above the ground
[RockPrecisionFixDiag]   rock 'Kerbin Zn3010000130' 'Grass00' #26 vertex 2: ground 600189.667436 m, vertex 600191.266609 m, +1599.173 mm above the ground
[RockPrecisionFixDiag]   rock 'Kerbin Zn3010000130' 'Grass00' #26 vertex 3: ground 600189.680181 m, vertex 600191.266966 m, +1586.785 mm above the ground
[RockPrecisionFixDiag]   rock 'Kerbin Zn3010000130' 'Grass00' #26 vertex 4: ground 600189.667442 m, vertex 600189.378800 m, -288.643 mm above the ground
[RockPrecisionFixDiag]   rock 'Kerbin Zn3010000130' 'Grass00' #26 vertex 5: ground 600189.680187 m, vertex 600189.379157 m, -301.030 mm above the ground
[RockPrecisionFixDiag]   rock 'Kerbin Zn3010000130' 'Grass00' #26 vertex 6: ground 600189.667436 m, vertex 600191.266609 m, +1599.173 mm above the ground
[RockPrecisionFixDiag]   rock 'Kerbin Zn3010000130' 'Grass00' #26 vertex 7: ground 600189.680181 m, vertex 600191.266966 m, +1586.785 mm above the ground
[RockPrecisionFixDiag]   rock 'Kerbin Zn3010000130' 'Grass00' #27 vertex 0: ground 600199.781512 m, vertex 600199.494135 m, -287.376 mm above the ground
[RockPrecisionFixDiag]   rock 'Kerbin Zn3010000130' 'Grass00' #27 vertex 1: ground 600199.865152 m, vertex 600199.493453 m, -371.699 mm above the ground
[RockPrecisionFixDiag]   rock 'Kerbin Zn3010000130' 'Grass00' #27 vertex 2: ground 600199.781585 m, vertex 600201.307267 m, +1525.681 mm above the ground
[RockPrecisionFixDiag]   rock 'Kerbin Zn3010000130' 'Grass00' #27 vertex 3: ground 600199.865206 m, vertex 600201.306586 m, +1441.381 mm above the ground
[RockPrecisionFixDiag]   rock 'Kerbin Zn3010000130' 'Grass00' #27 vertex 4: ground 600199.781512 m, vertex 600199.494135 m, -287.376 mm above the ground
[RockPrecisionFixDiag]   rock 'Kerbin Zn3010000130' 'Grass00' #27 vertex 5: ground 600199.865152 m, vertex 600199.493453 m, -371.699 mm above the ground
[RockPrecisionFixDiag]   rock 'Kerbin Zn3010000130' 'Grass00' #27 vertex 6: ground 600199.781585 m, vertex 600201.307267 m, +1525.681 mm above the ground
[RockPrecisionFixDiag]   rock 'Kerbin Zn3010000130' 'Grass00' #27 vertex 7: ground 600199.865206 m, vertex 600201.306586 m, +1441.381 mm above the ground
[RockPrecisionFixDiag]   rock 'Kerbin Zn3010000130' 'Grass00' #28 vertex 0: ground 600199.350122 m, vertex 600199.061474 m, -288.648 mm above the ground
[RockPrecisionFixDiag]   rock 'Kerbin Zn3010000130' 'Grass00' #28 vertex 1: ground 600199.399729 m, vertex 600199.061588 m, -338.142 mm above the ground
[RockPrecisionFixDiag]   rock 'Kerbin Zn3010000130' 'Grass00' #28 vertex 2: ground 600199.350180 m, vertex 600200.952760 m, +1602.580 mm above the ground
[RockPrecisionFixDiag]   rock 'Kerbin Zn3010000130' 'Grass00' #28 vertex 3: ground 600199.399791 m, vertex 600200.952873 m, +1553.082 mm above the ground
[RockPrecisionFixDiag]   rock 'Kerbin Zn3010000130' 'Grass00' #28 vertex 4: ground 600199.350122 m, vertex 600199.061474 m, -288.648 mm above the ground
[RockPrecisionFixDiag]   rock 'Kerbin Zn3010000130' 'Grass00' #28 vertex 5: ground 600199.399729 m, vertex 600199.061588 m, -338.142 mm above the ground
[RockPrecisionFixDiag]   rock 'Kerbin Zn3010000130' 'Grass00' #28 vertex 6: ground 600199.350180 m, vertex 600200.952760 m, +1602.580 mm above the ground
[RockPrecisionFixDiag]   rock 'Kerbin Zn3010000130' 'Grass00' #28 vertex 7: ground 600199.399791 m, vertex 600200.952873 m, +1553.082 mm above the ground
[RockPrecisionFixDiag]   rock 'Kerbin Zn3010000130' 'Grass00' #29 vertex 0: ground 600192.382269 m, vertex 600192.093567 m, -288.701 mm above the ground
[RockPrecisionFixDiag]   rock 'Kerbin Zn3010000130' 'Grass00' #29 vertex 1: ground 600192.341865 m, vertex 600192.093841 m, -248.024 mm above the ground
[RockPrecisionFixDiag]   rock 'Kerbin Zn3010000130' 'Grass00' #29 vertex 2: ground 600192.382308 m, vertex 600193.614872 m, +1232.564 mm above the ground
[RockPrecisionFixDiag]   rock 'Kerbin Zn3010000130' 'Grass00' #29 vertex 3: ground 600192.341875 m, vertex 600193.615146 m, +1273.271 mm above the ground
[RockPrecisionFixDiag]   rock 'Kerbin Zn3010000130' 'Grass00' #29 vertex 4: ground 600192.382269 m, vertex 600192.093567 m, -288.701 mm above the ground
[RockPrecisionFixDiag]   rock 'Kerbin Zn3010000130' 'Grass00' #29 vertex 5: ground 600192.341865 m, vertex 600192.093841 m, -248.024 mm above the ground
[RockPrecisionFixDiag]   rock 'Kerbin Zn3010000130' 'Grass00' #29 vertex 6: ground 600192.382308 m, vertex 600193.614872 m, +1232.564 mm above the ground
[RockPrecisionFixDiag]   rock 'Kerbin Zn3010000130' 'Grass00' #29 vertex 7: ground 600192.341875 m, vertex 600193.615146 m, +1273.271 mm above the ground
[RockPrecisionFixDiag]   rock 'Kerbin Zn3010000130' 'Grass00' #30 vertex 0: ground 600191.294209 m, vertex 600191.006597 m, -287.612 mm above the ground
[RockPrecisionFixDiag]   rock 'Kerbin Zn3010000130' 'Grass00' #30 vertex 1: ground 600191.259748 m, vertex 600191.006924 m, -252.824 mm above the ground
[RockPrecisionFixDiag]   rock 'Kerbin Zn3010000130' 'Grass00' #30 vertex 2: ground 600191.294249 m, vertex 600192.235712 m, +941.463 mm above the ground
[RockPrecisionFixDiag]   rock 'Kerbin Zn3010000130' 'Grass00' #30 vertex 3: ground 600191.259764 m, vertex 600192.236050 m, +976.286 mm above the ground
[RockPrecisionFixDiag]   rock 'Kerbin Zn3010000130' 'Grass00' #30 vertex 4: ground 600191.294209 m, vertex 600191.006597 m, -287.612 mm above the ground
[RockPrecisionFixDiag]   rock 'Kerbin Zn3010000130' 'Grass00' #30 vertex 5: ground 600191.259748 m, vertex 600191.006924 m, -252.824 mm above the ground
[RockPrecisionFixDiag]   rock 'Kerbin Zn3010000130' 'Grass00' #30 vertex 6: ground 600191.294249 m, vertex 600192.235712 m, +941.463 mm above the ground
[RockPrecisionFixDiag]   rock 'Kerbin Zn3010000130' 'Grass00' #30 vertex 7: ground 600191.259764 m, vertex 600192.236050 m, +976.286 mm above the ground
[RockPrecisionFixDiag]   rock 'Kerbin Zn3010000130' 'Grass00' #31 vertex 0: ground 600200.969140 m, vertex 600200.681683 m, -287.458 mm above the ground
[RockPrecisionFixDiag]   rock 'Kerbin Zn3010000130' 'Grass00' #31 vertex 1: ground 600201.044237 m, vertex 600200.680921 m, -363.317 mm above the ground
[RockPrecisionFixDiag]   rock 'Kerbin Zn3010000130' 'Grass00' #31 vertex 2: ground 600200.969201 m, vertex 600202.437897 m, +1468.696 mm above the ground
[RockPrecisionFixDiag]   rock 'Kerbin Zn3010000130' 'Grass00' #31 vertex 3: ground 600201.044278 m, vertex 600202.437123 m, +1392.845 mm above the ground
[RockPrecisionFixDiag]   rock 'Kerbin Zn3010000130' 'Grass00' #31 vertex 4: ground 600200.969140 m, vertex 600200.681683 m, -287.458 mm above the ground
[RockPrecisionFixDiag]   rock 'Kerbin Zn3010000130' 'Grass00' #31 vertex 5: ground 600201.044237 m, vertex 600200.680921 m, -363.317 mm above the ground
[RockPrecisionFixDiag]   rock 'Kerbin Zn3010000130' 'Grass00' #31 vertex 6: ground 600200.969201 m, vertex 600202.437897 m, +1468.696 mm above the ground
[RockPrecisionFixDiag]   rock 'Kerbin Zn3010000130' 'Grass00' #31 vertex 7: ground 600201.044278 m, vertex 600202.437123 m, +1392.845 mm above the ground
[RockPrecisionFixDiag]   rock 'Kerbin Zn3010000130' 'Grass00' #32 vertex 0: ground 600193.656665 m, vertex 600193.369506 m, -287.158 mm above the ground
[RockPrecisionFixDiag]   rock 'Kerbin Zn3010000130' 'Grass00' #32 vertex 1: ground 600193.700195 m, vertex 600193.368238 m, -331.957 mm above the ground
[RockPrecisionFixDiag]   rock 'Kerbin Zn3010000130' 'Grass00' #32 vertex 2: ground 600193.656742 m, vertex 600195.035703 m, +1378.961 mm above the ground
[RockPrecisionFixDiag]   rock 'Kerbin Zn3010000130' 'Grass00' #32 vertex 3: ground 600193.700296 m, vertex 600195.034446 m, +1334.151 mm above the ground
[RockPrecisionFixDiag]   rock 'Kerbin Zn3010000130' 'Grass00' #32 vertex 4: ground 600193.656665 m, vertex 600193.369506 m, -287.158 mm above the ground
[RockPrecisionFixDiag]   rock 'Kerbin Zn3010000130' 'Grass00' #32 vertex 5: ground 600193.700195 m, vertex 600193.368238 m, -331.957 mm above the ground
[RockPrecisionFixDiag]   rock 'Kerbin Zn3010000130' 'Grass00' #32 vertex 6: ground 600193.656742 m, vertex 600195.035703 m, +1378.961 mm above the ground
[RockPrecisionFixDiag]   rock 'Kerbin Zn3010000130' 'Grass00' #32 vertex 7: ground 600193.700296 m, vertex 600195.034446 m, +1334.151 mm above the ground
[RockPrecisionFixDiag]   rock 'Kerbin Zn3010000130' 'Grass00' #33 vertex 0: ground 600195.684091 m, vertex 600195.396296 m, -287.795 mm above the ground
[RockPrecisionFixDiag]   rock 'Kerbin Zn3010000130' 'Grass00' #33 vertex 1: ground 600195.664913 m, vertex 600195.394729 m, -270.184 mm above the ground
[RockPrecisionFixDiag]   rock 'Kerbin Zn3010000130' 'Grass00' #33 vertex 2: ground 600195.684054 m, vertex 600197.346746 m, +1662.692 mm above the ground
[RockPrecisionFixDiag]   rock 'Kerbin Zn3010000130' 'Grass00' #33 vertex 3: ground 600195.664900 m, vertex 600197.345203 m, +1680.303 mm above the ground
[RockPrecisionFixDiag]   rock 'Kerbin Zn3010000130' 'Grass00' #33 vertex 4: ground 600195.684091 m, vertex 600195.396296 m, -287.795 mm above the ground
[RockPrecisionFixDiag]   rock 'Kerbin Zn3010000130' 'Grass00' #33 vertex 5: ground 600195.664913 m, vertex 600195.394729 m, -270.184 mm above the ground
[RockPrecisionFixDiag]   rock 'Kerbin Zn3010000130' 'Grass00' #33 vertex 6: ground 600195.684054 m, vertex 600197.346746 m, +1662.692 mm above the ground
[RockPrecisionFixDiag]   rock 'Kerbin Zn3010000130' 'Grass00' #33 vertex 7: ground 600195.664900 m, vertex 600197.345203 m, +1680.303 mm above the ground
[RockPrecisionFixDiag]   rock 'Kerbin Zn3010000130' 'Grass00' #34 vertex 0: ground 600192.194315 m, vertex 600192.351197 m, +156.882 mm above the ground
[RockPrecisionFixDiag]   rock 'Kerbin Zn3010000130' 'Grass00' #34 vertex 1: ground 600192.265860 m, vertex 600192.351678 m, +85.817 mm above the ground
[RockPrecisionFixDiag]   rock 'Kerbin Zn3010000130' 'Grass00' #34 vertex 2: ground 600192.194304 m, vertex 600193.518850 m, +1324.546 mm above the ground
[RockPrecisionFixDiag]   rock 'Kerbin Zn3010000130' 'Grass00' #34 vertex 3: ground 600192.265838 m, vertex 600193.519319 m, +1253.481 mm above the ground
[RockPrecisionFixDiag]   rock 'Kerbin Zn3010000130' 'Grass00' #34 vertex 4: ground 600192.194315 m, vertex 600192.351197 m, +156.882 mm above the ground
[RockPrecisionFixDiag]   rock 'Kerbin Zn3010000130' 'Grass00' #34 vertex 5: ground 600192.265860 m, vertex 600192.351678 m, +85.817 mm above the ground
[RockPrecisionFixDiag]   rock 'Kerbin Zn3010000130' 'Grass00' #34 vertex 6: ground 600192.194304 m, vertex 600193.518850 m, +1324.546 mm above the ground
[RockPrecisionFixDiag]   rock 'Kerbin Zn3010000130' 'Grass00' #34 vertex 7: ground 600192.265838 m, vertex 600193.519319 m, +1253.481 mm above the ground
[RockPrecisionFixDiag]   rock 'Kerbin Zn3010000130' 'Grass00' #35 vertex 0: ground 600191.670136 m, vertex 600191.382786 m, -287.350 mm above the ground
[RockPrecisionFixDiag]   rock 'Kerbin Zn3010000130' 'Grass00' #35 vertex 1: ground 600191.599165 m, vertex 600191.383382 m, -215.783 mm above the ground
[RockPrecisionFixDiag]   rock 'Kerbin Zn3010000130' 'Grass00' #35 vertex 2: ground 600191.670159 m, vertex 600192.970239 m, +1300.080 mm above the ground
[RockPrecisionFixDiag]   rock 'Kerbin Zn3010000130' 'Grass00' #35 vertex 3: ground 600191.599217 m, vertex 600192.970835 m, +1371.617 mm above the ground
[RockPrecisionFixDiag]   rock 'Kerbin Zn3010000130' 'Grass00' #35 vertex 4: ground 600191.670136 m, vertex 600191.382786 m, -287.350 mm above the ground
[RockPrecisionFixDiag]   rock 'Kerbin Zn3010000130' 'Grass00' #35 vertex 5: ground 600191.599165 m, vertex 600191.383382 m, -215.783 mm above the ground
[RockPrecisionFixDiag]   rock 'Kerbin Zn3010000130' 'Grass00' #35 vertex 6: ground 600191.670159 m, vertex 600192.970239 m, +1300.080 mm above the ground
[RockPrecisionFixDiag]   rock 'Kerbin Zn3010000130' 'Grass00' #35 vertex 7: ground 600191.599217 m, vertex 600192.970835 m, +1371.617 mm above the ground
[RockPrecisionFixDiag]   rock 'Kerbin Zn3010000130' 'Grass00' #36 vertex 0: ground 600189.465822 m, vertex 600189.177835 m, -287.987 mm above the ground
[RockPrecisionFixDiag]   rock 'Kerbin Zn3010000130' 'Grass00' #36 vertex 1: ground 600189.509577 m, vertex 600189.178094 m, -331.483 mm above the ground
[RockPrecisionFixDiag]   rock 'Kerbin Zn3010000130' 'Grass00' #36 vertex 2: ground 600189.465825 m, vertex 600190.545232 m, +1079.406 mm above the ground
[RockPrecisionFixDiag]   rock 'Kerbin Zn3010000130' 'Grass00' #36 vertex 3: ground 600189.509584 m, vertex 600190.545490 m, +1035.906 mm above the ground
[RockPrecisionFixDiag]   rock 'Kerbin Zn3010000130' 'Grass00' #36 vertex 4: ground 600189.465822 m, vertex 600189.177835 m, -287.987 mm above the ground
[RockPrecisionFixDiag]   rock 'Kerbin Zn3010000130' 'Grass00' #36 vertex 5: ground 600189.509577 m, vertex 600189.178094 m, -331.483 mm above the ground
[RockPrecisionFixDiag]   rock 'Kerbin Zn3010000130' 'Grass00' #36 vertex 6: ground 600189.465825 m, vertex 600190.545232 m, +1079.406 mm above the ground
[RockPrecisionFixDiag]   rock 'Kerbin Zn3010000130' 'Grass00' #36 vertex 7: ground 600189.509584 m, vertex 600190.545490 m, +1035.906 mm above the ground
[RockPrecisionFixDiag]   rock 'Kerbin Zn3010000130' 'Grass00' #37 vertex 0: ground 600187.616114 m, vertex 600187.327159 m, -288.954 mm above the ground
[RockPrecisionFixDiag]   rock 'Kerbin Zn3010000130' 'Grass00' #37 vertex 1: ground 600187.674640 m, vertex 600187.327222 m, -347.419 mm above the ground
[RockPrecisionFixDiag]   rock 'Kerbin Zn3010000130' 'Grass00' #37 vertex 2: ground 600187.616103 m, vertex 600189.291848 m, +1675.745 mm above the ground
[RockPrecisionFixDiag]   rock 'Kerbin Zn3010000130' 'Grass00' #37 vertex 3: ground 600187.674626 m, vertex 600189.291910 m, +1617.284 mm above the ground
[RockPrecisionFixDiag]   rock 'Kerbin Zn3010000130' 'Grass00' #37 vertex 4: ground 600187.616114 m, vertex 600187.327159 m, -288.954 mm above the ground
[RockPrecisionFixDiag]   rock 'Kerbin Zn3010000130' 'Grass00' #37 vertex 5: ground 600187.674640 m, vertex 600187.327222 m, -347.419 mm above the ground
[RockPrecisionFixDiag]   rock 'Kerbin Zn3010000130' 'Grass00' #37 vertex 6: ground 600187.616103 m, vertex 600189.291848 m, +1675.745 mm above the ground
[RockPrecisionFixDiag]   rock 'Kerbin Zn3010000130' 'Grass00' #37 vertex 7: ground 600187.674626 m, vertex 600189.291910 m, +1617.284 mm above the ground
[RockPrecisionFixDiag]   rock 'Kerbin Zn3010000130' 'Grass00' #38 vertex 0: ground 600203.417600 m, vertex 600203.128743 m, -288.857 mm above the ground
[RockPrecisionFixDiag]   rock 'Kerbin Zn3010000130' 'Grass00' #38 vertex 1: ground 600203.362083 m, vertex 600203.127470 m, -234.614 mm above the ground
[RockPrecisionFixDiag]   rock 'Kerbin Zn3010000130' 'Grass00' #38 vertex 2: ground 600203.417521 m, vertex 600205.011095 m, +1593.573 mm above the ground
[RockPrecisionFixDiag]   rock 'Kerbin Zn3010000130' 'Grass00' #38 vertex 3: ground 600203.361997 m, vertex 600205.009798 m, +1647.800 mm above the ground
[RockPrecisionFixDiag]   rock 'Kerbin Zn3010000130' 'Grass00' #38 vertex 4: ground 600203.417600 m, vertex 600203.128743 m, -288.857 mm above the ground
[RockPrecisionFixDiag]   rock 'Kerbin Zn3010000130' 'Grass00' #38 vertex 5: ground 600203.362083 m, vertex 600203.127470 m, -234.614 mm above the ground
[RockPrecisionFixDiag]   rock 'Kerbin Zn3010000130' 'Grass00' #38 vertex 6: ground 600203.417521 m, vertex 600205.011095 m, +1593.573 mm above the ground
[RockPrecisionFixDiag]   rock 'Kerbin Zn3010000130' 'Grass00' #38 vertex 7: ground 600203.361997 m, vertex 600205.009798 m, +1647.800 mm above the ground
[RockPrecisionFixDiag]   rock 'Kerbin Zn3010000130' 'Grass00' #39 vertex 0: ground 600197.277253 m, vertex 600196.504830 m, -772.423 mm above the ground
[RockPrecisionFixDiag]   rock 'Kerbin Zn3010000130' 'Grass00' #39 vertex 1: ground 600197.169891 m, vertex 600196.504940 m, -664.951 mm above the ground
[RockPrecisionFixDiag]   rock 'Kerbin Zn3010000130' 'Grass00' #39 vertex 2: ground 600197.277299 m, vertex 600198.273052 m, +995.753 mm above the ground
[RockPrecisionFixDiag]   rock 'Kerbin Zn3010000130' 'Grass00' #39 vertex 3: ground 600197.169951 m, vertex 600198.273151 m, +1103.200 mm above the ground
[RockPrecisionFixDiag]   rock 'Kerbin Zn3010000130' 'Grass00' #39 vertex 4: ground 600197.277253 m, vertex 600196.504830 m, -772.423 mm above the ground
[RockPrecisionFixDiag]   rock 'Kerbin Zn3010000130' 'Grass00' #39 vertex 5: ground 600197.169891 m, vertex 600196.504940 m, -664.951 mm above the ground
[RockPrecisionFixDiag]   rock 'Kerbin Zn3010000130' 'Grass00' #39 vertex 6: ground 600197.277299 m, vertex 600198.273052 m, +995.753 mm above the ground
[RockPrecisionFixDiag]   rock 'Kerbin Zn3010000130' 'Grass00' #39 vertex 7: ground 600197.169951 m, vertex 600198.273151 m, +1103.200 mm above the ground
[RockPrecisionFixDiag]   rock 'Kerbin Zn3010000130' 'Grass00' #40 vertex 0: ground 600194.791919 m, vertex 600194.594003 m, -197.916 mm above the ground
[RockPrecisionFixDiag]   rock 'Kerbin Zn3010000130' 'Grass00' #40 vertex 1: ground 600194.706303 m, vertex 600194.595117 m, -111.186 mm above the ground
[RockPrecisionFixDiag]   rock 'Kerbin Zn3010000130' 'Grass00' #40 vertex 2: ground 600194.791977 m, vertex 600195.865139 m, +1073.161 mm above the ground
[RockPrecisionFixDiag]   rock 'Kerbin Zn3010000130' 'Grass00' #40 vertex 3: ground 600194.706362 m, vertex 600195.866233 m, +1159.871 mm above the ground
[RockPrecisionFixDiag]   rock 'Kerbin Zn3010000130' 'Grass00' #40 vertex 4: ground 600194.791919 m, vertex 600194.594003 m, -197.916 mm above the ground
[RockPrecisionFixDiag]   rock 'Kerbin Zn3010000130' 'Grass00' #40 vertex 5: ground 600194.706303 m, vertex 600194.595117 m, -111.186 mm above the ground
[RockPrecisionFixDiag]   rock 'Kerbin Zn3010000130' 'Grass00' #40 vertex 6: ground 600194.791977 m, vertex 600195.865139 m, +1073.161 mm above the ground
[RockPrecisionFixDiag]   rock 'Kerbin Zn3010000130' 'Grass00' #40 vertex 7: ground 600194.706362 m, vertex 600195.866233 m, +1159.871 mm above the ground
[RockPrecisionFixDiag]   rock 'Kerbin Zn3010000130' 'Grass00' #41 vertex 0: ground 600194.688562 m, vertex 600194.400278 m, -288.284 mm above the ground
[RockPrecisionFixDiag]   rock 'Kerbin Zn3010000130' 'Grass00' #41 vertex 1: ground 600194.625916 m, vertex 600194.400563 m, -225.353 mm above the ground
[RockPrecisionFixDiag]   rock 'Kerbin Zn3010000130' 'Grass00' #41 vertex 2: ground 600194.688590 m, vertex 600195.770210 m, +1081.620 mm above the ground
[RockPrecisionFixDiag]   rock 'Kerbin Zn3010000130' 'Grass00' #41 vertex 3: ground 600194.625951 m, vertex 600195.770494 m, +1144.544 mm above the ground
[RockPrecisionFixDiag]   rock 'Kerbin Zn3010000130' 'Grass00' #41 vertex 4: ground 600194.688562 m, vertex 600194.400278 m, -288.284 mm above the ground
[RockPrecisionFixDiag]   rock 'Kerbin Zn3010000130' 'Grass00' #41 vertex 5: ground 600194.625916 m, vertex 600194.400563 m, -225.353 mm above the ground
[RockPrecisionFixDiag]   rock 'Kerbin Zn3010000130' 'Grass00' #41 vertex 6: ground 600194.688590 m, vertex 600195.770210 m, +1081.620 mm above the ground
[RockPrecisionFixDiag]   rock 'Kerbin Zn3010000130' 'Grass00' #41 vertex 7: ground 600194.625951 m, vertex 600195.770494 m, +1144.544 mm above the ground
[RockPrecisionFixDiag]   rock 'Kerbin Zn3010000130' 'Grass00' #42 vertex 0: ground 600201.230577 m, vertex 600200.941870 m, -288.708 mm above the ground
[RockPrecisionFixDiag]   rock 'Kerbin Zn3010000130' 'Grass00' #42 vertex 1: ground 600201.314357 m, vertex 600200.940749 m, -373.608 mm above the ground
[RockPrecisionFixDiag]   rock 'Kerbin Zn3010000130' 'Grass00' #42 vertex 2: ground 600201.230628 m, vertex 600202.809624 m, +1578.996 mm above the ground
[RockPrecisionFixDiag]   rock 'Kerbin Zn3010000130' 'Grass00' #42 vertex 3: ground 600201.314424 m, vertex 600202.808500 m, +1494.076 mm above the ground
[RockPrecisionFixDiag]   rock 'Kerbin Zn3010000130' 'Grass00' #42 vertex 4: ground 600201.230577 m, vertex 600200.941870 m, -288.708 mm above the ground
[RockPrecisionFixDiag]   rock 'Kerbin Zn3010000130' 'Grass00' #42 vertex 5: ground 600201.314357 m, vertex 600200.940749 m, -373.608 mm above the ground
[RockPrecisionFixDiag]   rock 'Kerbin Zn3010000130' 'Grass00' #42 vertex 6: ground 600201.230628 m, vertex 600202.809624 m, +1578.996 mm above the ground
[RockPrecisionFixDiag]   rock 'Kerbin Zn3010000130' 'Grass00' #42 vertex 7: ground 600201.314424 m, vertex 600202.808500 m, +1494.076 mm above the ground
[RockPrecisionFixDiag]   rock 'Kerbin Zn3010000130' 'Grass00' #43 vertex 0: ground 600198.486985 m, vertex 600198.198131 m, -288.854 mm above the ground
[RockPrecisionFixDiag]   rock 'Kerbin Zn3010000130' 'Grass00' #43 vertex 1: ground 600198.428788 m, vertex 600198.198754 m, -230.034 mm above the ground
[RockPrecisionFixDiag]   rock 'Kerbin Zn3010000130' 'Grass00' #43 vertex 2: ground 600198.486967 m, vertex 600199.844078 m, +1357.111 mm above the ground
[RockPrecisionFixDiag]   rock 'Kerbin Zn3010000130' 'Grass00' #43 vertex 3: ground 600198.428780 m, vertex 600199.844695 m, +1415.916 mm above the ground
[RockPrecisionFixDiag]   rock 'Kerbin Zn3010000130' 'Grass00' #43 vertex 4: ground 600198.486985 m, vertex 600198.198131 m, -288.854 mm above the ground
[RockPrecisionFixDiag]   rock 'Kerbin Zn3010000130' 'Grass00' #43 vertex 5: ground 600198.428788 m, vertex 600198.198754 m, -230.034 mm above the ground
[RockPrecisionFixDiag]   rock 'Kerbin Zn3010000130' 'Grass00' #43 vertex 6: ground 600198.486967 m, vertex 600199.844078 m, +1357.111 mm above the ground
[RockPrecisionFixDiag]   rock 'Kerbin Zn3010000130' 'Grass00' #43 vertex 7: ground 600198.428780 m, vertex 600199.844695 m, +1415.916 mm above the ground
[RockPrecisionFixDiag]   rock 'Kerbin Zn3010000130' 'Grass00' #44 vertex 0: ground 600214.633506 m, vertex 600214.344076 m, -289.429 mm above the ground
[RockPrecisionFixDiag]   rock 'Kerbin Zn3010000130' 'Grass00' #44 vertex 1: ground 600214.637362 m, vertex 600214.344992 m, -292.370 mm above the ground
[RockPrecisionFixDiag]   rock 'Kerbin Zn3010000130' 'Grass00' #44 vertex 2: ground 600214.633556 m, vertex 600215.971601 m, +1338.045 mm above the ground
[RockPrecisionFixDiag]   rock 'Kerbin Zn3010000130' 'Grass00' #44 vertex 3: ground 600214.637433 m, vertex 600215.972517 m, +1335.083 mm above the ground
[RockPrecisionFixDiag]   rock 'Kerbin Zn3010000130' 'Grass00' #44 vertex 4: ground 600214.633506 m, vertex 600214.344076 m, -289.429 mm above the ground
[RockPrecisionFixDiag]   rock 'Kerbin Zn3010000130' 'Grass00' #44 vertex 5: ground 600214.637362 m, vertex 600214.344992 m, -292.370 mm above the ground
[RockPrecisionFixDiag]   rock 'Kerbin Zn3010000130' 'Grass00' #44 vertex 6: ground 600214.633556 m, vertex 600215.971601 m, +1338.045 mm above the ground
[RockPrecisionFixDiag]   rock 'Kerbin Zn3010000130' 'Grass00' #44 vertex 7: ground 600214.637433 m, vertex 600215.972517 m, +1335.083 mm above the ground
[RockPrecisionFixDiag]   rock 'Kerbin Zn3010000130' 'Grass00' #45 vertex 0: ground 600201.590115 m, vertex 600201.302772 m, -287.344 mm above the ground
[RockPrecisionFixDiag]   rock 'Kerbin Zn3010000130' 'Grass00' #45 vertex 1: ground 600201.631722 m, vertex 600201.301357 m, -330.365 mm above the ground
[RockPrecisionFixDiag]   rock 'Kerbin Zn3010000130' 'Grass00' #45 vertex 2: ground 600201.590218 m, vertex 600203.263548 m, +1673.330 mm above the ground
[RockPrecisionFixDiag]   rock 'Kerbin Zn3010000130' 'Grass00' #45 vertex 3: ground 600201.631833 m, vertex 600203.262138 m, +1630.305 mm above the ground
[RockPrecisionFixDiag]   rock 'Kerbin Zn3010000130' 'Grass00' #45 vertex 4: ground 600201.590115 m, vertex 600201.302772 m, -287.344 mm above the ground
[RockPrecisionFixDiag]   rock 'Kerbin Zn3010000130' 'Grass00' #45 vertex 5: ground 600201.631722 m, vertex 600201.301357 m, -330.365 mm above the ground
[RockPrecisionFixDiag]   rock 'Kerbin Zn3010000130' 'Grass00' #45 vertex 6: ground 600201.590218 m, vertex 600203.263548 m, +1673.330 mm above the ground
[RockPrecisionFixDiag]   rock 'Kerbin Zn3010000130' 'Grass00' #45 vertex 7: ground 600201.631833 m, vertex 600203.262138 m, +1630.305 mm above the ground
[RockPrecisionFixDiag]   rock 'Kerbin Zn3010000130' 'Grass00' #46 vertex 0: ground 600197.843592 m, vertex 600197.918212 m, +74.620 mm above the ground
[RockPrecisionFixDiag]   rock 'Kerbin Zn3010000130' 'Grass00' #46 vertex 1: ground 600197.813630 m, vertex 600197.917775 m, +104.145 mm above the ground
[RockPrecisionFixDiag]   rock 'Kerbin Zn3010000130' 'Grass00' #46 vertex 2: ground 600197.843577 m, vertex 600198.934803 m, +1091.226 mm above the ground
[RockPrecisionFixDiag]   rock 'Kerbin Zn3010000130' 'Grass00' #46 vertex 3: ground 600197.813602 m, vertex 600198.934366 m, +1120.764 mm above the ground
[RockPrecisionFixDiag]   rock 'Kerbin Zn3010000130' 'Grass00' #46 vertex 4: ground 600197.843592 m, vertex 600197.918212 m, +74.620 mm above the ground
[RockPrecisionFixDiag]   rock 'Kerbin Zn3010000130' 'Grass00' #46 vertex 5: ground 600197.813630 m, vertex 600197.917775 m, +104.145 mm above the ground
[RockPrecisionFixDiag]   rock 'Kerbin Zn3010000130' 'Grass00' #46 vertex 6: ground 600197.843577 m, vertex 600198.934803 m, +1091.226 mm above the ground
[RockPrecisionFixDiag]   rock 'Kerbin Zn3010000130' 'Grass00' #46 vertex 7: ground 600197.813602 m, vertex 600198.934366 m, +1120.764 mm above the ground
[RockPrecisionFixDiag]   rock 'Kerbin Zn3010000130' 'Grass00' #47 vertex 0: ground 600196.593043 m, vertex 600196.304590 m, -288.453 mm above the ground
[RockPrecisionFixDiag]   rock 'Kerbin Zn3010000130' 'Grass00' #47 vertex 1: ground 600196.693450 m, vertex 600196.305473 m, -387.977 mm above the ground
[RockPrecisionFixDiag]   rock 'Kerbin Zn3010000130' 'Grass00' #47 vertex 2: ground 600196.593024 m, vertex 600198.075120 m, +1482.095 mm above the ground
[RockPrecisionFixDiag]   rock 'Kerbin Zn3010000130' 'Grass00' #47 vertex 3: ground 600196.693431 m, vertex 600198.076003 m, +1382.571 mm above the ground
[RockPrecisionFixDiag]   rock 'Kerbin Zn3010000130' 'Grass00' #47 vertex 4: ground 600196.593043 m, vertex 600196.304590 m, -288.453 mm above the ground
[RockPrecisionFixDiag]   rock 'Kerbin Zn3010000130' 'Grass00' #47 vertex 5: ground 600196.693450 m, vertex 600196.305473 m, -387.977 mm above the ground
[RockPrecisionFixDiag]   rock 'Kerbin Zn3010000130' 'Grass00' #47 vertex 6: ground 600196.593024 m, vertex 600198.075120 m, +1482.095 mm above the ground
[RockPrecisionFixDiag]   rock 'Kerbin Zn3010000130' 'Grass00' #47 vertex 7: ground 600196.693431 m, vertex 600198.076003 m, +1382.571 mm above the ground
[RockPrecisionFixDiag]   rock 'Kerbin Zn3010000130' 'Grass00' #48 vertex 0: ground 600197.898431 m, vertex 600196.892401 m, -1006.029 mm above the ground
[RockPrecisionFixDiag]   rock 'Kerbin Zn3010000130' 'Grass00' #48 vertex 1: ground 600197.819702 m, vertex 600196.892231 m, -927.470 mm above the ground
[RockPrecisionFixDiag]   rock 'Kerbin Zn3010000130' 'Grass00' #48 vertex 2: ground 600197.898495 m, vertex 600198.631731 m, +733.236 mm above the ground
[RockPrecisionFixDiag]   rock 'Kerbin Zn3010000130' 'Grass00' #48 vertex 3: ground 600197.819788 m, vertex 600198.631561 m, +811.773 mm above the ground
[RockPrecisionFixDiag]   rock 'Kerbin Zn3010000130' 'Grass00' #48 vertex 4: ground 600197.898431 m, vertex 600196.892401 m, -1006.029 mm above the ground
[RockPrecisionFixDiag]   rock 'Kerbin Zn3010000130' 'Grass00' #48 vertex 5: ground 600197.819702 m, vertex 600196.892231 m, -927.470 mm above the ground
[RockPrecisionFixDiag]   rock 'Kerbin Zn3010000130' 'Grass00' #48 vertex 6: ground 600197.898495 m, vertex 600198.631731 m, +733.236 mm above the ground
[RockPrecisionFixDiag]   rock 'Kerbin Zn3010000130' 'Grass00' #48 vertex 7: ground 600197.819788 m, vertex 600198.631561 m, +811.773 mm above the ground
[RockPrecisionFixDiag]   rock 'Kerbin Zn3010000130' 'Grass00' #49 vertex 0: ground 600202.549468 m, vertex 600202.260665 m, -288.803 mm above the ground
[RockPrecisionFixDiag]   rock 'Kerbin Zn3010000130' 'Grass00' #49 vertex 1: ground 600202.629606 m, vertex 600202.261877 m, -367.729 mm above the ground
[RockPrecisionFixDiag]   rock 'Kerbin Zn3010000130' 'Grass00' #49 vertex 2: ground 600202.549435 m, vertex 600203.405942 m, +856.508 mm above the ground
[RockPrecisionFixDiag]   rock 'Kerbin Zn3010000130' 'Grass00' #49 vertex 3: ground 600202.629511 m, vertex 600203.407154 m, +777.644 mm above the ground
[RockPrecisionFixDiag]   rock 'Kerbin Zn3010000130' 'Grass00' #49 vertex 4: ground 600202.549468 m, vertex 600202.260665 m, -288.803 mm above the ground
[RockPrecisionFixDiag]   rock 'Kerbin Zn3010000130' 'Grass00' #49 vertex 5: ground 600202.629606 m, vertex 600202.261877 m, -367.729 mm above the ground
[RockPrecisionFixDiag]   rock 'Kerbin Zn3010000130' 'Grass00' #49 vertex 6: ground 600202.549435 m, vertex 600203.405942 m, +856.508 mm above the ground
[RockPrecisionFixDiag]   rock 'Kerbin Zn3010000130' 'Grass00' #49 vertex 7: ground 600202.629511 m, vertex 600203.407154 m, +777.644 mm above the ground
[RockPrecisionFixDiag]   rock 'Kerbin Zn3010000130' 'Grass00' #50 vertex 0: ground 600204.937918 m, vertex 600202.850592 m, -2087.326 mm above the ground
[RockPrecisionFixDiag]   rock 'Kerbin Zn3010000130' 'Grass00' #50 vertex 1: ground 600204.901226 m, vertex 600202.850978 m, -2050.248 mm above the ground
[RockPrecisionFixDiag]   rock 'Kerbin Zn3010000130' 'Grass00' #50 vertex 2: ground 600204.937948 m, vertex 600204.118156 m, -819.793 mm above the ground
[RockPrecisionFixDiag]   rock 'Kerbin Zn3010000130' 'Grass00' #50 vertex 3: ground 600204.901254 m, vertex 600204.118541 m, -782.713 mm above the ground
[RockPrecisionFixDiag]   rock 'Kerbin Zn3010000130' 'Grass00' #50 vertex 4: ground 600204.937918 m, vertex 600202.850592 m, -2087.326 mm above the ground
[RockPrecisionFixDiag]   rock 'Kerbin Zn3010000130' 'Grass00' #50 vertex 5: ground 600204.901226 m, vertex 600202.850978 m, -2050.248 mm above the ground
[RockPrecisionFixDiag]   rock 'Kerbin Zn3010000130' 'Grass00' #50 vertex 6: ground 600204.937948 m, vertex 600204.118156 m, -819.793 mm above the ground
[RockPrecisionFixDiag]   rock 'Kerbin Zn3010000130' 'Grass00' #50 vertex 7: ground 600204.901254 m, vertex 600204.118541 m, -782.713 mm above the ground
[RockPrecisionFixDiag]   rock 'Kerbin Zn3010000130' 'Grass00' #51 vertex 0: ground 600206.956941 m, vertex 600206.667510 m, -289.431 mm above the ground
[RockPrecisionFixDiag]   rock 'Kerbin Zn3010000130' 'Grass00' #51 vertex 1: ground 600206.812810 m, vertex 600206.668379 m, -144.430 mm above the ground
[RockPrecisionFixDiag]   rock 'Kerbin Zn3010000130' 'Grass00' #51 vertex 2: ground 600206.956935 m, vertex 600208.661132 m, +1704.197 mm above the ground
[RockPrecisionFixDiag]   rock 'Kerbin Zn3010000130' 'Grass00' #51 vertex 3: ground 600206.812827 m, vertex 600208.662002 m, +1849.174 mm above the ground
[RockPrecisionFixDiag]   rock 'Kerbin Zn3010000130' 'Grass00' #51 vertex 4: ground 600206.956941 m, vertex 600206.667510 m, -289.431 mm above the ground
[RockPrecisionFixDiag]   rock 'Kerbin Zn3010000130' 'Grass00' #51 vertex 5: ground 600206.812810 m, vertex 600206.668379 m, -144.430 mm above the ground
[RockPrecisionFixDiag]   rock 'Kerbin Zn3010000130' 'Grass00' #51 vertex 6: ground 600206.956935 m, vertex 600208.661132 m, +1704.197 mm above the ground
[RockPrecisionFixDiag]   rock 'Kerbin Zn3010000130' 'Grass00' #51 vertex 7: ground 600206.812827 m, vertex 600208.662002 m, +1849.174 mm above the ground
[RockPrecisionFixDiag]   rock 'Kerbin Zn3010000130' 'Grass00' #52 vertex 0: ground 600196.554973 m, vertex 600194.375437 m, -2179.536 mm above the ground
[RockPrecisionFixDiag]   rock 'Kerbin Zn3010000130' 'Grass00' #52 vertex 1: ground 600196.624954 m, vertex 600194.374255 m, -2250.699 mm above the ground
[RockPrecisionFixDiag]   rock 'Kerbin Zn3010000130' 'Grass00' #52 vertex 2: ground 600196.555044 m, vertex 600196.082849 m, -472.195 mm above the ground
[RockPrecisionFixDiag]   rock 'Kerbin Zn3010000130' 'Grass00' #52 vertex 3: ground 600196.625025 m, vertex 600196.081680 m, -543.345 mm above the ground
[RockPrecisionFixDiag]   rock 'Kerbin Zn3010000130' 'Grass00' #52 vertex 4: ground 600196.554973 m, vertex 600194.375437 m, -2179.536 mm above the ground
[RockPrecisionFixDiag]   rock 'Kerbin Zn3010000130' 'Grass00' #52 vertex 5: ground 600196.624954 m, vertex 600194.374255 m, -2250.699 mm above the ground
[RockPrecisionFixDiag]   rock 'Kerbin Zn3010000130' 'Grass00' #52 vertex 6: ground 600196.555044 m, vertex 600196.082849 m, -472.195 mm above the ground
[RockPrecisionFixDiag]   rock 'Kerbin Zn3010000130' 'Grass00' #52 vertex 7: ground 600196.625025 m, vertex 600196.081680 m, -543.345 mm above the ground
[RockPrecisionFixDiag]   rock 'Kerbin Zn3010000130' 'Grass00' #53 vertex 0: ground 600210.717209 m, vertex 600210.720024 m, +2.815 mm above the ground
[RockPrecisionFixDiag]   rock 'Kerbin Zn3010000130' 'Grass00' #53 vertex 1: ground 600210.594272 m, vertex 600210.720726 m, +126.454 mm above the ground
[RockPrecisionFixDiag]   rock 'Kerbin Zn3010000130' 'Grass00' #53 vertex 2: ground 600210.717267 m, vertex 600212.132015 m, +1414.748 mm above the ground
[RockPrecisionFixDiag]   rock 'Kerbin Zn3010000130' 'Grass00' #53 vertex 3: ground 600210.594311 m, vertex 600212.132726 m, +1538.415 mm above the ground
[RockPrecisionFixDiag]   rock 'Kerbin Zn3010000130' 'Grass00' #53 vertex 4: ground 600210.717209 m, vertex 600210.720024 m, +2.815 mm above the ground
[RockPrecisionFixDiag]   rock 'Kerbin Zn3010000130' 'Grass00' #53 vertex 5: ground 600210.594272 m, vertex 600210.720726 m, +126.454 mm above the ground
[RockPrecisionFixDiag]   rock 'Kerbin Zn3010000130' 'Grass00' #53 vertex 6: ground 600210.717267 m, vertex 600212.132015 m, +1414.748 mm above the ground
[RockPrecisionFixDiag]   rock 'Kerbin Zn3010000130' 'Grass00' #53 vertex 7: ground 600210.594311 m, vertex 600212.132726 m, +1538.415 mm above the ground
[RockPrecisionFixDiag]   rock 'Kerbin Zn3010000130' 'Grass00' #54 vertex 0: ground 600198.133089 m, vertex 600199.663761 m, +1530.672 mm above the ground
[RockPrecisionFixDiag]   rock 'Kerbin Zn3010000130' 'Grass00' #54 vertex 1: ground 600198.108356 m, vertex 600199.662891 m, +1554.535 mm above the ground
[RockPrecisionFixDiag]   rock 'Kerbin Zn3010000130' 'Grass00' #54 vertex 2: ground 600198.133053 m, vertex 600201.128053 m, +2995.000 mm above the ground
[RockPrecisionFixDiag]   rock 'Kerbin Zn3010000130' 'Grass00' #54 vertex 3: ground 600198.108343 m, vertex 600201.127174 m, +3018.831 mm above the ground
[RockPrecisionFixDiag]   rock 'Kerbin Zn3010000130' 'Grass00' #54 vertex 4: ground 600198.133089 m, vertex 600199.663761 m, +1530.672 mm above the ground
[RockPrecisionFixDiag]   rock 'Kerbin Zn3010000130' 'Grass00' #54 vertex 5: ground 600198.108356 m, vertex 600199.662891 m, +1554.535 mm above the ground
[RockPrecisionFixDiag]   rock 'Kerbin Zn3010000130' 'Grass00' #54 vertex 6: ground 600198.133053 m, vertex 600201.128053 m, +2995.000 mm above the ground
[RockPrecisionFixDiag]   rock 'Kerbin Zn3010000130' 'Grass00' #54 vertex 7: ground 600198.108343 m, vertex 600201.127174 m, +3018.831 mm above the ground
[RockPrecisionFixDiag]   rock 'Kerbin Zn3010000130' 'Grass00' #55 vertex 0: ground 600187.000558 m, vertex 600186.829955 m, -170.603 mm above the ground
[RockPrecisionFixDiag]   rock 'Kerbin Zn3010000130' 'Grass00' #55 vertex 1: ground 600186.990045 m, vertex 600186.830523 m, -159.522 mm above the ground
[RockPrecisionFixDiag]   rock 'Kerbin Zn3010000130' 'Grass00' #55 vertex 2: ground 600187.000599 m, vertex 600187.949951 m, +949.352 mm above the ground
[RockPrecisionFixDiag]   rock 'Kerbin Zn3010000130' 'Grass00' #55 vertex 3: ground 600186.990046 m, vertex 600187.950503 m, +960.457 mm above the ground
[RockPrecisionFixDiag]   rock 'Kerbin Zn3010000130' 'Grass00' #55 vertex 4: ground 600187.000558 m, vertex 600186.829955 m, -170.603 mm above the ground
[RockPrecisionFixDiag]   rock 'Kerbin Zn3010000130' 'Grass00' #55 vertex 5: ground 600186.990045 m, vertex 600186.830523 m, -159.522 mm above the ground
[RockPrecisionFixDiag]   rock 'Kerbin Zn3010000130' 'Grass00' #55 vertex 6: ground 600187.000599 m, vertex 600187.949951 m, +949.352 mm above the ground
[RockPrecisionFixDiag]   rock 'Kerbin Zn3010000130' 'Grass00' #55 vertex 7: ground 600186.990046 m, vertex 600187.950503 m, +960.457 mm above the ground
[RockPrecisionFixDiag]   rock 'Kerbin Zn3010000130' 'Grass00' #56 vertex 0: ground 600195.611198 m, vertex 600195.323273 m, -287.925 mm above the ground
[RockPrecisionFixDiag]   rock 'Kerbin Zn3010000130' 'Grass00' #56 vertex 1: ground 600195.471019 m, vertex 600195.321864 m, -149.155 mm above the ground
[RockPrecisionFixDiag]   rock 'Kerbin Zn3010000130' 'Grass00' #56 vertex 2: ground 600195.611224 m, vertex 600197.023943 m, +1412.718 mm above the ground
[RockPrecisionFixDiag]   rock 'Kerbin Zn3010000130' 'Grass00' #56 vertex 3: ground 600195.470952 m, vertex 600197.022530 m, +1551.577 mm above the ground
[RockPrecisionFixDiag]   rock 'Kerbin Zn3010000130' 'Grass00' #56 vertex 4: ground 600195.611198 m, vertex 600195.323273 m, -287.925 mm above the ground
[RockPrecisionFixDiag]   rock 'Kerbin Zn3010000130' 'Grass00' #56 vertex 5: ground 600195.471019 m, vertex 600195.321864 m, -149.155 mm above the ground
[RockPrecisionFixDiag]   rock 'Kerbin Zn3010000130' 'Grass00' #56 vertex 6: ground 600195.611224 m, vertex 600197.023943 m, +1412.718 mm above the ground
[RockPrecisionFixDiag]   rock 'Kerbin Zn3010000130' 'Grass00' #56 vertex 7: ground 600195.470952 m, vertex 600197.022530 m, +1551.577 mm above the ground
[RockPrecisionFixDiag]   rock 'Kerbin Zn3010000130' 'Grass00' #57 vertex 0: ground 600191.624708 m, vertex 600190.659874 m, -964.834 mm above the ground
[RockPrecisionFixDiag]   rock 'Kerbin Zn3010000130' 'Grass00' #57 vertex 1: ground 600191.535409 m, vertex 600190.661161 m, -874.248 mm above the ground
[RockPrecisionFixDiag]   rock 'Kerbin Zn3010000130' 'Grass00' #57 vertex 2: ground 600191.624810 m, vertex 600192.354318 m, +729.509 mm above the ground
[RockPrecisionFixDiag]   rock 'Kerbin Zn3010000130' 'Grass00' #57 vertex 3: ground 600191.535448 m, vertex 600192.355625 m, +820.177 mm above the ground
[RockPrecisionFixDiag]   rock 'Kerbin Zn3010000130' 'Grass00' #57 vertex 4: ground 600191.624708 m, vertex 600190.659874 m, -964.834 mm above the ground
[RockPrecisionFixDiag]   rock 'Kerbin Zn3010000130' 'Grass00' #57 vertex 5: ground 600191.535409 m, vertex 600190.661161 m, -874.248 mm above the ground
[RockPrecisionFixDiag]   rock 'Kerbin Zn3010000130' 'Grass00' #57 vertex 6: ground 600191.624810 m, vertex 600192.354318 m, +729.509 mm above the ground
[RockPrecisionFixDiag]   rock 'Kerbin Zn3010000130' 'Grass00' #57 vertex 7: ground 600191.535448 m, vertex 600192.355625 m, +820.177 mm above the ground
[RockPrecisionFixDiag]   rock 'Kerbin Zn3010000130' 'Grass00' #58 vertex 0: ground 600201.636571 m, vertex 600201.347193 m, -289.379 mm above the ground
[RockPrecisionFixDiag]   rock 'Kerbin Zn3010000130' 'Grass00' #58 vertex 1: ground 600201.640526 m, vertex 600201.348091 m, -292.435 mm above the ground
[RockPrecisionFixDiag]   rock 'Kerbin Zn3010000130' 'Grass00' #58 vertex 2: ground 600201.636720 m, vertex 600203.297554 m, +1660.833 mm above the ground
[RockPrecisionFixDiag]   rock 'Kerbin Zn3010000130' 'Grass00' #58 vertex 3: ground 600201.640612 m, vertex 600203.298421 m, +1657.809 mm above the ground
[RockPrecisionFixDiag]   rock 'Kerbin Zn3010000130' 'Grass00' #58 vertex 4: ground 600201.636571 m, vertex 600201.347193 m, -289.379 mm above the ground
[RockPrecisionFixDiag]   rock 'Kerbin Zn3010000130' 'Grass00' #58 vertex 5: ground 600201.640526 m, vertex 600201.348091 m, -292.435 mm above the ground
[RockPrecisionFixDiag]   rock 'Kerbin Zn3010000130' 'Grass00' #58 vertex 6: ground 600201.636720 m, vertex 600203.297554 m, +1660.833 mm above the ground
[RockPrecisionFixDiag]   rock 'Kerbin Zn3010000130' 'Grass00' #58 vertex 7: ground 600201.640612 m, vertex 600203.298421 m, +1657.809 mm above the ground
[RockPrecisionFixDiag]   rock 'Kerbin Zn3010000130' 'Grass00' #59 vertex 0: ground 600195.774696 m, vertex 600195.486765 m, -287.931 mm above the ground
[RockPrecisionFixDiag]   rock 'Kerbin Zn3010000130' 'Grass00' #59 vertex 1: ground 600195.806132 m, vertex 600195.484964 m, -321.168 mm above the ground
[RockPrecisionFixDiag]   rock 'Kerbin Zn3010000130' 'Grass00' #59 vertex 2: ground 600195.774711 m, vertex 600197.435455 m, +1660.743 mm above the ground
[RockPrecisionFixDiag]   rock 'Kerbin Zn3010000130' 'Grass00' #59 vertex 3: ground 600195.806179 m, vertex 600197.433630 m, +1627.452 mm above the ground
[RockPrecisionFixDiag]   rock 'Kerbin Zn3010000130' 'Grass00' #59 vertex 4: ground 600195.774696 m, vertex 600195.486765 m, -287.931 mm above the ground
[RockPrecisionFixDiag]   rock 'Kerbin Zn3010000130' 'Grass00' #59 vertex 5: ground 600195.806132 m, vertex 600195.484964 m, -321.168 mm above the ground
[RockPrecisionFixDiag]   rock 'Kerbin Zn3010000130' 'Grass00' #59 vertex 6: ground 600195.774711 m, vertex 600197.435455 m, +1660.743 mm above the ground
[RockPrecisionFixDiag]   rock 'Kerbin Zn3010000130' 'Grass00' #59 vertex 7: ground 600195.806179 m, vertex 600197.433630 m, +1627.452 mm above the ground
[RockPrecisionFixDiag]   rock 'Kerbin Zn3010000130' 'Grass00' #60 vertex 0: ground 600206.963227 m, vertex 600206.676473 m, -286.755 mm above the ground
[RockPrecisionFixDiag]   rock 'Kerbin Zn3010000130' 'Grass00' #60 vertex 1: ground 600206.825801 m, vertex 600206.677897 m, -147.904 mm above the ground
[RockPrecisionFixDiag]   rock 'Kerbin Zn3010000130' 'Grass00' #60 vertex 2: ground 600206.963483 m, vertex 600208.655546 m, +1692.063 mm above the ground
[RockPrecisionFixDiag]   rock 'Kerbin Zn3010000130' 'Grass00' #60 vertex 3: ground 600206.825995 m, vertex 600208.656971 m, +1830.976 mm above the ground
[RockPrecisionFixDiag]   rock 'Kerbin Zn3010000130' 'Grass00' #60 vertex 4: ground 600206.963227 m, vertex 600206.676473 m, -286.755 mm above the ground
[RockPrecisionFixDiag]   rock 'Kerbin Zn3010000130' 'Grass00' #60 vertex 5: ground 600206.825801 m, vertex 600206.677897 m, -147.904 mm above the ground
[RockPrecisionFixDiag]   rock 'Kerbin Zn3010000130' 'Grass00' #60 vertex 6: ground 600206.963483 m, vertex 600208.655546 m, +1692.063 mm above the ground
[RockPrecisionFixDiag]   rock 'Kerbin Zn3010000130' 'Grass00' #60 vertex 7: ground 600206.825995 m, vertex 600208.656971 m, +1830.976 mm above the ground
[RockPrecisionFixDiag]   rock 'Kerbin Zn3010000130' 'Grass00' #61 vertex 0: ground 600211.745692 m, vertex 600211.457190 m, -288.501 mm above the ground
[RockPrecisionFixDiag]   rock 'Kerbin Zn3010000130' 'Grass00' #61 vertex 1: ground 600211.780643 m, vertex 600211.458151 m, -322.492 mm above the ground
[RockPrecisionFixDiag]   rock 'Kerbin Zn3010000130' 'Grass00' #61 vertex 2: ground 600211.745744 m, vertex 600212.588957 m, +843.213 mm above the ground
[RockPrecisionFixDiag]   rock 'Kerbin Zn3010000130' 'Grass00' #61 vertex 3: ground 600211.780673 m, vertex 600212.589918 m, +809.245 mm above the ground
[RockPrecisionFixDiag]   rock 'Kerbin Zn3010000130' 'Grass00' #61 vertex 4: ground 600211.745692 m, vertex 600211.457190 m, -288.501 mm above the ground
[RockPrecisionFixDiag]   rock 'Kerbin Zn3010000130' 'Grass00' #61 vertex 5: ground 600211.780643 m, vertex 600211.458151 m, -322.492 mm above the ground
[RockPrecisionFixDiag]   rock 'Kerbin Zn3010000130' 'Grass00' #61 vertex 6: ground 600211.745744 m, vertex 600212.588957 m, +843.213 mm above the ground
[RockPrecisionFixDiag]   rock 'Kerbin Zn3010000130' 'Grass00' #61 vertex 7: ground 600211.780673 m, vertex 600212.589918 m, +809.245 mm above the ground
[RockPrecisionFixDiag]   rock 'Kerbin Zn3010000130' 'Grass00' #62 vertex 0: ground 600199.528752 m, vertex 600199.241779 m, -286.973 mm above the ground
[RockPrecisionFixDiag]   rock 'Kerbin Zn3010000130' 'Grass00' #62 vertex 1: ground 600199.588119 m, vertex 600199.241593 m, -346.526 mm above the ground
[RockPrecisionFixDiag]   rock 'Kerbin Zn3010000130' 'Grass00' #62 vertex 2: ground 600199.528705 m, vertex 600200.562688 m, +1033.983 mm above the ground
[RockPrecisionFixDiag]   rock 'Kerbin Zn3010000130' 'Grass00' #62 vertex 3: ground 600199.588062 m, vertex 600200.562501 m, +974.439 mm above the ground
[RockPrecisionFixDiag]   rock 'Kerbin Zn3010000130' 'Grass00' #62 vertex 4: ground 600199.528752 m, vertex 600199.241779 m, -286.973 mm above the ground
[RockPrecisionFixDiag]   rock 'Kerbin Zn3010000130' 'Grass00' #62 vertex 5: ground 600199.588119 m, vertex 600199.241593 m, -346.526 mm above the ground
[RockPrecisionFixDiag]   rock 'Kerbin Zn3010000130' 'Grass00' #62 vertex 6: ground 600199.528705 m, vertex 600200.562688 m, +1033.983 mm above the ground
[RockPrecisionFixDiag]   rock 'Kerbin Zn3010000130' 'Grass00' #62 vertex 7: ground 600199.588062 m, vertex 600200.562501 m, +974.439 mm above the ground
[RockPrecisionFixDiag]   rock 'Kerbin Zn3010000130' 'Grass00' #63 vertex 0: ground 600203.605767 m, vertex 600203.318391 m, -287.376 mm above the ground
[RockPrecisionFixDiag]   rock 'Kerbin Zn3010000130' 'Grass00' #63 vertex 1: ground 600203.661662 m, vertex 600203.319057 m, -342.604 mm above the ground
[RockPrecisionFixDiag]   rock 'Kerbin Zn3010000130' 'Grass00' #63 vertex 2: ground 600203.605704 m, vertex 600204.367768 m, +762.064 mm above the ground
[RockPrecisionFixDiag]   rock 'Kerbin Zn3010000130' 'Grass00' #63 vertex 3: ground 600203.661581 m, vertex 600204.368446 m, +706.865 mm above the ground
[RockPrecisionFixDiag]   rock 'Kerbin Zn3010000130' 'Grass00' #63 vertex 4: ground 600203.605767 m, vertex 600203.318391 m, -287.376 mm above the ground
[RockPrecisionFixDiag]   rock 'Kerbin Zn3010000130' 'Grass00' #63 vertex 5: ground 600203.661662 m, vertex 600203.319057 m, -342.604 mm above the ground
[RockPrecisionFixDiag]   rock 'Kerbin Zn3010000130' 'Grass00' #63 vertex 6: ground 600203.605704 m, vertex 600204.367768 m, +762.064 mm above the ground
[RockPrecisionFixDiag]   rock 'Kerbin Zn3010000130' 'Grass00' #63 vertex 7: ground 600203.661581 m, vertex 600204.368446 m, +706.865 mm above the ground
[RockPrecisionFixDiag]   rock 'Kerbin Zn3010000130' 'Grass00' #64 vertex 0: ground 600204.334600 m, vertex 600204.046150 m, -288.450 mm above the ground
[RockPrecisionFixDiag]   rock 'Kerbin Zn3010000130' 'Grass00' #64 vertex 1: ground 600204.277462 m, vertex 600204.045122 m, -232.340 mm above the ground
[RockPrecisionFixDiag]   rock 'Kerbin Zn3010000130' 'Grass00' #64 vertex 2: ground 600204.334579 m, vertex 600205.531947 m, +1197.368 mm above the ground
[RockPrecisionFixDiag]   rock 'Kerbin Zn3010000130' 'Grass00' #64 vertex 3: ground 600204.277441 m, vertex 600205.530900 m, +1253.459 mm above the ground
[RockPrecisionFixDiag]   rock 'Kerbin Zn3010000130' 'Grass00' #64 vertex 4: ground 600204.334600 m, vertex 600204.046150 m, -288.450 mm above the ground
[RockPrecisionFixDiag]   rock 'Kerbin Zn3010000130' 'Grass00' #64 vertex 5: ground 600204.277462 m, vertex 600204.045122 m, -232.340 mm above the ground
[RockPrecisionFixDiag]   rock 'Kerbin Zn3010000130' 'Grass00' #64 vertex 6: ground 600204.334579 m, vertex 600205.531947 m, +1197.368 mm above the ground
[RockPrecisionFixDiag]   rock 'Kerbin Zn3010000130' 'Grass00' #64 vertex 7: ground 600204.277441 m, vertex 600205.530900 m, +1253.459 mm above the ground
[RockPrecisionFixDiag]   rock 'Kerbin Zn3010000130' 'Grass00' #65 vertex 0: ground 600192.273569 m, vertex 600191.984868 m, -288.700 mm above the ground
[RockPrecisionFixDiag]   rock 'Kerbin Zn3010000130' 'Grass00' #65 vertex 1: ground 600192.221683 m, vertex 600191.985209 m, -236.474 mm above the ground
[RockPrecisionFixDiag]   rock 'Kerbin Zn3010000130' 'Grass00' #65 vertex 2: ground 600192.273607 m, vertex 600193.945397 m, +1671.790 mm above the ground
[RockPrecisionFixDiag]   rock 'Kerbin Zn3010000130' 'Grass00' #65 vertex 3: ground 600192.221685 m, vertex 600193.945738 m, +1724.053 mm above the ground
[RockPrecisionFixDiag]   rock 'Kerbin Zn3010000130' 'Grass00' #65 vertex 4: ground 600192.273569 m, vertex 600191.984868 m, -288.700 mm above the ground
[RockPrecisionFixDiag]   rock 'Kerbin Zn3010000130' 'Grass00' #65 vertex 5: ground 600192.221683 m, vertex 600191.985209 m, -236.474 mm above the ground
[RockPrecisionFixDiag]   rock 'Kerbin Zn3010000130' 'Grass00' #65 vertex 6: ground 600192.273607 m, vertex 600193.945397 m, +1671.790 mm above the ground
[RockPrecisionFixDiag]   rock 'Kerbin Zn3010000130' 'Grass00' #65 vertex 7: ground 600192.221685 m, vertex 600193.945738 m, +1724.053 mm above the ground
[RockPrecisionFixDiag]   rock 'Kerbin Zn3010000130' 'Grass00' #66 vertex 0: ground 600201.819368 m, vertex 600201.530960 m, -288.407 mm above the ground
[RockPrecisionFixDiag]   rock 'Kerbin Zn3010000130' 'Grass00' #66 vertex 1: ground 600201.826312 m, vertex 600201.530086 m, -296.226 mm above the ground
[RockPrecisionFixDiag]   rock 'Kerbin Zn3010000130' 'Grass00' #66 vertex 2: ground 600201.819371 m, vertex 600202.734256 m, +914.885 mm above the ground
[RockPrecisionFixDiag]   rock 'Kerbin Zn3010000130' 'Grass00' #66 vertex 3: ground 600201.826307 m, vertex 600202.733409 m, +907.102 mm above the ground
[RockPrecisionFixDiag]   rock 'Kerbin Zn3010000130' 'Grass00' #66 vertex 4: ground 600201.819368 m, vertex 600201.530960 m, -288.407 mm above the ground
[RockPrecisionFixDiag]   rock 'Kerbin Zn3010000130' 'Grass00' #66 vertex 5: ground 600201.826312 m, vertex 600201.530086 m, -296.226 mm above the ground
[RockPrecisionFixDiag]   rock 'Kerbin Zn3010000130' 'Grass00' #66 vertex 6: ground 600201.819371 m, vertex 600202.734256 m, +914.885 mm above the ground
[RockPrecisionFixDiag]   rock 'Kerbin Zn3010000130' 'Grass00' #66 vertex 7: ground 600201.826307 m, vertex 600202.733409 m, +907.102 mm above the ground
[RockPrecisionFixDiag]   rock 'Kerbin Zn3010000130' 'Grass00' #67 vertex 0: ground 600192.918927 m, vertex 600192.971271 m, +52.344 mm above the ground
[RockPrecisionFixDiag]   rock 'Kerbin Zn3010000130' 'Grass00' #67 vertex 1: ground 600192.929309 m, vertex 600192.970321 m, +41.013 mm above the ground
[RockPrecisionFixDiag]   rock 'Kerbin Zn3010000130' 'Grass00' #67 vertex 2: ground 600192.918934 m, vertex 600193.973303 m, +1054.370 mm above the ground
[RockPrecisionFixDiag]   rock 'Kerbin Zn3010000130' 'Grass00' #67 vertex 3: ground 600192.929331 m, vertex 600193.972354 m, +1043.023 mm above the ground
[RockPrecisionFixDiag]   rock 'Kerbin Zn3010000130' 'Grass00' #67 vertex 4: ground 600192.918927 m, vertex 600192.971271 m, +52.344 mm above the ground
[RockPrecisionFixDiag]   rock 'Kerbin Zn3010000130' 'Grass00' #67 vertex 5: ground 600192.929309 m, vertex 600192.970321 m, +41.013 mm above the ground
[RockPrecisionFixDiag]   rock 'Kerbin Zn3010000130' 'Grass00' #67 vertex 6: ground 600192.918934 m, vertex 600193.973303 m, +1054.370 mm above the ground
[RockPrecisionFixDiag]   rock 'Kerbin Zn3010000130' 'Grass00' #67 vertex 7: ground 600192.929331 m, vertex 600193.972354 m, +1043.023 mm above the ground
[RockPrecisionFixDiag]   rock 'Kerbin Zn3010000130' 'Grass00' #68 vertex 0: ground 600198.191322 m, vertex 600199.199870 m, +1008.548 mm above the ground
[RockPrecisionFixDiag]   rock 'Kerbin Zn3010000130' 'Grass00' #68 vertex 1: ground 600198.140820 m, vertex 600199.199606 m, +1058.785 mm above the ground
[RockPrecisionFixDiag]   rock 'Kerbin Zn3010000130' 'Grass00' #68 vertex 2: ground 600198.191365 m, vertex 600200.846653 m, +2655.287 mm above the ground
[RockPrecisionFixDiag]   rock 'Kerbin Zn3010000130' 'Grass00' #68 vertex 3: ground 600198.140854 m, vertex 600200.846389 m, +2705.535 mm above the ground
[RockPrecisionFixDiag]   rock 'Kerbin Zn3010000130' 'Grass00' #68 vertex 4: ground 600198.191322 m, vertex 600199.199870 m, +1008.548 mm above the ground
[RockPrecisionFixDiag]   rock 'Kerbin Zn3010000130' 'Grass00' #68 vertex 5: ground 600198.140820 m, vertex 600199.199606 m, +1058.785 mm above the ground
[RockPrecisionFixDiag]   rock 'Kerbin Zn3010000130' 'Grass00' #68 vertex 6: ground 600198.191365 m, vertex 600200.846653 m, +2655.287 mm above the ground
[RockPrecisionFixDiag]   rock 'Kerbin Zn3010000130' 'Grass00' #68 vertex 7: ground 600198.140854 m, vertex 600200.846389 m, +2705.535 mm above the ground
[RockPrecisionFixDiag]   rock 'Kerbin Zn3010000130' 'Grass00' #69 vertex 0: ground 600191.873524 m, vertex 600191.585725 m, -287.799 mm above the ground
[RockPrecisionFixDiag]   rock 'Kerbin Zn3010000130' 'Grass00' #69 vertex 1: ground 600191.817167 m, vertex 600191.584858 m, -232.309 mm above the ground
[RockPrecisionFixDiag]   rock 'Kerbin Zn3010000130' 'Grass00' #69 vertex 2: ground 600191.873505 m, vertex 600193.364140 m, +1490.635 mm above the ground
[RockPrecisionFixDiag]   rock 'Kerbin Zn3010000130' 'Grass00' #69 vertex 3: ground 600191.817124 m, vertex 600193.363274 m, +1546.150 mm above the ground
[RockPrecisionFixDiag]   rock 'Kerbin Zn3010000130' 'Grass00' #69 vertex 4: ground 600191.873524 m, vertex 600191.585725 m, -287.799 mm above the ground
[RockPrecisionFixDiag]   rock 'Kerbin Zn3010000130' 'Grass00' #69 vertex 5: ground 600191.817167 m, vertex 600191.584858 m, -232.309 mm above the ground
[RockPrecisionFixDiag]   rock 'Kerbin Zn3010000130' 'Grass00' #69 vertex 6: ground 600191.873505 m, vertex 600193.364140 m, +1490.635 mm above the ground
[RockPrecisionFixDiag]   rock 'Kerbin Zn3010000130' 'Grass00' #69 vertex 7: ground 600191.817124 m, vertex 600193.363274 m, +1546.150 mm above the ground
[RockPrecisionFixDiag]   rock 'Kerbin Zn3010000130' 'Grass00' #70 vertex 0: ground 600192.389422 m, vertex 600192.239008 m, -150.413 mm above the ground
[RockPrecisionFixDiag]   rock 'Kerbin Zn3010000130' 'Grass00' #70 vertex 1: ground 600192.377964 m, vertex 600192.240371 m, -137.593 mm above the ground
[RockPrecisionFixDiag]   rock 'Kerbin Zn3010000130' 'Grass00' #70 vertex 2: ground 600192.389442 m, vertex 600194.211979 m, +1822.538 mm above the ground
[RockPrecisionFixDiag]   rock 'Kerbin Zn3010000130' 'Grass00' #70 vertex 3: ground 600192.378000 m, vertex 600194.213342 m, +1835.342 mm above the ground
[RockPrecisionFixDiag]   rock 'Kerbin Zn3010000130' 'Grass00' #70 vertex 4: ground 600192.389422 m, vertex 600192.239008 m, -150.413 mm above the ground
[RockPrecisionFixDiag]   rock 'Kerbin Zn3010000130' 'Grass00' #70 vertex 5: ground 600192.377964 m, vertex 600192.240371 m, -137.593 mm above the ground
[RockPrecisionFixDiag]   rock 'Kerbin Zn3010000130' 'Grass00' #70 vertex 6: ground 600192.389442 m, vertex 600194.211979 m, +1822.538 mm above the ground
[RockPrecisionFixDiag]   rock 'Kerbin Zn3010000130' 'Grass00' #70 vertex 7: ground 600192.378000 m, vertex 600194.213342 m, +1835.342 mm above the ground
[RockPrecisionFixDiag]   rock 'Kerbin Zn3010000130' 'Grass00' #71 vertex 0: ground 600206.100152 m, vertex 600204.284879 m, -1815.273 mm above the ground
[RockPrecisionFixDiag]   rock 'Kerbin Zn3010000130' 'Grass00' #71 vertex 1: ground 600206.070876 m, vertex 600204.285728 m, -1785.148 mm above the ground
[RockPrecisionFixDiag]   rock 'Kerbin Zn3010000130' 'Grass00' #71 vertex 2: ground 600206.100266 m, vertex 600206.063727 m, -36.538 mm above the ground
[RockPrecisionFixDiag]   rock 'Kerbin Zn3010000130' 'Grass00' #71 vertex 3: ground 600206.070969 m, vertex 600206.064576 m, -6.392 mm above the ground
[RockPrecisionFixDiag]   rock 'Kerbin Zn3010000130' 'Grass00' #71 vertex 4: ground 600206.100152 m, vertex 600204.284879 m, -1815.273 mm above the ground
[RockPrecisionFixDiag]   rock 'Kerbin Zn3010000130' 'Grass00' #71 vertex 5: ground 600206.070876 m, vertex 600204.285728 m, -1785.148 mm above the ground
[RockPrecisionFixDiag]   rock 'Kerbin Zn3010000130' 'Grass00' #71 vertex 6: ground 600206.100266 m, vertex 600206.063727 m, -36.538 mm above the ground
[RockPrecisionFixDiag]   rock 'Kerbin Zn3010000130' 'Grass00' #71 vertex 7: ground 600206.070969 m, vertex 600206.064576 m, -6.392 mm above the ground
[RockPrecisionFixDiag]   rock 'Kerbin Zn3010000130' 'Grass00' #72 vertex 0: ground 600192.981602 m, vertex 600192.693665 m, -287.936 mm above the ground
[RockPrecisionFixDiag]   rock 'Kerbin Zn3010000130' 'Grass00' #72 vertex 1: ground 600192.981189 m, vertex 600192.693318 m, -287.871 mm above the ground
[RockPrecisionFixDiag]   rock 'Kerbin Zn3010000130' 'Grass00' #72 vertex 2: ground 600192.981563 m, vertex 600193.808189 m, +826.627 mm above the ground
[RockPrecisionFixDiag]   rock 'Kerbin Zn3010000130' 'Grass00' #72 vertex 3: ground 600192.981151 m, vertex 600193.807843 m, +826.692 mm above the ground
[RockPrecisionFixDiag]   rock 'Kerbin Zn3010000130' 'Grass00' #72 vertex 4: ground 600192.981602 m, vertex 600192.693665 m, -287.936 mm above the ground
[RockPrecisionFixDiag]   rock 'Kerbin Zn3010000130' 'Grass00' #72 vertex 5: ground 600192.981189 m, vertex 600192.693318 m, -287.871 mm above the ground
[RockPrecisionFixDiag]   rock 'Kerbin Zn3010000130' 'Grass00' #72 vertex 6: ground 600192.981563 m, vertex 600193.808189 m, +826.627 mm above the ground
[RockPrecisionFixDiag]   rock 'Kerbin Zn3010000130' 'Grass00' #72 vertex 7: ground 600192.981151 m, vertex 600193.807843 m, +826.692 mm above the ground
[RockPrecisionFixDiag]   rock 'Kerbin Zn3010000130' 'Grass00' #73 vertex 0: ground 600188.557837 m, vertex 600188.478523 m, -79.313 mm above the ground
[RockPrecisionFixDiag]   rock 'Kerbin Zn3010000130' 'Grass00' #73 vertex 1: ground 600188.559427 m, vertex 600188.478726 m, -80.701 mm above the ground
[RockPrecisionFixDiag]   rock 'Kerbin Zn3010000130' 'Grass00' #73 vertex 2: ground 600188.557837 m, vertex 600189.672155 m, +1114.318 mm above the ground
[RockPrecisionFixDiag]   rock 'Kerbin Zn3010000130' 'Grass00' #73 vertex 3: ground 600188.559420 m, vertex 600189.672357 m, +1112.937 mm above the ground
[RockPrecisionFixDiag]   rock 'Kerbin Zn3010000130' 'Grass00' #73 vertex 4: ground 600188.557837 m, vertex 600188.478523 m, -79.313 mm above the ground
[RockPrecisionFixDiag]   rock 'Kerbin Zn3010000130' 'Grass00' #73 vertex 5: ground 600188.559427 m, vertex 600188.478726 m, -80.701 mm above the ground
[RockPrecisionFixDiag]   rock 'Kerbin Zn3010000130' 'Grass00' #73 vertex 6: ground 600188.557837 m, vertex 600189.672155 m, +1114.318 mm above the ground
[RockPrecisionFixDiag]   rock 'Kerbin Zn3010000130' 'Grass00' #73 vertex 7: ground 600188.559420 m, vertex 600189.672357 m, +1112.937 mm above the ground
[RockPrecisionFixDiag]   rock 'Kerbin Zn3010000130' 'Grass00' #74 vertex 0: ground 600201.692588 m, vertex 600202.855686 m, +1163.097 mm above the ground
[RockPrecisionFixDiag]   rock 'Kerbin Zn3010000130' 'Grass00' #74 vertex 1: ground 600201.693869 m, vertex 600202.854649 m, +1160.780 mm above the ground
[RockPrecisionFixDiag]   rock 'Kerbin Zn3010000130' 'Grass00' #74 vertex 2: ground 600201.692528 m, vertex 600204.603686 m, +2911.158 mm above the ground
[RockPrecisionFixDiag]   rock 'Kerbin Zn3010000130' 'Grass00' #74 vertex 3: ground 600201.693864 m, vertex 600204.602666 m, +2908.801 mm above the ground
[RockPrecisionFixDiag]   rock 'Kerbin Zn3010000130' 'Grass00' #74 vertex 4: ground 600201.692588 m, vertex 600202.855686 m, +1163.097 mm above the ground
[RockPrecisionFixDiag]   rock 'Kerbin Zn3010000130' 'Grass00' #74 vertex 5: ground 600201.693869 m, vertex 600202.854649 m, +1160.780 mm above the ground
[RockPrecisionFixDiag]   rock 'Kerbin Zn3010000130' 'Grass00' #74 vertex 6: ground 600201.692528 m, vertex 600204.603686 m, +2911.158 mm above the ground
[RockPrecisionFixDiag]   rock 'Kerbin Zn3010000130' 'Grass00' #74 vertex 7: ground 600201.693864 m, vertex 600204.602666 m, +2908.801 mm above the ground
[RockPrecisionFixDiag]   rock 'Kerbin Zn3010000130' 'Grass00' #75 vertex 0: ground 600199.622925 m, vertex 600199.334025 m, -288.900 mm above the ground
[RockPrecisionFixDiag]   rock 'Kerbin Zn3010000130' 'Grass00' #75 vertex 1: ground 600199.678094 m, vertex 600199.334697 m, -343.397 mm above the ground
[RockPrecisionFixDiag]   rock 'Kerbin Zn3010000130' 'Grass00' #75 vertex 2: ground 600199.622961 m, vertex 600201.330267 m, +1707.306 mm above the ground
[RockPrecisionFixDiag]   rock 'Kerbin Zn3010000130' 'Grass00' #75 vertex 3: ground 600199.678139 m, vertex 600201.330943 m, +1652.804 mm above the ground
[RockPrecisionFixDiag]   rock 'Kerbin Zn3010000130' 'Grass00' #75 vertex 4: ground 600199.622925 m, vertex 600199.334025 m, -288.900 mm above the ground
[RockPrecisionFixDiag]   rock 'Kerbin Zn3010000130' 'Grass00' #75 vertex 5: ground 600199.678094 m, vertex 600199.334697 m, -343.397 mm above the ground
[RockPrecisionFixDiag]   rock 'Kerbin Zn3010000130' 'Grass00' #75 vertex 6: ground 600199.622961 m, vertex 600201.330267 m, +1707.306 mm above the ground
[RockPrecisionFixDiag]   rock 'Kerbin Zn3010000130' 'Grass00' #75 vertex 7: ground 600199.678139 m, vertex 600201.330943 m, +1652.804 mm above the ground
[RockPrecisionFixDiag]   rock 'Kerbin Zn3010000130' 'Grass00' #76 vertex 0: ground 600189.387847 m, vertex 600188.458178 m, -929.669 mm above the ground
[RockPrecisionFixDiag]   rock 'Kerbin Zn3010000130' 'Grass00' #76 vertex 1: ground 600189.375368 m, vertex 600188.457745 m, -917.623 mm above the ground
[RockPrecisionFixDiag]   rock 'Kerbin Zn3010000130' 'Grass00' #76 vertex 2: ground 600189.387888 m, vertex 600190.361512 m, +973.624 mm above the ground
[RockPrecisionFixDiag]   rock 'Kerbin Zn3010000130' 'Grass00' #76 vertex 3: ground 600189.375409 m, vertex 600190.361080 m, +985.671 mm above the ground
[RockPrecisionFixDiag]   rock 'Kerbin Zn3010000130' 'Grass00' #76 vertex 4: ground 600189.387847 m, vertex 600188.458178 m, -929.669 mm above the ground
[RockPrecisionFixDiag]   rock 'Kerbin Zn3010000130' 'Grass00' #76 vertex 5: ground 600189.375368 m, vertex 600188.457745 m, -917.623 mm above the ground
[RockPrecisionFixDiag]   rock 'Kerbin Zn3010000130' 'Grass00' #76 vertex 6: ground 600189.387888 m, vertex 600190.361512 m, +973.624 mm above the ground
[RockPrecisionFixDiag]   rock 'Kerbin Zn3010000130' 'Grass00' #76 vertex 7: ground 600189.375409 m, vertex 600190.361080 m, +985.671 mm above the ground
[RockPrecisionFixDiag]   rock 'Kerbin Zn3010000130' 'Grass00' #77 vertex 0: ground 600193.967273 m, vertex 600193.679779 m, -287.494 mm above the ground
[RockPrecisionFixDiag]   rock 'Kerbin Zn3010000130' 'Grass00' #77 vertex 1: ground 600194.033298 m, vertex 600193.679251 m, -354.047 mm above the ground
[RockPrecisionFixDiag]   rock 'Kerbin Zn3010000130' 'Grass00' #77 vertex 2: ground 600193.967272 m, vertex 600195.555613 m, +1588.341 mm above the ground
[RockPrecisionFixDiag]   rock 'Kerbin Zn3010000130' 'Grass00' #77 vertex 3: ground 600194.033324 m, vertex 600195.555074 m, +1521.750 mm above the ground
[RockPrecisionFixDiag]   rock 'Kerbin Zn3010000130' 'Grass00' #77 vertex 4: ground 600193.967273 m, vertex 600193.679779 m, -287.494 mm above the ground
[RockPrecisionFixDiag]   rock 'Kerbin Zn3010000130' 'Grass00' #77 vertex 5: ground 600194.033298 m, vertex 600193.679251 m, -354.047 mm above the ground
[RockPrecisionFixDiag]   rock 'Kerbin Zn3010000130' 'Grass00' #77 vertex 6: ground 600193.967272 m, vertex 600195.555613 m, +1588.341 mm above the ground
[RockPrecisionFixDiag]   rock 'Kerbin Zn3010000130' 'Grass00' #77 vertex 7: ground 600194.033324 m, vertex 600195.555074 m, +1521.750 mm above the ground
[RockPrecisionFixDiag]   rock 'Kerbin Zn3010000130' 'Grass00' #78 vertex 0: ground 600204.082876 m, vertex 600203.795141 m, -287.736 mm above the ground
[RockPrecisionFixDiag]   rock 'Kerbin Zn3010000130' 'Grass00' #78 vertex 1: ground 600204.112245 m, vertex 600203.796030 m, -316.215 mm above the ground
[RockPrecisionFixDiag]   rock 'Kerbin Zn3010000130' 'Grass00' #78 vertex 2: ground 600204.082779 m, vertex 600205.512948 m, +1430.169 mm above the ground
[RockPrecisionFixDiag]   rock 'Kerbin Zn3010000130' 'Grass00' #78 vertex 3: ground 600204.112148 m, vertex 600205.513843 m, +1401.695 mm above the ground
[RockPrecisionFixDiag]   rock 'Kerbin Zn3010000130' 'Grass00' #78 vertex 4: ground 600204.082876 m, vertex 600203.795141 m, -287.736 mm above the ground
[RockPrecisionFixDiag]   rock 'Kerbin Zn3010000130' 'Grass00' #78 vertex 5: ground 600204.112245 m, vertex 600203.796030 m, -316.215 mm above the ground
[RockPrecisionFixDiag]   rock 'Kerbin Zn3010000130' 'Grass00' #78 vertex 6: ground 600204.082779 m, vertex 600205.512948 m, +1430.169 mm above the ground
[RockPrecisionFixDiag]   rock 'Kerbin Zn3010000130' 'Grass00' #78 vertex 7: ground 600204.112148 m, vertex 600205.513843 m, +1401.695 mm above the ground
[RockPrecisionFixDiag]   rock 'Kerbin Zn3010000130' 'Grass00' #79 vertex 0: ground 600194.955948 m, vertex 600194.668064 m, -287.885 mm above the ground
[RockPrecisionFixDiag]   rock 'Kerbin Zn3010000130' 'Grass00' #79 vertex 1: ground 600194.916329 m, vertex 600194.666682 m, -249.646 mm above the ground
[RockPrecisionFixDiag]   rock 'Kerbin Zn3010000130' 'Grass00' #79 vertex 2: ground 600194.955934 m, vertex 600196.224843 m, +1268.909 mm above the ground
[RockPrecisionFixDiag]   rock 'Kerbin Zn3010000130' 'Grass00' #79 vertex 3: ground 600194.916299 m, vertex 600196.223485 m, +1307.187 mm above the ground
[RockPrecisionFixDiag]   rock 'Kerbin Zn3010000130' 'Grass00' #79 vertex 4: ground 600194.955948 m, vertex 600194.668064 m, -287.885 mm above the ground
[RockPrecisionFixDiag]   rock 'Kerbin Zn3010000130' 'Grass00' #79 vertex 5: ground 600194.916329 m, vertex 600194.666682 m, -249.646 mm above the ground
[RockPrecisionFixDiag]   rock 'Kerbin Zn3010000130' 'Grass00' #79 vertex 6: ground 600194.955934 m, vertex 600196.224843 m, +1268.909 mm above the ground
[RockPrecisionFixDiag]   rock 'Kerbin Zn3010000130' 'Grass00' #79 vertex 7: ground 600194.916299 m, vertex 600196.223485 m, +1307.187 mm above the ground
[RockPrecisionFixDiag]   rock 'Kerbin Zn3010000130' 'Grass00' #80 vertex 0: ground 600188.914478 m, vertex 600188.463116 m, -451.362 mm above the ground
[RockPrecisionFixDiag]   rock 'Kerbin Zn3010000130' 'Grass00' #80 vertex 1: ground 600188.924100 m, vertex 600188.463766 m, -460.334 mm above the ground
[RockPrecisionFixDiag]   rock 'Kerbin Zn3010000130' 'Grass00' #80 vertex 2: ground 600188.914526 m, vertex 600189.646065 m, +731.539 mm above the ground
[RockPrecisionFixDiag]   rock 'Kerbin Zn3010000130' 'Grass00' #80 vertex 3: ground 600188.924133 m, vertex 600189.646715 m, +722.583 mm above the ground
[RockPrecisionFixDiag]   rock 'Kerbin Zn3010000130' 'Grass00' #80 vertex 4: ground 600188.914478 m, vertex 600188.463116 m, -451.362 mm above the ground
[RockPrecisionFixDiag]   rock 'Kerbin Zn3010000130' 'Grass00' #80 vertex 5: ground 600188.924100 m, vertex 600188.463766 m, -460.334 mm above the ground
[RockPrecisionFixDiag]   rock 'Kerbin Zn3010000130' 'Grass00' #80 vertex 6: ground 600188.914526 m, vertex 600189.646065 m, +731.539 mm above the ground
[RockPrecisionFixDiag]   rock 'Kerbin Zn3010000130' 'Grass00' #80 vertex 7: ground 600188.924133 m, vertex 600189.646715 m, +722.583 mm above the ground
[RockPrecisionFixDiag]   rock 'Kerbin Zn3010000130' 'Grass00' #81 vertex 0: ground 600189.858557 m, vertex 600189.797150 m, -61.406 mm above the ground
[RockPrecisionFixDiag]   rock 'Kerbin Zn3010000130' 'Grass00' #81 vertex 1: ground 600189.860281 m, vertex 600189.796855 m, -63.427 mm above the ground
[RockPrecisionFixDiag]   rock 'Kerbin Zn3010000130' 'Grass00' #81 vertex 2: ground 600189.858564 m, vertex 600191.032666 m, +1174.102 mm above the ground
[RockPrecisionFixDiag]   rock 'Kerbin Zn3010000130' 'Grass00' #81 vertex 3: ground 600189.860276 m, vertex 600191.032375 m, +1172.099 mm above the ground
[RockPrecisionFixDiag]   rock 'Kerbin Zn3010000130' 'Grass00' #81 vertex 4: ground 600189.858557 m, vertex 600189.797150 m, -61.406 mm above the ground
[RockPrecisionFixDiag]   rock 'Kerbin Zn3010000130' 'Grass00' #81 vertex 5: ground 600189.860281 m, vertex 600189.796855 m, -63.427 mm above the ground
[RockPrecisionFixDiag]   rock 'Kerbin Zn3010000130' 'Grass00' #81 vertex 6: ground 600189.858564 m, vertex 600191.032666 m, +1174.102 mm above the ground
[RockPrecisionFixDiag]   rock 'Kerbin Zn3010000130' 'Grass00' #81 vertex 7: ground 600189.860276 m, vertex 600191.032375 m, +1172.099 mm above the ground
[RockPrecisionFixDiag]   rock 'Kerbin Zn3010000130' 'Grass00' #82 vertex 0: ground 600189.036160 m, vertex 600188.764873 m, -271.286 mm above the ground
[RockPrecisionFixDiag]   rock 'Kerbin Zn3010000130' 'Grass00' #82 vertex 1: ground 600188.988496 m, vertex 600188.765318 m, -223.178 mm above the ground
[RockPrecisionFixDiag]   rock 'Kerbin Zn3010000130' 'Grass00' #82 vertex 2: ground 600189.036121 m, vertex 600189.846548 m, +810.427 mm above the ground
[RockPrecisionFixDiag]   rock 'Kerbin Zn3010000130' 'Grass00' #82 vertex 3: ground 600188.988477 m, vertex 600189.846983 m, +858.506 mm above the ground
[RockPrecisionFixDiag]   rock 'Kerbin Zn3010000130' 'Grass00' #82 vertex 4: ground 600189.036160 m, vertex 600188.764873 m, -271.286 mm above the ground
[RockPrecisionFixDiag]   rock 'Kerbin Zn3010000130' 'Grass00' #82 vertex 5: ground 600188.988496 m, vertex 600188.765318 m, -223.178 mm above the ground
[RockPrecisionFixDiag]   rock 'Kerbin Zn3010000130' 'Grass00' #82 vertex 6: ground 600189.036121 m, vertex 600189.846548 m, +810.427 mm above the ground
[RockPrecisionFixDiag]   rock 'Kerbin Zn3010000130' 'Grass00' #82 vertex 7: ground 600188.988477 m, vertex 600189.846983 m, +858.506 mm above the ground
[RockPrecisionFixDiag]   rock 'Kerbin Zn3010000130' 'Grass00' #83 vertex 0: ground 600213.442776 m, vertex 600213.152678 m, -290.098 mm above the ground
[RockPrecisionFixDiag]   rock 'Kerbin Zn3010000130' 'Grass00' #83 vertex 1: ground 600213.372528 m, vertex 600213.153213 m, -219.315 mm above the ground
[RockPrecisionFixDiag]   rock 'Kerbin Zn3010000130' 'Grass00' #83 vertex 2: ground 600213.442781 m, vertex 600214.310037 m, +867.256 mm above the ground
[RockPrecisionFixDiag]   rock 'Kerbin Zn3010000130' 'Grass00' #83 vertex 3: ground 600213.372467 m, vertex 600214.310568 m, +938.101 mm above the ground
[RockPrecisionFixDiag]   rock 'Kerbin Zn3010000130' 'Grass00' #83 vertex 4: ground 600213.442776 m, vertex 600213.152678 m, -290.098 mm above the ground
[RockPrecisionFixDiag]   rock 'Kerbin Zn3010000130' 'Grass00' #83 vertex 5: ground 600213.372528 m, vertex 600213.153213 m, -219.315 mm above the ground
[RockPrecisionFixDiag]   rock 'Kerbin Zn3010000130' 'Grass00' #83 vertex 6: ground 600213.442781 m, vertex 600214.310037 m, +867.256 mm above the ground
[RockPrecisionFixDiag]   rock 'Kerbin Zn3010000130' 'Grass00' #83 vertex 7: ground 600213.372467 m, vertex 600214.310568 m, +938.101 mm above the ground
[RockPrecisionFixDiag]   rock 'Kerbin Zn3010000130' 'Grass00' #84 vertex 0: ground 600205.913877 m, vertex 600205.627084 m, -286.792 mm above the ground
[RockPrecisionFixDiag]   rock 'Kerbin Zn3010000130' 'Grass00' #84 vertex 1: ground 600205.906603 m, vertex 600205.628200 m, -278.403 mm above the ground
[RockPrecisionFixDiag]   rock 'Kerbin Zn3010000130' 'Grass00' #84 vertex 2: ground 600205.913784 m, vertex 600207.336738 m, +1422.954 mm above the ground
[RockPrecisionFixDiag]   rock 'Kerbin Zn3010000130' 'Grass00' #84 vertex 3: ground 600205.906510 m, vertex 600207.337855 m, +1431.345 mm above the ground
[RockPrecisionFixDiag]   rock 'Kerbin Zn3010000130' 'Grass00' #84 vertex 4: ground 600205.913877 m, vertex 600205.627084 m, -286.792 mm above the ground
[RockPrecisionFixDiag]   rock 'Kerbin Zn3010000130' 'Grass00' #84 vertex 5: ground 600205.906603 m, vertex 600205.628200 m, -278.403 mm above the ground
[RockPrecisionFixDiag]   rock 'Kerbin Zn3010000130' 'Grass00' #84 vertex 6: ground 600205.913784 m, vertex 600207.336738 m, +1422.954 mm above the ground
[RockPrecisionFixDiag]   rock 'Kerbin Zn3010000130' 'Grass00' #84 vertex 7: ground 600205.906510 m, vertex 600207.337855 m, +1431.345 mm above the ground
[RockPrecisionFixDiag]   rock 'Kerbin Zn3010000130' 'Grass00' #85 vertex 0: ground 600191.605902 m, vertex 600191.075804 m, -530.098 mm above the ground
[RockPrecisionFixDiag]   rock 'Kerbin Zn3010000130' 'Grass00' #85 vertex 1: ground 600191.493231 m, vertex 600191.076335 m, -416.896 mm above the ground
[RockPrecisionFixDiag]   rock 'Kerbin Zn3010000130' 'Grass00' #85 vertex 2: ground 600191.605925 m, vertex 600192.645459 m, +1039.535 mm above the ground
[RockPrecisionFixDiag]   rock 'Kerbin Zn3010000130' 'Grass00' #85 vertex 3: ground 600191.493234 m, vertex 600192.645991 m, +1152.757 mm above the ground
[RockPrecisionFixDiag]   rock 'Kerbin Zn3010000130' 'Grass00' #85 vertex 4: ground 600191.605902 m, vertex 600191.075804 m, -530.098 mm above the ground
[RockPrecisionFixDiag]   rock 'Kerbin Zn3010000130' 'Grass00' #85 vertex 5: ground 600191.493231 m, vertex 600191.076335 m, -416.896 mm above the ground
[RockPrecisionFixDiag]   rock 'Kerbin Zn3010000130' 'Grass00' #85 vertex 6: ground 600191.605925 m, vertex 600192.645459 m, +1039.535 mm above the ground
[RockPrecisionFixDiag]   rock 'Kerbin Zn3010000130' 'Grass00' #85 vertex 7: ground 600191.493234 m, vertex 600192.645991 m, +1152.757 mm above the ground
[RockPrecisionFixDiag]   rock 'Kerbin Zn3010000130' 'Grass00' #86 vertex 0: ground 600203.238422 m, vertex 600202.948936 m, -289.485 mm above the ground
[RockPrecisionFixDiag]   rock 'Kerbin Zn3010000130' 'Grass00' #86 vertex 1: ground 600203.284137 m, vertex 600202.949289 m, -334.848 mm above the ground
[RockPrecisionFixDiag]   rock 'Kerbin Zn3010000130' 'Grass00' #86 vertex 2: ground 600203.238464 m, vertex 600204.049964 m, +811.500 mm above the ground
[RockPrecisionFixDiag]   rock 'Kerbin Zn3010000130' 'Grass00' #86 vertex 3: ground 600203.284147 m, vertex 600204.050314 m, +766.167 mm above the ground
[RockPrecisionFixDiag]   rock 'Kerbin Zn3010000130' 'Grass00' #86 vertex 4: ground 600203.238422 m, vertex 600202.948936 m, -289.485 mm above the ground
[RockPrecisionFixDiag]   rock 'Kerbin Zn3010000130' 'Grass00' #86 vertex 5: ground 600203.284137 m, vertex 600202.949289 m, -334.848 mm above the ground
[RockPrecisionFixDiag]   rock 'Kerbin Zn3010000130' 'Grass00' #86 vertex 6: ground 600203.238464 m, vertex 600204.049964 m, +811.500 mm above the ground
[RockPrecisionFixDiag]   rock 'Kerbin Zn3010000130' 'Grass00' #86 vertex 7: ground 600203.284147 m, vertex 600204.050314 m, +766.167 mm above the ground
[RockPrecisionFixDiag]   rock 'Kerbin Zn3010000130' 'Grass00' #87 vertex 0: ground 600202.238781 m, vertex 600201.950093 m, -288.688 mm above the ground
[RockPrecisionFixDiag]   rock 'Kerbin Zn3010000130' 'Grass00' #87 vertex 1: ground 600202.218601 m, vertex 600201.949130 m, -269.471 mm above the ground
[RockPrecisionFixDiag]   rock 'Kerbin Zn3010000130' 'Grass00' #87 vertex 2: ground 600202.238791 m, vertex 600203.250098 m, +1011.307 mm above the ground
[RockPrecisionFixDiag]   rock 'Kerbin Zn3010000130' 'Grass00' #87 vertex 3: ground 600202.218635 m, vertex 600203.249119 m, +1030.484 mm above the ground
[RockPrecisionFixDiag]   rock 'Kerbin Zn3010000130' 'Grass00' #87 vertex 4: ground 600202.238781 m, vertex 600201.950093 m, -288.688 mm above the ground
[RockPrecisionFixDiag]   rock 'Kerbin Zn3010000130' 'Grass00' #87 vertex 5: ground 600202.218601 m, vertex 600201.949130 m, -269.471 mm above the ground
[RockPrecisionFixDiag]   rock 'Kerbin Zn3010000130' 'Grass00' #87 vertex 6: ground 600202.238791 m, vertex 600203.250098 m, +1011.307 mm above the ground
[RockPrecisionFixDiag]   rock 'Kerbin Zn3010000130' 'Grass00' #87 vertex 7: ground 600202.218635 m, vertex 600203.249119 m, +1030.484 mm above the ground
[RockPrecisionFixDiag]   rock 'Kerbin Zn3010000130' 'Grass00' #88 vertex 0: ground 600194.933204 m, vertex 600194.646140 m, -287.064 mm above the ground
[RockPrecisionFixDiag]   rock 'Kerbin Zn3010000130' 'Grass00' #88 vertex 1: ground 600194.885823 m, vertex 600194.645494 m, -240.329 mm above the ground
[RockPrecisionFixDiag]   rock 'Kerbin Zn3010000130' 'Grass00' #88 vertex 2: ground 600194.933146 m, vertex 600195.813498 m, +880.353 mm above the ground
[RockPrecisionFixDiag]   rock 'Kerbin Zn3010000130' 'Grass00' #88 vertex 3: ground 600194.885761 m, vertex 600195.812864 m, +927.103 mm above the ground
[RockPrecisionFixDiag]   rock 'Kerbin Zn3010000130' 'Grass00' #88 vertex 4: ground 600194.933204 m, vertex 600194.646140 m, -287.064 mm above the ground
[RockPrecisionFixDiag]   rock 'Kerbin Zn3010000130' 'Grass00' #88 vertex 5: ground 600194.885823 m, vertex 600194.645494 m, -240.329 mm above the ground
[RockPrecisionFixDiag]   rock 'Kerbin Zn3010000130' 'Grass00' #88 vertex 6: ground 600194.933146 m, vertex 600195.813498 m, +880.353 mm above the ground
[RockPrecisionFixDiag]   rock 'Kerbin Zn3010000130' 'Grass00' #88 vertex 7: ground 600194.885761 m, vertex 600195.812864 m, +927.103 mm above the ground
[RockPrecisionFixDiag]   rock 'Kerbin Zn3010000130' 'Grass00' #89 vertex 0: ground 600202.025441 m, vertex 600201.737739 m, -287.702 mm above the ground
[RockPrecisionFixDiag]   rock 'Kerbin Zn3010000130' 'Grass00' #89 vertex 1: ground 600202.006061 m, vertex 600201.737443 m, -268.618 mm above the ground
[RockPrecisionFixDiag]   rock 'Kerbin Zn3010000130' 'Grass00' #89 vertex 2: ground 600202.025394 m, vertex 600203.232922 m, +1207.529 mm above the ground
[RockPrecisionFixDiag]   rock 'Kerbin Zn3010000130' 'Grass00' #89 vertex 3: ground 600202.006014 m, vertex 600203.232638 m, +1226.624 mm above the ground
[RockPrecisionFixDiag]   rock 'Kerbin Zn3010000130' 'Grass00' #89 vertex 4: ground 600202.025441 m, vertex 600201.737739 m, -287.702 mm above the ground
[RockPrecisionFixDiag]   rock 'Kerbin Zn3010000130' 'Grass00' #89 vertex 5: ground 600202.006061 m, vertex 600201.737443 m, -268.618 mm above the ground
[RockPrecisionFixDiag]   rock 'Kerbin Zn3010000130' 'Grass00' #89 vertex 6: ground 600202.025394 m, vertex 600203.232922 m, +1207.529 mm above the ground
[RockPrecisionFixDiag]   rock 'Kerbin Zn3010000130' 'Grass00' #89 vertex 7: ground 600202.006014 m, vertex 600203.232638 m, +1226.624 mm above the ground
[RockPrecisionFixDiag]   rock 'Kerbin Zn3010000130' 'Grass00' #90 vertex 0: ground 600191.367854 m, vertex 600191.079389 m, -288.465 mm above the ground
[RockPrecisionFixDiag]   rock 'Kerbin Zn3010000130' 'Grass00' #90 vertex 1: ground 600191.344304 m, vertex 600191.080124 m, -264.180 mm above the ground
[RockPrecisionFixDiag]   rock 'Kerbin Zn3010000130' 'Grass00' #90 vertex 2: ground 600191.367924 m, vertex 600192.997690 m, +1629.766 mm above the ground
[RockPrecisionFixDiag]   rock 'Kerbin Zn3010000130' 'Grass00' #90 vertex 3: ground 600191.344331 m, vertex 600192.998414 m, +1654.082 mm above the ground
[RockPrecisionFixDiag]   rock 'Kerbin Zn3010000130' 'Grass00' #90 vertex 4: ground 600191.367854 m, vertex 600191.079389 m, -288.465 mm above the ground
[RockPrecisionFixDiag]   rock 'Kerbin Zn3010000130' 'Grass00' #90 vertex 5: ground 600191.344304 m, vertex 600191.080124 m, -264.180 mm above the ground
[RockPrecisionFixDiag]   rock 'Kerbin Zn3010000130' 'Grass00' #90 vertex 6: ground 600191.367924 m, vertex 600192.997690 m, +1629.766 mm above the ground
[RockPrecisionFixDiag]   rock 'Kerbin Zn3010000130' 'Grass00' #90 vertex 7: ground 600191.344331 m, vertex 600192.998414 m, +1654.082 mm above the ground
[RockPrecisionFixDiag]   rock 'Kerbin Zn3010000130' 'Grass00' #91 vertex 0: ground 600203.963144 m, vertex 600203.551914 m, -411.230 mm above the ground
[RockPrecisionFixDiag]   rock 'Kerbin Zn3010000130' 'Grass00' #91 vertex 1: ground 600204.029861 m, vertex 600203.551368 m, -478.493 mm above the ground
[RockPrecisionFixDiag]   rock 'Kerbin Zn3010000130' 'Grass00' #91 vertex 2: ground 600203.963189 m, vertex 600204.633220 m, +670.031 mm above the ground
[RockPrecisionFixDiag]   rock 'Kerbin Zn3010000130' 'Grass00' #91 vertex 3: ground 600204.029906 m, vertex 600204.632686 m, +602.780 mm above the ground
[RockPrecisionFixDiag]   rock 'Kerbin Zn3010000130' 'Grass00' #91 vertex 4: ground 600203.963144 m, vertex 600203.551914 m, -411.230 mm above the ground
[RockPrecisionFixDiag]   rock 'Kerbin Zn3010000130' 'Grass00' #91 vertex 5: ground 600204.029861 m, vertex 600203.551368 m, -478.493 mm above the ground
[RockPrecisionFixDiag]   rock 'Kerbin Zn3010000130' 'Grass00' #91 vertex 6: ground 600203.963189 m, vertex 600204.633220 m, +670.031 mm above the ground
[RockPrecisionFixDiag]   rock 'Kerbin Zn3010000130' 'Grass00' #91 vertex 7: ground 600204.029906 m, vertex 600204.632686 m, +602.780 mm above the ground
[RockPrecisionFixDiag]   rock 'Kerbin Zn3010000130' 'Grass00' #92 vertex 0: ground 600188.731851 m, vertex 600188.442589 m, -289.261 mm above the ground
[RockPrecisionFixDiag]   rock 'Kerbin Zn3010000130' 'Grass00' #92 vertex 1: ground 600188.728950 m, vertex 600188.443143 m, -285.807 mm above the ground
[RockPrecisionFixDiag]   rock 'Kerbin Zn3010000130' 'Grass00' #92 vertex 2: ground 600188.731762 m, vertex 600189.562094 m, +830.331 mm above the ground
[RockPrecisionFixDiag]   rock 'Kerbin Zn3010000130' 'Grass00' #92 vertex 3: ground 600188.728878 m, vertex 600189.562667 m, +833.790 mm above the ground
[RockPrecisionFixDiag]   rock 'Kerbin Zn3010000130' 'Grass00' #92 vertex 4: ground 600188.731851 m, vertex 600188.442589 m, -289.261 mm above the ground
[RockPrecisionFixDiag]   rock 'Kerbin Zn3010000130' 'Grass00' #92 vertex 5: ground 600188.728950 m, vertex 600188.443143 m, -285.807 mm above the ground
[RockPrecisionFixDiag]   rock 'Kerbin Zn3010000130' 'Grass00' #92 vertex 6: ground 600188.731762 m, vertex 600189.562094 m, +830.331 mm above the ground
[RockPrecisionFixDiag]   rock 'Kerbin Zn3010000130' 'Grass00' #92 vertex 7: ground 600188.728878 m, vertex 600189.562667 m, +833.790 mm above the ground
[RockPrecisionFixDiag]   rock 'Kerbin Zn3010000130' 'Grass00' #93 vertex 0: ground 600200.965503 m, vertex 600200.677142 m, -288.361 mm above the ground
[RockPrecisionFixDiag]   rock 'Kerbin Zn3010000130' 'Grass00' #93 vertex 1: ground 600201.126803 m, vertex 600200.675814 m, -450.988 mm above the ground
[RockPrecisionFixDiag]   rock 'Kerbin Zn3010000130' 'Grass00' #93 vertex 2: ground 600200.965654 m, vertex 600202.344091 m, +1378.437 mm above the ground
[RockPrecisionFixDiag]   rock 'Kerbin Zn3010000130' 'Grass00' #93 vertex 3: ground 600201.126891 m, vertex 600202.342763 m, +1215.872 mm above the ground
[RockPrecisionFixDiag]   rock 'Kerbin Zn3010000130' 'Grass00' #93 vertex 4: ground 600200.965503 m, vertex 600200.677142 m, -288.361 mm above the ground
[RockPrecisionFixDiag]   rock 'Kerbin Zn3010000130' 'Grass00' #93 vertex 5: ground 600201.126803 m, vertex 600200.675814 m, -450.988 mm above the ground
[RockPrecisionFixDiag]   rock 'Kerbin Zn3010000130' 'Grass00' #93 vertex 6: ground 600200.965654 m, vertex 600202.344091 m, +1378.437 mm above the ground
[RockPrecisionFixDiag]   rock 'Kerbin Zn3010000130' 'Grass00' #93 vertex 7: ground 600201.126891 m, vertex 600202.342763 m, +1215.872 mm above the ground
[RockPrecisionFixDiag]   rock 'Kerbin Zn3010000130' 'Grass00' #94 vertex 0: ground 600190.419645 m, vertex 600190.132144 m, -287.501 mm above the ground
[RockPrecisionFixDiag]   rock 'Kerbin Zn3010000130' 'Grass00' #94 vertex 1: ground 600190.397668 m, vertex 600190.132218 m, -265.450 mm above the ground
[RockPrecisionFixDiag]   rock 'Kerbin Zn3010000130' 'Grass00' #94 vertex 2: ground 600190.419633 m, vertex 600191.279020 m, +859.387 mm above the ground
[RockPrecisionFixDiag]   rock 'Kerbin Zn3010000130' 'Grass00' #94 vertex 3: ground 600190.397656 m, vertex 600191.279094 m, +881.438 mm above the ground
[RockPrecisionFixDiag]   rock 'Kerbin Zn3010000130' 'Grass00' #94 vertex 4: ground 600190.419645 m, vertex 600190.132144 m, -287.501 mm above the ground
[RockPrecisionFixDiag]   rock 'Kerbin Zn3010000130' 'Grass00' #94 vertex 5: ground 600190.397668 m, vertex 600190.132218 m, -265.450 mm above the ground
[RockPrecisionFixDiag]   rock 'Kerbin Zn3010000130' 'Grass00' #94 vertex 6: ground 600190.419633 m, vertex 600191.279020 m, +859.387 mm above the ground
[RockPrecisionFixDiag]   rock 'Kerbin Zn3010000130' 'Grass00' #94 vertex 7: ground 600190.397656 m, vertex 600191.279094 m, +881.438 mm above the ground
[RockPrecisionFixDiag]   rock 'Kerbin Zn3010000130' 'Grass00' #95 vertex 0: ground 600206.609472 m, vertex 600206.322704 m, -286.769 mm above the ground
[RockPrecisionFixDiag]   rock 'Kerbin Zn3010000130' 'Grass00' #95 vertex 1: ground 600206.599596 m, vertex 600206.323772 m, -275.824 mm above the ground
[RockPrecisionFixDiag]   rock 'Kerbin Zn3010000130' 'Grass00' #95 vertex 2: ground 600206.609413 m, vertex 600207.947478 m, +1338.065 mm above the ground
[RockPrecisionFixDiag]   rock 'Kerbin Zn3010000130' 'Grass00' #95 vertex 3: ground 600206.599675 m, vertex 600207.948534 m, +1348.859 mm above the ground
[RockPrecisionFixDiag]   rock 'Kerbin Zn3010000130' 'Grass00' #95 vertex 4: ground 600206.609472 m, vertex 600206.322704 m, -286.769 mm above the ground
[RockPrecisionFixDiag]   rock 'Kerbin Zn3010000130' 'Grass00' #95 vertex 5: ground 600206.599596 m, vertex 600206.323772 m, -275.824 mm above the ground
[RockPrecisionFixDiag]   rock 'Kerbin Zn3010000130' 'Grass00' #95 vertex 6: ground 600206.609413 m, vertex 600207.947478 m, +1338.065 mm above the ground
[RockPrecisionFixDiag]   rock 'Kerbin Zn3010000130' 'Grass00' #95 vertex 7: ground 600206.599675 m, vertex 600207.948534 m, +1348.859 mm above the ground
[RockPrecisionFixDiag]   rock 'Kerbin Zn3010000130' 'Grass00' #96 vertex 0: ground 600191.319745 m, vertex 600191.031452 m, -288.293 mm above the ground
[RockPrecisionFixDiag]   rock 'Kerbin Zn3010000130' 'Grass00' #96 vertex 1: ground 600191.291821 m, vertex 600191.031152 m, -260.669 mm above the ground
[RockPrecisionFixDiag]   rock 'Kerbin Zn3010000130' 'Grass00' #96 vertex 2: ground 600191.319715 m, vertex 600192.076871 m, +757.156 mm above the ground
[RockPrecisionFixDiag]   rock 'Kerbin Zn3010000130' 'Grass00' #96 vertex 3: ground 600191.291801 m, vertex 600192.076566 m, +784.765 mm above the ground
[RockPrecisionFixDiag]   rock 'Kerbin Zn3010000130' 'Grass00' #96 vertex 4: ground 600191.319745 m, vertex 600191.031452 m, -288.293 mm above the ground
[RockPrecisionFixDiag]   rock 'Kerbin Zn3010000130' 'Grass00' #96 vertex 5: ground 600191.291821 m, vertex 600191.031152 m, -260.669 mm above the ground
[RockPrecisionFixDiag]   rock 'Kerbin Zn3010000130' 'Grass00' #96 vertex 6: ground 600191.319715 m, vertex 600192.076871 m, +757.156 mm above the ground
[RockPrecisionFixDiag]   rock 'Kerbin Zn3010000130' 'Grass00' #96 vertex 7: ground 600191.291801 m, vertex 600192.076566 m, +784.765 mm above the ground
[RockPrecisionFixDiag]   rock 'Kerbin Zn3010000130' 'Grass00' #97 vertex 0: ground 600195.540071 m, vertex 600195.252110 m, -287.961 mm above the ground
[RockPrecisionFixDiag]   rock 'Kerbin Zn3010000130' 'Grass00' #97 vertex 1: ground 600195.647165 m, vertex 600195.252111 m, -395.054 mm above the ground
[RockPrecisionFixDiag]   rock 'Kerbin Zn3010000130' 'Grass00' #97 vertex 2: ground 600195.540104 m, vertex 600197.123406 m, +1583.302 mm above the ground
[RockPrecisionFixDiag]   rock 'Kerbin Zn3010000130' 'Grass00' #97 vertex 3: ground 600195.647193 m, vertex 600197.123413 m, +1476.220 mm above the ground
[RockPrecisionFixDiag]   rock 'Kerbin Zn3010000130' 'Grass00' #97 vertex 4: ground 600195.540071 m, vertex 600195.252110 m, -287.961 mm above the ground
[RockPrecisionFixDiag]   rock 'Kerbin Zn3010000130' 'Grass00' #97 vertex 5: ground 600195.647165 m, vertex 600195.252111 m, -395.054 mm above the ground
[RockPrecisionFixDiag]   rock 'Kerbin Zn3010000130' 'Grass00' #97 vertex 6: ground 600195.540104 m, vertex 600197.123406 m, +1583.302 mm above the ground
[RockPrecisionFixDiag]   rock 'Kerbin Zn3010000130' 'Grass00' #97 vertex 7: ground 600195.647193 m, vertex 600197.123413 m, +1476.220 mm above the ground
[RockPrecisionFixDiag]   rock 'Kerbin Zn3010000130' 'Grass00' #98 vertex 0: ground 600186.429204 m, vertex 600186.217010 m, -212.194 mm above the ground
[RockPrecisionFixDiag]   rock 'Kerbin Zn3010000130' 'Grass00' #98 vertex 1: ground 600186.429094 m, vertex 600186.218201 m, -210.893 mm above the ground
[RockPrecisionFixDiag]   rock 'Kerbin Zn3010000130' 'Grass00' #98 vertex 2: ground 600186.429237 m, vertex 600187.911279 m, +1482.042 mm above the ground
[RockPrecisionFixDiag]   rock 'Kerbin Zn3010000130' 'Grass00' #98 vertex 3: ground 600186.429111 m, vertex 600187.912513 m, +1483.402 mm above the ground
[RockPrecisionFixDiag]   rock 'Kerbin Zn3010000130' 'Grass00' #98 vertex 4: ground 600186.429204 m, vertex 600186.217010 m, -212.194 mm above the ground
[RockPrecisionFixDiag]   rock 'Kerbin Zn3010000130' 'Grass00' #98 vertex 5: ground 600186.429094 m, vertex 600186.218201 m, -210.893 mm above the ground
[RockPrecisionFixDiag]   rock 'Kerbin Zn3010000130' 'Grass00' #98 vertex 6: ground 600186.429237 m, vertex 600187.911279 m, +1482.042 mm above the ground
[RockPrecisionFixDiag]   rock 'Kerbin Zn3010000130' 'Grass00' #98 vertex 7: ground 600186.429111 m, vertex 600187.912513 m, +1483.402 mm above the ground
[RockPrecisionFixDiag]   rock 'Kerbin Zn3010000130' 'Grass00' #99 vertex 0: ground 600199.970600 m, vertex 600199.681928 m, -288.672 mm above the ground
[RockPrecisionFixDiag]   rock 'Kerbin Zn3010000130' 'Grass00' #99 vertex 1: ground 600200.031327 m, vertex 600199.682204 m, -349.123 mm above the ground
[RockPrecisionFixDiag]   rock 'Kerbin Zn3010000130' 'Grass00' #99 vertex 2: ground 600199.970591 m, vertex 600200.920813 m, +950.223 mm above the ground
[RockPrecisionFixDiag]   rock 'Kerbin Zn3010000130' 'Grass00' #99 vertex 3: ground 600200.031314 m, vertex 600200.921090 m, +889.776 mm above the ground
[RockPrecisionFixDiag]   rock 'Kerbin Zn3010000130' 'Grass00' #99 vertex 4: ground 600199.970600 m, vertex 600199.681928 m, -288.672 mm above the ground
[RockPrecisionFixDiag]   rock 'Kerbin Zn3010000130' 'Grass00' #99 vertex 5: ground 600200.031327 m, vertex 600199.682204 m, -349.123 mm above the ground
[RockPrecisionFixDiag]   rock 'Kerbin Zn3010000130' 'Grass00' #99 vertex 6: ground 600199.970591 m, vertex 600200.920813 m, +950.223 mm above the ground
[RockPrecisionFixDiag]   rock 'Kerbin Zn3010000130' 'Grass00' #99 vertex 7: ground 600200.031314 m, vertex 600200.921090 m, +889.776 mm above the ground
[RockPrecisionFixDiag]   rock 'Kerbin Zn3010000130' 'Grass00' #100 vertex 0: ground 600204.350834 m, vertex 600204.063388 m, -287.446 mm above the ground
[RockPrecisionFixDiag]   rock 'Kerbin Zn3010000130' 'Grass00' #100 vertex 1: ground 600204.297209 m, vertex 600204.062486 m, -234.723 mm above the ground
[RockPrecisionFixDiag]   rock 'Kerbin Zn3010000130' 'Grass00' #100 vertex 2: ground 600204.350787 m, vertex 600205.707340 m, +1356.553 mm above the ground
[RockPrecisionFixDiag]   rock 'Kerbin Zn3010000130' 'Grass00' #100 vertex 3: ground 600204.297131 m, vertex 600205.706461 m, +1409.330 mm above the ground
[RockPrecisionFixDiag]   rock 'Kerbin Zn3010000130' 'Grass00' #100 vertex 4: ground 600204.350834 m, vertex 600204.063388 m, -287.446 mm above the ground
[RockPrecisionFixDiag]   rock 'Kerbin Zn3010000130' 'Grass00' #100 vertex 5: ground 600204.297209 m, vertex 600204.062486 m, -234.723 mm above the ground
[RockPrecisionFixDiag]   rock 'Kerbin Zn3010000130' 'Grass00' #100 vertex 6: ground 600204.350787 m, vertex 600205.707340 m, +1356.553 mm above the ground
[RockPrecisionFixDiag]   rock 'Kerbin Zn3010000130' 'Grass00' #100 vertex 7: ground 600204.297131 m, vertex 600205.706461 m, +1409.330 mm above the ground
[RockPrecisionFixDiag]   rock 'Kerbin Zn3010000130' 'Grass00' #101 vertex 0: ground 600186.810976 m, vertex 600186.522104 m, -288.872 mm above the ground
[RockPrecisionFixDiag]   rock 'Kerbin Zn3010000130' 'Grass00' #101 vertex 1: ground 600186.798258 m, vertex 600186.521982 m, -276.276 mm above the ground
[RockPrecisionFixDiag]   rock 'Kerbin Zn3010000130' 'Grass00' #101 vertex 2: ground 600186.810994 m, vertex 600188.506064 m, +1695.071 mm above the ground
[RockPrecisionFixDiag]   rock 'Kerbin Zn3010000130' 'Grass00' #101 vertex 3: ground 600186.798275 m, vertex 600188.505942 m, +1707.666 mm above the ground
[RockPrecisionFixDiag]   rock 'Kerbin Zn3010000130' 'Grass00' #101 vertex 4: ground 600186.810976 m, vertex 600186.522104 m, -288.872 mm above the ground
[RockPrecisionFixDiag]   rock 'Kerbin Zn3010000130' 'Grass00' #101 vertex 5: ground 600186.798258 m, vertex 600186.521982 m, -276.276 mm above the ground
[RockPrecisionFixDiag]   rock 'Kerbin Zn3010000130' 'Grass00' #101 vertex 6: ground 600186.810994 m, vertex 600188.506064 m, +1695.071 mm above the ground
[RockPrecisionFixDiag]   rock 'Kerbin Zn3010000130' 'Grass00' #101 vertex 7: ground 600186.798275 m, vertex 600188.505942 m, +1707.666 mm above the ground
[RockPrecisionFixDiag]   rock 'Kerbin Zn3010000130' 'Grass00' #102 vertex 0: ground 600203.410394 m, vertex 600203.122167 m, -288.227 mm above the ground
[RockPrecisionFixDiag]   rock 'Kerbin Zn3010000130' 'Grass00' #102 vertex 1: ground 600203.485585 m, vertex 600203.121614 m, -363.971 mm above the ground
[RockPrecisionFixDiag]   rock 'Kerbin Zn3010000130' 'Grass00' #102 vertex 2: ground 600203.410414 m, vertex 600204.407326 m, +996.912 mm above the ground
[RockPrecisionFixDiag]   rock 'Kerbin Zn3010000130' 'Grass00' #102 vertex 3: ground 600203.485604 m, vertex 600204.406781 m, +921.176 mm above the ground
[RockPrecisionFixDiag]   rock 'Kerbin Zn3010000130' 'Grass00' #102 vertex 4: ground 600203.410394 m, vertex 600203.122167 m, -288.227 mm above the ground
[RockPrecisionFixDiag]   rock 'Kerbin Zn3010000130' 'Grass00' #102 vertex 5: ground 600203.485585 m, vertex 600203.121614 m, -363.971 mm above the ground
[RockPrecisionFixDiag]   rock 'Kerbin Zn3010000130' 'Grass00' #102 vertex 6: ground 600203.410414 m, vertex 600204.407326 m, +996.912 mm above the ground
[RockPrecisionFixDiag]   rock 'Kerbin Zn3010000130' 'Grass00' #102 vertex 7: ground 600203.485604 m, vertex 600204.406781 m, +921.176 mm above the ground
[RockPrecisionFixDiag]   rock 'Kerbin Zn3010000130' 'Grass00' #103 vertex 0: ground 600197.449087 m, vertex 600197.438412 m, -10.675 mm above the ground
[RockPrecisionFixDiag]   rock 'Kerbin Zn3010000130' 'Grass00' #103 vertex 1: ground 600197.488534 m, vertex 600197.437618 m, -50.916 mm above the ground
[RockPrecisionFixDiag]   rock 'Kerbin Zn3010000130' 'Grass00' #103 vertex 2: ground 600197.449110 m, vertex 600199.295917 m, +1846.807 mm above the ground
[RockPrecisionFixDiag]   rock 'Kerbin Zn3010000130' 'Grass00' #103 vertex 3: ground 600197.488557 m, vertex 600199.295114 m, +1806.556 mm above the ground
[RockPrecisionFixDiag]   rock 'Kerbin Zn3010000130' 'Grass00' #103 vertex 4: ground 600197.449087 m, vertex 600197.438412 m, -10.675 mm above the ground
[RockPrecisionFixDiag]   rock 'Kerbin Zn3010000130' 'Grass00' #103 vertex 5: ground 600197.488534 m, vertex 600197.437618 m, -50.916 mm above the ground
[RockPrecisionFixDiag]   rock 'Kerbin Zn3010000130' 'Grass00' #103 vertex 6: ground 600197.449110 m, vertex 600199.295917 m, +1846.807 mm above the ground
[RockPrecisionFixDiag]   rock 'Kerbin Zn3010000130' 'Grass00' #103 vertex 7: ground 600197.488557 m, vertex 600199.295114 m, +1806.556 mm above the ground
[RockPrecisionFixDiag]   rock 'Kerbin Zn3010000130' 'Grass00' #104 vertex 0: ground 600205.717539 m, vertex 600205.428100 m, -289.439 mm above the ground
[RockPrecisionFixDiag]   rock 'Kerbin Zn3010000130' 'Grass00' #104 vertex 1: ground 600205.777631 m, vertex 600205.426947 m, -350.684 mm above the ground
[RockPrecisionFixDiag]   rock 'Kerbin Zn3010000130' 'Grass00' #104 vertex 2: ground 600205.717551 m, vertex 600207.233771 m, +1516.219 mm above the ground
[RockPrecisionFixDiag]   rock 'Kerbin Zn3010000130' 'Grass00' #104 vertex 3: ground 600205.777636 m, vertex 600207.232638 m, +1455.002 mm above the ground
[RockPrecisionFixDiag]   rock 'Kerbin Zn3010000130' 'Grass00' #104 vertex 4: ground 600205.717539 m, vertex 600205.428100 m, -289.439 mm above the ground
[RockPrecisionFixDiag]   rock 'Kerbin Zn3010000130' 'Grass00' #104 vertex 5: ground 600205.777631 m, vertex 600205.426947 m, -350.684 mm above the ground
[RockPrecisionFixDiag]   rock 'Kerbin Zn3010000130' 'Grass00' #104 vertex 6: ground 600205.717551 m, vertex 600207.233771 m, +1516.219 mm above the ground
[RockPrecisionFixDiag]   rock 'Kerbin Zn3010000130' 'Grass00' #104 vertex 7: ground 600205.777636 m, vertex 600207.232638 m, +1455.002 mm above the ground
[RockPrecisionFixDiag]   rock 'Kerbin Zn3010000130' 'Grass00' #105 vertex 0: ground 600194.698406 m, vertex 600194.494187 m, -204.219 mm above the ground
[RockPrecisionFixDiag]   rock 'Kerbin Zn3010000130' 'Grass00' #105 vertex 1: ground 600194.533807 m, vertex 600194.495881 m, -37.926 mm above the ground
[RockPrecisionFixDiag]   rock 'Kerbin Zn3010000130' 'Grass00' #105 vertex 2: ground 600194.698612 m, vertex 600196.402874 m, +1704.261 mm above the ground
[RockPrecisionFixDiag]   rock 'Kerbin Zn3010000130' 'Grass00' #105 vertex 3: ground 600194.533935 m, vertex 600196.404572 m, +1870.637 mm above the ground
[RockPrecisionFixDiag]   rock 'Kerbin Zn3010000130' 'Grass00' #105 vertex 4: ground 600194.698406 m, vertex 600194.494187 m, -204.219 mm above the ground
[RockPrecisionFixDiag]   rock 'Kerbin Zn3010000130' 'Grass00' #105 vertex 5: ground 600194.533807 m, vertex 600194.495881 m, -37.926 mm above the ground
[RockPrecisionFixDiag]   rock 'Kerbin Zn3010000130' 'Grass00' #105 vertex 6: ground 600194.698612 m, vertex 600196.402874 m, +1704.261 mm above the ground
[RockPrecisionFixDiag]   rock 'Kerbin Zn3010000130' 'Grass00' #105 vertex 7: ground 600194.533935 m, vertex 600196.404572 m, +1870.637 mm above the ground
[RockPrecisionFixDiag]   rock 'Kerbin Zn3010000130' 'Grass00' #106 vertex 0: ground 600191.352986 m, vertex 600191.808250 m, +455.264 mm above the ground
[RockPrecisionFixDiag]   rock 'Kerbin Zn3010000130' 'Grass00' #106 vertex 1: ground 600191.366582 m, vertex 600191.808601 m, +442.019 mm above the ground
[RockPrecisionFixDiag]   rock 'Kerbin Zn3010000130' 'Grass00' #106 vertex 2: ground 600191.353030 m, vertex 600192.957699 m, +1604.669 mm above the ground
[RockPrecisionFixDiag]   rock 'Kerbin Zn3010000130' 'Grass00' #106 vertex 3: ground 600191.366617 m, vertex 600192.958039 m, +1591.422 mm above the ground
[RockPrecisionFixDiag]   rock 'Kerbin Zn3010000130' 'Grass00' #106 vertex 4: ground 600191.352986 m, vertex 600191.808250 m, +455.264 mm above the ground
[RockPrecisionFixDiag]   rock 'Kerbin Zn3010000130' 'Grass00' #106 vertex 5: ground 600191.366582 m, vertex 600191.808601 m, +442.019 mm above the ground
[RockPrecisionFixDiag]   rock 'Kerbin Zn3010000130' 'Grass00' #106 vertex 6: ground 600191.353030 m, vertex 600192.957699 m, +1604.669 mm above the ground
[RockPrecisionFixDiag]   rock 'Kerbin Zn3010000130' 'Grass00' #106 vertex 7: ground 600191.366617 m, vertex 600192.958039 m, +1591.422 mm above the ground
[RockPrecisionFixDiag]   rock 'Kerbin Zn3010000130' 'Grass00' #107 vertex 0: ground 600202.398402 m, vertex 600202.110647 m, -287.755 mm above the ground
[RockPrecisionFixDiag]   rock 'Kerbin Zn3010000130' 'Grass00' #107 vertex 1: ground 600202.414182 m, vertex 600202.109445 m, -304.736 mm above the ground
[RockPrecisionFixDiag]   rock 'Kerbin Zn3010000130' 'Grass00' #107 vertex 2: ground 600202.398379 m, vertex 600203.802793 m, +1404.414 mm above the ground
[RockPrecisionFixDiag]   rock 'Kerbin Zn3010000130' 'Grass00' #107 vertex 3: ground 600202.414135 m, vertex 600203.801590 m, +1387.456 mm above the ground
[RockPrecisionFixDiag]   rock 'Kerbin Zn3010000130' 'Grass00' #107 vertex 4: ground 600202.398402 m, vertex 600202.110647 m, -287.755 mm above the ground
[RockPrecisionFixDiag]   rock 'Kerbin Zn3010000130' 'Grass00' #107 vertex 5: ground 600202.414182 m, vertex 600202.109445 m, -304.736 mm above the ground
[RockPrecisionFixDiag]   rock 'Kerbin Zn3010000130' 'Grass00' #107 vertex 6: ground 600202.398379 m, vertex 600203.802793 m, +1404.414 mm above the ground
[RockPrecisionFixDiag]   rock 'Kerbin Zn3010000130' 'Grass00' #107 vertex 7: ground 600202.414135 m, vertex 600203.801590 m, +1387.456 mm above the ground
[RockPrecisionFixDiag]   rock 'Kerbin Zn3010000130' 'Grass00' #108 vertex 0: ground 600200.318230 m, vertex 600200.029542 m, -288.688 mm above the ground
[RockPrecisionFixDiag]   rock 'Kerbin Zn3010000130' 'Grass00' #108 vertex 1: ground 600200.358655 m, vertex 600200.028783 m, -329.872 mm above the ground
[RockPrecisionFixDiag]   rock 'Kerbin Zn3010000130' 'Grass00' #108 vertex 2: ground 600200.318277 m, vertex 600201.171919 m, +853.642 mm above the ground
[RockPrecisionFixDiag]   rock 'Kerbin Zn3010000130' 'Grass00' #108 vertex 3: ground 600200.358655 m, vertex 600201.171160 m, +812.505 mm above the ground
[RockPrecisionFixDiag]   rock 'Kerbin Zn3010000130' 'Grass00' #108 vertex 4: ground 600200.318230 m, vertex 600200.029542 m, -288.688 mm above the ground
[RockPrecisionFixDiag]   rock 'Kerbin Zn3010000130' 'Grass00' #108 vertex 5: ground 600200.358655 m, vertex 600200.028783 m, -329.872 mm above the ground
[RockPrecisionFixDiag]   rock 'Kerbin Zn3010000130' 'Grass00' #108 vertex 6: ground 600200.318277 m, vertex 600201.171919 m, +853.642 mm above the ground
[RockPrecisionFixDiag]   rock 'Kerbin Zn3010000130' 'Grass00' #108 vertex 7: ground 600200.358655 m, vertex 600201.171160 m, +812.505 mm above the ground
[RockPrecisionFixDiag]   rock 'Kerbin Zn3010000130' 'Grass00' #109 vertex 0: ground 600217.215388 m, vertex 600216.927471 m, -287.917 mm above the ground
[RockPrecisionFixDiag]   rock 'Kerbin Zn3010000130' 'Grass00' #109 vertex 1: ground 600217.209523 m, vertex 600216.928282 m, -281.241 mm above the ground
[RockPrecisionFixDiag]   rock 'Kerbin Zn3010000130' 'Grass00' #109 vertex 2: ground 600217.215427 m, vertex 600218.233689 m, +1018.263 mm above the ground
[RockPrecisionFixDiag]   rock 'Kerbin Zn3010000130' 'Grass00' #109 vertex 3: ground 600217.209528 m, vertex 600218.234500 m, +1024.972 mm above the ground
[RockPrecisionFixDiag]   rock 'Kerbin Zn3010000130' 'Grass00' #109 vertex 4: ground 600217.215388 m, vertex 600216.927471 m, -287.917 mm above the ground
[RockPrecisionFixDiag]   rock 'Kerbin Zn3010000130' 'Grass00' #109 vertex 5: ground 600217.209523 m, vertex 600216.928282 m, -281.241 mm above the ground
[RockPrecisionFixDiag]   rock 'Kerbin Zn3010000130' 'Grass00' #109 vertex 6: ground 600217.215427 m, vertex 600218.233689 m, +1018.263 mm above the ground
[RockPrecisionFixDiag]   rock 'Kerbin Zn3010000130' 'Grass00' #109 vertex 7: ground 600217.209528 m, vertex 600218.234500 m, +1024.972 mm above the ground
[RockPrecisionFixDiag]   rock 'Kerbin Zn3010000130' 'Grass00' #110 vertex 0: ground 600202.917119 m, vertex 600202.629696 m, -287.423 mm above the ground
[RockPrecisionFixDiag]   rock 'Kerbin Zn3010000130' 'Grass00' #110 vertex 1: ground 600202.862892 m, vertex 600202.628844 m, -234.048 mm above the ground
[RockPrecisionFixDiag]   rock 'Kerbin Zn3010000130' 'Grass00' #110 vertex 2: ground 600202.917047 m, vertex 600204.304729 m, +1387.682 mm above the ground
[RockPrecisionFixDiag]   rock 'Kerbin Zn3010000130' 'Grass00' #110 vertex 3: ground 600202.862841 m, vertex 600204.303883 m, +1441.042 mm above the ground
[RockPrecisionFixDiag]   rock 'Kerbin Zn3010000130' 'Grass00' #110 vertex 4: ground 600202.917119 m, vertex 600202.629696 m, -287.423 mm above the ground
[RockPrecisionFixDiag]   rock 'Kerbin Zn3010000130' 'Grass00' #110 vertex 5: ground 600202.862892 m, vertex 600202.628844 m, -234.048 mm above the ground
[RockPrecisionFixDiag]   rock 'Kerbin Zn3010000130' 'Grass00' #110 vertex 6: ground 600202.917047 m, vertex 600204.304729 m, +1387.682 mm above the ground
[RockPrecisionFixDiag]   rock 'Kerbin Zn3010000130' 'Grass00' #110 vertex 7: ground 600202.862841 m, vertex 600204.303883 m, +1441.042 mm above the ground
[RockPrecisionFixDiag]   rock 'Kerbin Zn3010000130' 'Grass00' #111 vertex 0: ground 600193.169505 m, vertex 600192.880673 m, -288.832 mm above the ground
[RockPrecisionFixDiag]   rock 'Kerbin Zn3010000130' 'Grass00' #111 vertex 1: ground 600193.107304 m, vertex 600192.881017 m, -226.287 mm above the ground
[RockPrecisionFixDiag]   rock 'Kerbin Zn3010000130' 'Grass00' #111 vertex 2: ground 600193.169528 m, vertex 600194.357888 m, +1188.361 mm above the ground
[RockPrecisionFixDiag]   rock 'Kerbin Zn3010000130' 'Grass00' #111 vertex 3: ground 600193.107332 m, vertex 600194.358230 m, +1250.897 mm above the ground
[RockPrecisionFixDiag]   rock 'Kerbin Zn3010000130' 'Grass00' #111 vertex 4: ground 600193.169505 m, vertex 600192.880673 m, -288.832 mm above the ground
[RockPrecisionFixDiag]   rock 'Kerbin Zn3010000130' 'Grass00' #111 vertex 5: ground 600193.107304 m, vertex 600192.881017 m, -226.287 mm above the ground
[RockPrecisionFixDiag]   rock 'Kerbin Zn3010000130' 'Grass00' #111 vertex 6: ground 600193.169528 m, vertex 600194.357888 m, +1188.361 mm above the ground
[RockPrecisionFixDiag]   rock 'Kerbin Zn3010000130' 'Grass00' #111 vertex 7: ground 600193.107332 m, vertex 600194.358230 m, +1250.897 mm above the ground
[RockPrecisionFixDiag]   rock 'Kerbin Zn3010000130' 'Grass00' #112 vertex 0: ground 600203.164706 m, vertex 600204.154148 m, +989.442 mm above the ground
[RockPrecisionFixDiag]   rock 'Kerbin Zn3010000130' 'Grass00' #112 vertex 1: ground 600203.075547 m, vertex 600204.152688 m, +1077.140 mm above the ground
[RockPrecisionFixDiag]   rock 'Kerbin Zn3010000130' 'Grass00' #112 vertex 2: ground 600203.164672 m, vertex 600206.154067 m, +2989.395 mm above the ground
[RockPrecisionFixDiag]   rock 'Kerbin Zn3010000130' 'Grass00' #112 vertex 3: ground 600203.075482 m, vertex 600206.152630 m, +3077.148 mm above the ground
[RockPrecisionFixDiag]   rock 'Kerbin Zn3010000130' 'Grass00' #112 vertex 4: ground 600203.164706 m, vertex 600204.154148 m, +989.442 mm above the ground
[RockPrecisionFixDiag]   rock 'Kerbin Zn3010000130' 'Grass00' #112 vertex 5: ground 600203.075547 m, vertex 600204.152688 m, +1077.140 mm above the ground
[RockPrecisionFixDiag]   rock 'Kerbin Zn3010000130' 'Grass00' #112 vertex 6: ground 600203.164672 m, vertex 600206.154067 m, +2989.395 mm above the ground
[RockPrecisionFixDiag]   rock 'Kerbin Zn3010000130' 'Grass00' #112 vertex 7: ground 600203.075482 m, vertex 600206.152630 m, +3077.148 mm above the ground
[RockPrecisionFixDiag]   rock 'Kerbin Zn3010000130' 'Grass00' #113 vertex 0: ground 600204.788189 m, vertex 600204.500907 m, -287.281 mm above the ground
[RockPrecisionFixDiag]   rock 'Kerbin Zn3010000130' 'Grass00' #113 vertex 1: ground 600204.760547 m, vertex 600204.500342 m, -260.205 mm above the ground
[RockPrecisionFixDiag]   rock 'Kerbin Zn3010000130' 'Grass00' #113 vertex 2: ground 600204.788070 m, vertex 600206.454420 m, +1666.351 mm above the ground
[RockPrecisionFixDiag]   rock 'Kerbin Zn3010000130' 'Grass00' #113 vertex 3: ground 600204.760447 m, vertex 600206.453835 m, +1693.388 mm above the ground
[RockPrecisionFixDiag]   rock 'Kerbin Zn3010000130' 'Grass00' #113 vertex 4: ground 600204.788189 m, vertex 600204.500907 m, -287.281 mm above the ground
[RockPrecisionFixDiag]   rock 'Kerbin Zn3010000130' 'Grass00' #113 vertex 5: ground 600204.760547 m, vertex 600204.500342 m, -260.205 mm above the ground
[RockPrecisionFixDiag]   rock 'Kerbin Zn3010000130' 'Grass00' #113 vertex 6: ground 600204.788070 m, vertex 600206.454420 m, +1666.351 mm above the ground
[RockPrecisionFixDiag]   rock 'Kerbin Zn3010000130' 'Grass00' #113 vertex 7: ground 600204.760447 m, vertex 600206.453835 m, +1693.388 mm above the ground
[RockPrecisionFixDiag]   rock 'Kerbin Zn3010000130' 'Grass00' #114 vertex 0: ground 600191.505197 m, vertex 600191.216092 m, -289.105 mm above the ground
[RockPrecisionFixDiag]   rock 'Kerbin Zn3010000130' 'Grass00' #114 vertex 1: ground 600191.508214 m, vertex 600191.216741 m, -291.473 mm above the ground
[RockPrecisionFixDiag]   rock 'Kerbin Zn3010000130' 'Grass00' #114 vertex 2: ground 600191.505163 m, vertex 600192.362987 m, +857.825 mm above the ground
[RockPrecisionFixDiag]   rock 'Kerbin Zn3010000130' 'Grass00' #114 vertex 3: ground 600191.508172 m, vertex 600192.363660 m, +855.488 mm above the ground
[RockPrecisionFixDiag]   rock 'Kerbin Zn3010000130' 'Grass00' #114 vertex 4: ground 600191.505197 m, vertex 600191.216092 m, -289.105 mm above the ground
[RockPrecisionFixDiag]   rock 'Kerbin Zn3010000130' 'Grass00' #114 vertex 5: ground 600191.508214 m, vertex 600191.216741 m, -291.473 mm above the ground
[RockPrecisionFixDiag]   rock 'Kerbin Zn3010000130' 'Grass00' #114 vertex 6: ground 600191.505163 m, vertex 600192.362987 m, +857.825 mm above the ground
[RockPrecisionFixDiag]   rock 'Kerbin Zn3010000130' 'Grass00' #114 vertex 7: ground 600191.508172 m, vertex 600192.363660 m, +855.488 mm above the ground
[RockPrecisionFixDiag]   rock 'Kerbin Zn3010000130' 'Grass00' #115 vertex 0: ground 600189.793865 m, vertex 600189.506173 m, -287.691 mm above the ground
[RockPrecisionFixDiag]   rock 'Kerbin Zn3010000130' 'Grass00' #115 vertex 1: ground 600189.789608 m, vertex 600189.505946 m, -283.662 mm above the ground
[RockPrecisionFixDiag]   rock 'Kerbin Zn3010000130' 'Grass00' #115 vertex 2: ground 600189.793878 m, vertex 600190.536893 m, +743.014 mm above the ground
[RockPrecisionFixDiag]   rock 'Kerbin Zn3010000130' 'Grass00' #115 vertex 3: ground 600189.789605 m, vertex 600190.536670 m, +747.065 mm above the ground
[RockPrecisionFixDiag]   rock 'Kerbin Zn3010000130' 'Grass00' #115 vertex 4: ground 600189.793865 m, vertex 600189.506173 m, -287.691 mm above the ground
[RockPrecisionFixDiag]   rock 'Kerbin Zn3010000130' 'Grass00' #115 vertex 5: ground 600189.789608 m, vertex 600189.505946 m, -283.662 mm above the ground
[RockPrecisionFixDiag]   rock 'Kerbin Zn3010000130' 'Grass00' #115 vertex 6: ground 600189.793878 m, vertex 600190.536893 m, +743.014 mm above the ground
[RockPrecisionFixDiag]   rock 'Kerbin Zn3010000130' 'Grass00' #115 vertex 7: ground 600189.789605 m, vertex 600190.536670 m, +747.065 mm above the ground
[RockPrecisionFixDiag]   rock 'Kerbin Zn3010000130' 'Grass00' #116 vertex 0: ground 600205.739254 m, vertex 600205.442447 m, -296.807 mm above the ground
[RockPrecisionFixDiag]   rock 'Kerbin Zn3010000130' 'Grass00' #116 vertex 1: ground 600205.769336 m, vertex 600205.441944 m, -327.392 mm above the ground
[RockPrecisionFixDiag]   rock 'Kerbin Zn3010000130' 'Grass00' #116 vertex 2: ground 600205.739251 m, vertex 600206.519502 m, +780.251 mm above the ground
[RockPrecisionFixDiag]   rock 'Kerbin Zn3010000130' 'Grass00' #116 vertex 3: ground 600205.769357 m, vertex 600206.518999 m, +749.643 mm above the ground
[RockPrecisionFixDiag]   rock 'Kerbin Zn3010000130' 'Grass00' #116 vertex 4: ground 600205.739254 m, vertex 600205.442447 m, -296.807 mm above the ground
[RockPrecisionFixDiag]   rock 'Kerbin Zn3010000130' 'Grass00' #116 vertex 5: ground 600205.769336 m, vertex 600205.441944 m, -327.392 mm above the ground
[RockPrecisionFixDiag]   rock 'Kerbin Zn3010000130' 'Grass00' #116 vertex 6: ground 600205.739251 m, vertex 600206.519502 m, +780.251 mm above the ground
[RockPrecisionFixDiag]   rock 'Kerbin Zn3010000130' 'Grass00' #116 vertex 7: ground 600205.769357 m, vertex 600206.518999 m, +749.643 mm above the ground
[RockPrecisionFixDiag]   rock 'Kerbin Zn3010000130' 'Grass00' #117 vertex 0: ground 600202.348094 m, vertex 600202.157998 m, -190.096 mm above the ground
[RockPrecisionFixDiag]   rock 'Kerbin Zn3010000130' 'Grass00' #117 vertex 1: ground 600202.305433 m, vertex 600202.157170 m, -148.264 mm above the ground
[RockPrecisionFixDiag]   rock 'Kerbin Zn3010000130' 'Grass00' #117 vertex 2: ground 600202.348034 m, vertex 600203.265295 m, +917.261 mm above the ground
[RockPrecisionFixDiag]   rock 'Kerbin Zn3010000130' 'Grass00' #117 vertex 3: ground 600202.305435 m, vertex 600203.264467 m, +959.031 mm above the ground
[RockPrecisionFixDiag]   rock 'Kerbin Zn3010000130' 'Grass00' #117 vertex 4: ground 600202.348094 m, vertex 600202.157998 m, -190.096 mm above the ground
[RockPrecisionFixDiag]   rock 'Kerbin Zn3010000130' 'Grass00' #117 vertex 5: ground 600202.305433 m, vertex 600202.157170 m, -148.264 mm above the ground
[RockPrecisionFixDiag]   rock 'Kerbin Zn3010000130' 'Grass00' #117 vertex 6: ground 600202.348034 m, vertex 600203.265295 m, +917.261 mm above the ground
[RockPrecisionFixDiag]   rock 'Kerbin Zn3010000130' 'Grass00' #117 vertex 7: ground 600202.305435 m, vertex 600203.264467 m, +959.031 mm above the ground
[RockPrecisionFixDiag]   rock 'Kerbin Zn3010000130' 'Grass00' #118 vertex 0: ground 600205.886363 m, vertex 600206.797786 m, +911.423 mm above the ground
[RockPrecisionFixDiag]   rock 'Kerbin Zn3010000130' 'Grass00' #118 vertex 1: ground 600205.834429 m, vertex 600206.798404 m, +963.974 mm above the ground
[RockPrecisionFixDiag]   rock 'Kerbin Zn3010000130' 'Grass00' #118 vertex 2: ground 600205.886411 m, vertex 600207.815108 m, +1928.697 mm above the ground
[RockPrecisionFixDiag]   rock 'Kerbin Zn3010000130' 'Grass00' #118 vertex 3: ground 600205.834452 m, vertex 600207.815726 m, +1981.274 mm above the ground
[RockPrecisionFixDiag]   rock 'Kerbin Zn3010000130' 'Grass00' #118 vertex 4: ground 600205.886363 m, vertex 600206.797786 m, +911.423 mm above the ground
[RockPrecisionFixDiag]   rock 'Kerbin Zn3010000130' 'Grass00' #118 vertex 5: ground 600205.834429 m, vertex 600206.798404 m, +963.974 mm above the ground
[RockPrecisionFixDiag]   rock 'Kerbin Zn3010000130' 'Grass00' #118 vertex 6: ground 600205.886411 m, vertex 600207.815108 m, +1928.697 mm above the ground
[RockPrecisionFixDiag]   rock 'Kerbin Zn3010000130' 'Grass00' #118 vertex 7: ground 600205.834452 m, vertex 600207.815726 m, +1981.274 mm above the ground
[RockPrecisionFixDiag]   rock 'Kerbin Zn3010000130' 'Grass00' #119 vertex 0: ground 600195.151312 m, vertex 600194.863268 m, -288.044 mm above the ground
[RockPrecisionFixDiag]   rock 'Kerbin Zn3010000130' 'Grass00' #119 vertex 1: ground 600195.305232 m, vertex 600194.861734 m, -443.498 mm above the ground
[RockPrecisionFixDiag]   rock 'Kerbin Zn3010000130' 'Grass00' #119 vertex 2: ground 600195.151454 m, vertex 600196.502262 m, +1350.808 mm above the ground
[RockPrecisionFixDiag]   rock 'Kerbin Zn3010000130' 'Grass00' #119 vertex 3: ground 600195.305374 m, vertex 600196.500724 m, +1195.351 mm above the ground
[RockPrecisionFixDiag]   rock 'Kerbin Zn3010000130' 'Grass00' #119 vertex 4: ground 600195.151312 m, vertex 600194.863268 m, -288.044 mm above the ground
[RockPrecisionFixDiag]   rock 'Kerbin Zn3010000130' 'Grass00' #119 vertex 5: ground 600195.305232 m, vertex 600194.861734 m, -443.498 mm above the ground
[RockPrecisionFixDiag]   rock 'Kerbin Zn3010000130' 'Grass00' #119 vertex 6: ground 600195.151454 m, vertex 600196.502262 m, +1350.808 mm above the ground
[RockPrecisionFixDiag]   rock 'Kerbin Zn3010000130' 'Grass00' #119 vertex 7: ground 600195.305374 m, vertex 600196.500724 m, +1195.351 mm above the ground
[RockPrecisionFixDiag]   rock 'Kerbin Zn3010000130' 'Grass00' #120 vertex 0: ground 600203.046268 m, vertex 600202.758888 m, -287.380 mm above the ground
[RockPrecisionFixDiag]   rock 'Kerbin Zn3010000130' 'Grass00' #120 vertex 1: ground 600203.118436 m, vertex 600202.760193 m, -358.244 mm above the ground
[RockPrecisionFixDiag]   rock 'Kerbin Zn3010000130' 'Grass00' #120 vertex 2: ground 600203.046194 m, vertex 600204.685893 m, +1639.698 mm above the ground
[RockPrecisionFixDiag]   rock 'Kerbin Zn3010000130' 'Grass00' #120 vertex 3: ground 600203.118359 m, vertex 600204.687197 m, +1568.838 mm above the ground
[RockPrecisionFixDiag]   rock 'Kerbin Zn3010000130' 'Grass00' #120 vertex 4: ground 600203.046268 m, vertex 600202.758888 m, -287.380 mm above the ground
[RockPrecisionFixDiag]   rock 'Kerbin Zn3010000130' 'Grass00' #120 vertex 5: ground 600203.118436 m, vertex 600202.760193 m, -358.244 mm above the ground
[RockPrecisionFixDiag]   rock 'Kerbin Zn3010000130' 'Grass00' #120 vertex 6: ground 600203.046194 m, vertex 600204.685893 m, +1639.698 mm above the ground
[RockPrecisionFixDiag]   rock 'Kerbin Zn3010000130' 'Grass00' #120 vertex 7: ground 600203.118359 m, vertex 600204.687197 m, +1568.838 mm above the ground
[RockPrecisionFixDiag]   rock 'Kerbin Zn3010000130' 'Grass00' #121 vertex 0: ground 600200.239239 m, vertex 600199.950575 m, -288.664 mm above the ground
[RockPrecisionFixDiag]   rock 'Kerbin Zn3010000130' 'Grass00' #121 vertex 1: ground 600200.267007 m, vertex 600199.949233 m, -317.775 mm above the ground
[RockPrecisionFixDiag]   rock 'Kerbin Zn3010000130' 'Grass00' #121 vertex 2: ground 600200.239310 m, vertex 600201.911411 m, +1672.101 mm above the ground
[RockPrecisionFixDiag]   rock 'Kerbin Zn3010000130' 'Grass00' #121 vertex 3: ground 600200.267086 m, vertex 600201.910069 m, +1642.983 mm above the ground
[RockPrecisionFixDiag]   rock 'Kerbin Zn3010000130' 'Grass00' #121 vertex 4: ground 600200.239239 m, vertex 600199.950575 m, -288.664 mm above the ground
[RockPrecisionFixDiag]   rock 'Kerbin Zn3010000130' 'Grass00' #121 vertex 5: ground 600200.267007 m, vertex 600199.949233 m, -317.775 mm above the ground
[RockPrecisionFixDiag]   rock 'Kerbin Zn3010000130' 'Grass00' #121 vertex 6: ground 600200.239310 m, vertex 600201.911411 m, +1672.101 mm above the ground
[RockPrecisionFixDiag]   rock 'Kerbin Zn3010000130' 'Grass00' #121 vertex 7: ground 600200.267086 m, vertex 600201.910069 m, +1642.983 mm above the ground
[RockPrecisionFixDiag]   rock 'Kerbin Zn3010000130' 'Grass00' #122 vertex 0: ground 600189.836514 m, vertex 600189.750269 m, -86.245 mm above the ground
[RockPrecisionFixDiag]   rock 'Kerbin Zn3010000130' 'Grass00' #122 vertex 1: ground 600189.838406 m, vertex 600189.751001 m, -87.405 mm above the ground
[RockPrecisionFixDiag]   rock 'Kerbin Zn3010000130' 'Grass00' #122 vertex 2: ground 600189.836523 m, vertex 600191.601745 m, +1765.222 mm above the ground
[RockPrecisionFixDiag]   rock 'Kerbin Zn3010000130' 'Grass00' #122 vertex 3: ground 600189.838402 m, vertex 600191.602471 m, +1764.069 mm above the ground
[RockPrecisionFixDiag]   rock 'Kerbin Zn3010000130' 'Grass00' #122 vertex 4: ground 600189.836514 m, vertex 600189.750269 m, -86.245 mm above the ground
[RockPrecisionFixDiag]   rock 'Kerbin Zn3010000130' 'Grass00' #122 vertex 5: ground 600189.838406 m, vertex 600189.751001 m, -87.405 mm above the ground
[RockPrecisionFixDiag]   rock 'Kerbin Zn3010000130' 'Grass00' #122 vertex 6: ground 600189.836523 m, vertex 600191.601745 m, +1765.222 mm above the ground
[RockPrecisionFixDiag]   rock 'Kerbin Zn3010000130' 'Grass00' #122 vertex 7: ground 600189.838402 m, vertex 600191.602471 m, +1764.069 mm above the ground
[RockPrecisionFixDiag]   rock 'Kerbin Zn3010000130' 'Grass00' #123 vertex 0: ground 600204.519011 m, vertex 600204.231700 m, -287.311 mm above the ground
[RockPrecisionFixDiag]   rock 'Kerbin Zn3010000130' 'Grass00' #123 vertex 1: ground 600204.512514 m, vertex 600204.231166 m, -281.348 mm above the ground
[RockPrecisionFixDiag]   rock 'Kerbin Zn3010000130' 'Grass00' #123 vertex 2: ground 600204.518904 m, vertex 600206.081003 m, +1562.099 mm above the ground
[RockPrecisionFixDiag]   rock 'Kerbin Zn3010000130' 'Grass00' #123 vertex 3: ground 600204.512394 m, vertex 600206.080469 m, +1568.075 mm above the ground
[RockPrecisionFixDiag]   rock 'Kerbin Zn3010000130' 'Grass00' #123 vertex 4: ground 600204.519011 m, vertex 600204.231700 m, -287.311 mm above the ground
[RockPrecisionFixDiag]   rock 'Kerbin Zn3010000130' 'Grass00' #123 vertex 5: ground 600204.512514 m, vertex 600204.231166 m, -281.348 mm above the ground
[RockPrecisionFixDiag]   rock 'Kerbin Zn3010000130' 'Grass00' #123 vertex 6: ground 600204.518904 m, vertex 600206.081003 m, +1562.099 mm above the ground
[RockPrecisionFixDiag]   rock 'Kerbin Zn3010000130' 'Grass00' #123 vertex 7: ground 600204.512394 m, vertex 600206.080469 m, +1568.075 mm above the ground
[RockPrecisionFixDiag]   rock 'Kerbin Zn3010000130' 'Grass00' #124 vertex 0: ground 600195.579021 m, vertex 600195.291224 m, -287.797 mm above the ground
[RockPrecisionFixDiag]   rock 'Kerbin Zn3010000130' 'Grass00' #124 vertex 1: ground 600195.485104 m, vertex 600195.291530 m, -193.574 mm above the ground
[RockPrecisionFixDiag]   rock 'Kerbin Zn3010000130' 'Grass00' #124 vertex 2: ground 600195.579015 m, vertex 600197.093751 m, +1514.737 mm above the ground
[RockPrecisionFixDiag]   rock 'Kerbin Zn3010000130' 'Grass00' #124 vertex 3: ground 600195.485086 m, vertex 600197.094062 m, +1608.976 mm above the ground
[RockPrecisionFixDiag]   rock 'Kerbin Zn3010000130' 'Grass00' #124 vertex 4: ground 600195.579021 m, vertex 600195.291224 m, -287.797 mm above the ground
[RockPrecisionFixDiag]   rock 'Kerbin Zn3010000130' 'Grass00' #124 vertex 5: ground 600195.485104 m, vertex 600195.291530 m, -193.574 mm above the ground
[RockPrecisionFixDiag]   rock 'Kerbin Zn3010000130' 'Grass00' #124 vertex 6: ground 600195.579015 m, vertex 600197.093751 m, +1514.737 mm above the ground
[RockPrecisionFixDiag]   rock 'Kerbin Zn3010000130' 'Grass00' #124 vertex 7: ground 600195.485086 m, vertex 600197.094062 m, +1608.976 mm above the ground
[RockPrecisionFixDiag]   rock 'Kerbin Zn3010000130' 'Grass00' #125 vertex 0: ground 600193.878974 m, vertex 600193.045641 m, -833.333 mm above the ground
[RockPrecisionFixDiag]   rock 'Kerbin Zn3010000130' 'Grass00' #125 vertex 1: ground 600193.945188 m, vertex 600193.046328 m, -898.861 mm above the ground
[RockPrecisionFixDiag]   rock 'Kerbin Zn3010000130' 'Grass00' #125 vertex 2: ground 600193.878954 m, vertex 600194.285717 m, +406.763 mm above the ground
[RockPrecisionFixDiag]   rock 'Kerbin Zn3010000130' 'Grass00' #125 vertex 3: ground 600193.945185 m, vertex 600194.286427 m, +341.243 mm above the ground
[RockPrecisionFixDiag]   rock 'Kerbin Zn3010000130' 'Grass00' #125 vertex 4: ground 600193.878974 m, vertex 600193.045641 m, -833.333 mm above the ground
[RockPrecisionFixDiag]   rock 'Kerbin Zn3010000130' 'Grass00' #125 vertex 5: ground 600193.945188 m, vertex 600193.046328 m, -898.861 mm above the ground
[RockPrecisionFixDiag]   rock 'Kerbin Zn3010000130' 'Grass00' #125 vertex 6: ground 600193.878954 m, vertex 600194.285717 m, +406.763 mm above the ground
[RockPrecisionFixDiag]   rock 'Kerbin Zn3010000130' 'Grass00' #125 vertex 7: ground 600193.945185 m, vertex 600194.286427 m, +341.243 mm above the ground
[RockPrecisionFixDiag]   rock 'Kerbin Zn3010000130' 'Grass00' #126 vertex 0: ground 600192.358947 m, vertex 600192.070125 m, -288.822 mm above the ground
[RockPrecisionFixDiag]   rock 'Kerbin Zn3010000130' 'Grass00' #126 vertex 1: ground 600192.325512 m, vertex 600192.070315 m, -255.197 mm above the ground
[RockPrecisionFixDiag]   rock 'Kerbin Zn3010000130' 'Grass00' #126 vertex 2: ground 600192.358909 m, vertex 600193.689557 m, +1330.649 mm above the ground
[RockPrecisionFixDiag]   rock 'Kerbin Zn3010000130' 'Grass00' #126 vertex 3: ground 600192.325470 m, vertex 600193.689748 m, +1364.277 mm above the ground
[RockPrecisionFixDiag]   rock 'Kerbin Zn3010000130' 'Grass00' #126 vertex 4: ground 600192.358947 m, vertex 600192.070125 m, -288.822 mm above the ground
[RockPrecisionFixDiag]   rock 'Kerbin Zn3010000130' 'Grass00' #126 vertex 5: ground 600192.325512 m, vertex 600192.070315 m, -255.197 mm above the ground
[RockPrecisionFixDiag]   rock 'Kerbin Zn3010000130' 'Grass00' #126 vertex 6: ground 600192.358909 m, vertex 600193.689557 m, +1330.649 mm above the ground
[RockPrecisionFixDiag]   rock 'Kerbin Zn3010000130' 'Grass00' #126 vertex 7: ground 600192.325470 m, vertex 600193.689748 m, +1364.277 mm above the ground
[RockPrecisionFixDiag]   rock 'Kerbin Zn3010000130' 'Grass00' #127 vertex 0: ground 600203.906051 m, vertex 600203.362072 m, -543.979 mm above the ground
[RockPrecisionFixDiag]   rock 'Kerbin Zn3010000130' 'Grass00' #127 vertex 1: ground 600203.851978 m, vertex 600203.361452 m, -490.526 mm above the ground
[RockPrecisionFixDiag]   rock 'Kerbin Zn3010000130' 'Grass00' #127 vertex 2: ground 600203.906021 m, vertex 600205.224286 m, +1318.266 mm above the ground
[RockPrecisionFixDiag]   rock 'Kerbin Zn3010000130' 'Grass00' #127 vertex 3: ground 600203.851932 m, vertex 600205.223639 m, +1371.707 mm above the ground
[RockPrecisionFixDiag]   rock 'Kerbin Zn3010000130' 'Grass00' #127 vertex 4: ground 600203.906051 m, vertex 600203.362072 m, -543.979 mm above the ground
[RockPrecisionFixDiag]   rock 'Kerbin Zn3010000130' 'Grass00' #127 vertex 5: ground 600203.851978 m, vertex 600203.361452 m, -490.526 mm above the ground
[RockPrecisionFixDiag]   rock 'Kerbin Zn3010000130' 'Grass00' #127 vertex 6: ground 600203.906021 m, vertex 600205.224286 m, +1318.266 mm above the ground
[RockPrecisionFixDiag]   rock 'Kerbin Zn3010000130' 'Grass00' #127 vertex 7: ground 600203.851932 m, vertex 600205.223639 m, +1371.707 mm above the ground
[RockPrecisionFixDiag]   rock 'Kerbin Zn3010000130' 'Grass00' #128 vertex 0: ground 600195.684917 m, vertex 600195.397122 m, -287.795 mm above the ground
[RockPrecisionFixDiag]   rock 'Kerbin Zn3010000130' 'Grass00' #128 vertex 1: ground 600195.661479 m, vertex 600195.395608 m, -265.871 mm above the ground
[RockPrecisionFixDiag]   rock 'Kerbin Zn3010000130' 'Grass00' #128 vertex 2: ground 600195.684895 m, vertex 600197.294575 m, +1609.680 mm above the ground
[RockPrecisionFixDiag]   rock 'Kerbin Zn3010000130' 'Grass00' #128 vertex 3: ground 600195.661410 m, vertex 600197.293081 m, +1631.671 mm above the ground
[RockPrecisionFixDiag]   rock 'Kerbin Zn3010000130' 'Grass00' #128 vertex 4: ground 600195.684917 m, vertex 600195.397122 m, -287.795 mm above the ground
[RockPrecisionFixDiag]   rock 'Kerbin Zn3010000130' 'Grass00' #128 vertex 5: ground 600195.661479 m, vertex 600195.395608 m, -265.871 mm above the ground
[RockPrecisionFixDiag]   rock 'Kerbin Zn3010000130' 'Grass00' #128 vertex 6: ground 600195.684895 m, vertex 600197.294575 m, +1609.680 mm above the ground
[RockPrecisionFixDiag]   rock 'Kerbin Zn3010000130' 'Grass00' #128 vertex 7: ground 600195.661410 m, vertex 600197.293081 m, +1631.671 mm above the ground
[RockPrecisionFixDiag]   rock 'Kerbin Zn3010000130' 'Grass00' #129 vertex 0: ground 600197.549146 m, vertex 600197.260610 m, -288.535 mm above the ground
[RockPrecisionFixDiag]   rock 'Kerbin Zn3010000130' 'Grass00' #129 vertex 1: ground 600197.571657 m, vertex 600197.260669 m, -310.988 mm above the ground
[RockPrecisionFixDiag]   rock 'Kerbin Zn3010000130' 'Grass00' #129 vertex 2: ground 600197.549175 m, vertex 600198.846518 m, +1297.343 mm above the ground
[RockPrecisionFixDiag]   rock 'Kerbin Zn3010000130' 'Grass00' #129 vertex 3: ground 600197.571675 m, vertex 600198.846571 m, +1274.896 mm above the ground
[RockPrecisionFixDiag]   rock 'Kerbin Zn3010000130' 'Grass00' #129 vertex 4: ground 600197.549146 m, vertex 600197.260610 m, -288.535 mm above the ground
[RockPrecisionFixDiag]   rock 'Kerbin Zn3010000130' 'Grass00' #129 vertex 5: ground 600197.571657 m, vertex 600197.260669 m, -310.988 mm above the ground
[RockPrecisionFixDiag]   rock 'Kerbin Zn3010000130' 'Grass00' #129 vertex 6: ground 600197.549175 m, vertex 600198.846518 m, +1297.343 mm above the ground
[RockPrecisionFixDiag]   rock 'Kerbin Zn3010000130' 'Grass00' #129 vertex 7: ground 600197.571675 m, vertex 600198.846571 m, +1274.896 mm above the ground
[RockPrecisionFixDiag]   rock 'Kerbin Zn3010000130' 'Grass00' #130 vertex 0: ground 600204.570467 m, vertex 600204.282451 m, -288.017 mm above the ground
[RockPrecisionFixDiag]   rock 'Kerbin Zn3010000130' 'Grass00' #130 vertex 1: ground 600204.571496 m, vertex 600204.281910 m, -289.586 mm above the ground
[RockPrecisionFixDiag]   rock 'Kerbin Zn3010000130' 'Grass00' #130 vertex 2: ground 600204.570484 m, vertex 600205.776662 m, +1206.177 mm above the ground
[RockPrecisionFixDiag]   rock 'Kerbin Zn3010000130' 'Grass00' #130 vertex 3: ground 600204.571483 m, vertex 600205.776123 m, +1204.640 mm above the ground
[RockPrecisionFixDiag]   rock 'Kerbin Zn3010000130' 'Grass00' #130 vertex 4: ground 600204.570467 m, vertex 600204.282451 m, -288.017 mm above the ground
[RockPrecisionFixDiag]   rock 'Kerbin Zn3010000130' 'Grass00' #130 vertex 5: ground 600204.571496 m, vertex 600204.281910 m, -289.586 mm above the ground
[RockPrecisionFixDiag]   rock 'Kerbin Zn3010000130' 'Grass00' #130 vertex 6: ground 600204.570484 m, vertex 600205.776662 m, +1206.177 mm above the ground
[RockPrecisionFixDiag]   rock 'Kerbin Zn3010000130' 'Grass00' #130 vertex 7: ground 600204.571483 m, vertex 600205.776123 m, +1204.640 mm above the ground
[RockPrecisionFixDiag]   rock 'Kerbin Zn3010000130' 'Grass00' #131 vertex 0: ground 600188.080046 m, vertex 600187.694981 m, -385.064 mm above the ground
[RockPrecisionFixDiag]   rock 'Kerbin Zn3010000130' 'Grass00' #131 vertex 1: ground 600188.039408 m, vertex 600187.695646 m, -343.762 mm above the ground
[RockPrecisionFixDiag]   rock 'Kerbin Zn3010000130' 'Grass00' #131 vertex 2: ground 600188.080097 m, vertex 600188.902266 m, +822.168 mm above the ground
[RockPrecisionFixDiag]   rock 'Kerbin Zn3010000130' 'Grass00' #131 vertex 3: ground 600188.039459 m, vertex 600188.902922 m, +863.462 mm above the ground
[RockPrecisionFixDiag]   rock 'Kerbin Zn3010000130' 'Grass00' #131 vertex 4: ground 600188.080046 m, vertex 600187.694981 m, -385.064 mm above the ground
[RockPrecisionFixDiag]   rock 'Kerbin Zn3010000130' 'Grass00' #131 vertex 5: ground 600188.039408 m, vertex 600187.695646 m, -343.762 mm above the ground
[RockPrecisionFixDiag]   rock 'Kerbin Zn3010000130' 'Grass00' #131 vertex 6: ground 600188.080097 m, vertex 600188.902266 m, +822.168 mm above the ground
[RockPrecisionFixDiag]   rock 'Kerbin Zn3010000130' 'Grass00' #131 vertex 7: ground 600188.039459 m, vertex 600188.902922 m, +863.462 mm above the ground
[RockPrecisionFixDiag]   rock 'Kerbin Zn3010000130' 'Grass00' #132 vertex 0: ground 600193.839021 m, vertex 600193.551520 m, -287.501 mm above the ground
[RockPrecisionFixDiag]   rock 'Kerbin Zn3010000130' 'Grass00' #132 vertex 1: ground 600193.892244 m, vertex 600193.551470 m, -340.775 mm above the ground
[RockPrecisionFixDiag]   rock 'Kerbin Zn3010000130' 'Grass00' #132 vertex 2: ground 600193.839053 m, vertex 600194.838478 m, +999.425 mm above the ground
[RockPrecisionFixDiag]   rock 'Kerbin Zn3010000130' 'Grass00' #132 vertex 3: ground 600193.892277 m, vertex 600194.838428 m, +946.150 mm above the ground
[RockPrecisionFixDiag]   rock 'Kerbin Zn3010000130' 'Grass00' #132 vertex 4: ground 600193.839021 m, vertex 600193.551520 m, -287.501 mm above the ground
[RockPrecisionFixDiag]   rock 'Kerbin Zn3010000130' 'Grass00' #132 vertex 5: ground 600193.892244 m, vertex 600193.551470 m, -340.775 mm above the ground
[RockPrecisionFixDiag]   rock 'Kerbin Zn3010000130' 'Grass00' #132 vertex 6: ground 600193.839053 m, vertex 600194.838478 m, +999.425 mm above the ground
[RockPrecisionFixDiag]   rock 'Kerbin Zn3010000130' 'Grass00' #132 vertex 7: ground 600193.892277 m, vertex 600194.838428 m, +946.150 mm above the ground
[RockPrecisionFixDiag]   rock 'Kerbin Zn3010000130' 'Grass00' #133 vertex 0: ground 600195.126063 m, vertex 600194.837212 m, -288.851 mm above the ground
[RockPrecisionFixDiag]   rock 'Kerbin Zn3010000130' 'Grass00' #133 vertex 1: ground 600195.065153 m, vertex 600194.837809 m, -227.344 mm above the ground
[RockPrecisionFixDiag]   rock 'Kerbin Zn3010000130' 'Grass00' #133 vertex 2: ground 600195.126161 m, vertex 600195.962147 m, +835.986 mm above the ground
[RockPrecisionFixDiag]   rock 'Kerbin Zn3010000130' 'Grass00' #133 vertex 3: ground 600195.065165 m, vertex 600195.962745 m, +897.580 mm above the ground
[RockPrecisionFixDiag]   rock 'Kerbin Zn3010000130' 'Grass00' #133 vertex 4: ground 600195.126063 m, vertex 600194.837212 m, -288.851 mm above the ground
[RockPrecisionFixDiag]   rock 'Kerbin Zn3010000130' 'Grass00' #133 vertex 5: ground 600195.065153 m, vertex 600194.837809 m, -227.344 mm above the ground
[RockPrecisionFixDiag]   rock 'Kerbin Zn3010000130' 'Grass00' #133 vertex 6: ground 600195.126161 m, vertex 600195.962147 m, +835.986 mm above the ground
[RockPrecisionFixDiag]   rock 'Kerbin Zn3010000130' 'Grass00' #133 vertex 7: ground 600195.065165 m, vertex 600195.962745 m, +897.580 mm above the ground
[RockPrecisionFixDiag]   rock 'Kerbin Zn3010000130' 'Grass00' #134 vertex 0: ground 600196.210271 m, vertex 600195.921404 m, -288.867 mm above the ground
[RockPrecisionFixDiag]   rock 'Kerbin Zn3010000130' 'Grass00' #134 vertex 1: ground 600196.350647 m, vertex 600195.922417 m, -428.231 mm above the ground
[RockPrecisionFixDiag]   rock 'Kerbin Zn3010000130' 'Grass00' #134 vertex 2: ground 600196.210281 m, vertex 600197.712724 m, +1502.444 mm above the ground
[RockPrecisionFixDiag]   rock 'Kerbin Zn3010000130' 'Grass00' #134 vertex 3: ground 600196.350650 m, vertex 600197.713737 m, +1363.088 mm above the ground
[RockPrecisionFixDiag]   rock 'Kerbin Zn3010000130' 'Grass00' #134 vertex 4: ground 600196.210271 m, vertex 600195.921404 m, -288.867 mm above the ground
[RockPrecisionFixDiag]   rock 'Kerbin Zn3010000130' 'Grass00' #134 vertex 5: ground 600196.350647 m, vertex 600195.922417 m, -428.231 mm above the ground
[RockPrecisionFixDiag]   rock 'Kerbin Zn3010000130' 'Grass00' #134 vertex 6: ground 600196.210281 m, vertex 600197.712724 m, +1502.444 mm above the ground
[RockPrecisionFixDiag]   rock 'Kerbin Zn3010000130' 'Grass00' #134 vertex 7: ground 600196.350650 m, vertex 600197.713737 m, +1363.088 mm above the ground
[RockPrecisionFixDiag]   rock 'Kerbin Zn3010000130' 'Grass00' #135 vertex 0: ground 600186.681168 m, vertex 600186.392985 m, -288.184 mm above the ground
[RockPrecisionFixDiag]   rock 'Kerbin Zn3010000130' 'Grass00' #135 vertex 1: ground 600186.732046 m, vertex 600186.393773 m, -338.273 mm above the ground
[RockPrecisionFixDiag]   rock 'Kerbin Zn3010000130' 'Grass00' #135 vertex 2: ground 600186.681195 m, vertex 600187.861641 m, +1180.446 mm above the ground
[RockPrecisionFixDiag]   rock 'Kerbin Zn3010000130' 'Grass00' #135 vertex 3: ground 600186.732040 m, vertex 600187.862429 m, +1130.390 mm above the ground
[RockPrecisionFixDiag]   rock 'Kerbin Zn3010000130' 'Grass00' #135 vertex 4: ground 600186.681168 m, vertex 600186.392985 m, -288.184 mm above the ground
[RockPrecisionFixDiag]   rock 'Kerbin Zn3010000130' 'Grass00' #135 vertex 5: ground 600186.732046 m, vertex 600186.393773 m, -338.273 mm above the ground
[RockPrecisionFixDiag]   rock 'Kerbin Zn3010000130' 'Grass00' #135 vertex 6: ground 600186.681195 m, vertex 600187.861641 m, +1180.446 mm above the ground
[RockPrecisionFixDiag]   rock 'Kerbin Zn3010000130' 'Grass00' #135 vertex 7: ground 600186.732040 m, vertex 600187.862429 m, +1130.390 mm above the ground
[RockPrecisionFixDiag]   rock 'Kerbin Zn3010000130' 'Grass00' #136 vertex 0: ground 600195.360697 m, vertex 600195.071969 m, -288.728 mm above the ground
[RockPrecisionFixDiag]   rock 'Kerbin Zn3010000130' 'Grass00' #136 vertex 1: ground 600195.407302 m, vertex 600195.070891 m, -336.411 mm above the ground
[RockPrecisionFixDiag]   rock 'Kerbin Zn3010000130' 'Grass00' #136 vertex 2: ground 600195.360690 m, vertex 600196.215183 m, +854.493 mm above the ground
[RockPrecisionFixDiag]   rock 'Kerbin Zn3010000130' 'Grass00' #136 vertex 3: ground 600195.407349 m, vertex 600196.214090 m, +806.741 mm above the ground
[RockPrecisionFixDiag]   rock 'Kerbin Zn3010000130' 'Grass00' #136 vertex 4: ground 600195.360697 m, vertex 600195.071969 m, -288.728 mm above the ground
[RockPrecisionFixDiag]   rock 'Kerbin Zn3010000130' 'Grass00' #136 vertex 5: ground 600195.407302 m, vertex 600195.070891 m, -336.411 mm above the ground
[RockPrecisionFixDiag]   rock 'Kerbin Zn3010000130' 'Grass00' #136 vertex 6: ground 600195.360690 m, vertex 600196.215183 m, +854.493 mm above the ground
[RockPrecisionFixDiag]   rock 'Kerbin Zn3010000130' 'Grass00' #136 vertex 7: ground 600195.407349 m, vertex 600196.214090 m, +806.741 mm above the ground
[RockPrecisionFixDiag]   rock 'Kerbin Zn3010000130' 'Grass00' #137 vertex 0: ground 600190.026283 m, vertex 600189.737435 m, -288.848 mm above the ground
[RockPrecisionFixDiag]   rock 'Kerbin Zn3010000130' 'Grass00' #137 vertex 1: ground 600190.019664 m, vertex 600189.738025 m, -281.639 mm above the ground
[RockPrecisionFixDiag]   rock 'Kerbin Zn3010000130' 'Grass00' #137 vertex 2: ground 600190.026302 m, vertex 600191.232547 m, +1206.245 mm above the ground
[RockPrecisionFixDiag]   rock 'Kerbin Zn3010000130' 'Grass00' #137 vertex 3: ground 600190.019659 m, vertex 600191.233133 m, +1213.474 mm above the ground
[RockPrecisionFixDiag]   rock 'Kerbin Zn3010000130' 'Grass00' #137 vertex 4: ground 600190.026283 m, vertex 600189.737435 m, -288.848 mm above the ground
[RockPrecisionFixDiag]   rock 'Kerbin Zn3010000130' 'Grass00' #137 vertex 5: ground 600190.019664 m, vertex 600189.738025 m, -281.639 mm above the ground
[RockPrecisionFixDiag]   rock 'Kerbin Zn3010000130' 'Grass00' #137 vertex 6: ground 600190.026302 m, vertex 600191.232547 m, +1206.245 mm above the ground
[RockPrecisionFixDiag]   rock 'Kerbin Zn3010000130' 'Grass00' #137 vertex 7: ground 600190.019659 m, vertex 600191.233133 m, +1213.474 mm above the ground
[RockPrecisionFixDiag]   rock 'Kerbin Zn3010000130' 'Grass00' #138 vertex 0: ground 600199.805250 m, vertex 600199.516813 m, -288.437 mm above the ground
[RockPrecisionFixDiag]   rock 'Kerbin Zn3010000130' 'Grass00' #138 vertex 1: ground 600199.687311 m, vertex 600199.517469 m, -169.842 mm above the ground
[RockPrecisionFixDiag]   rock 'Kerbin Zn3010000130' 'Grass00' #138 vertex 2: ground 600199.805390 m, vertex 600200.668999 m, +863.608 mm above the ground
[RockPrecisionFixDiag]   rock 'Kerbin Zn3010000130' 'Grass00' #138 vertex 3: ground 600199.687475 m, vertex 600200.669675 m, +982.200 mm above the ground
[RockPrecisionFixDiag]   rock 'Kerbin Zn3010000130' 'Grass00' #138 vertex 4: ground 600199.805250 m, vertex 600199.516813 m, -288.437 mm above the ground
[RockPrecisionFixDiag]   rock 'Kerbin Zn3010000130' 'Grass00' #138 vertex 5: ground 600199.687311 m, vertex 600199.517469 m, -169.842 mm above the ground
[RockPrecisionFixDiag]   rock 'Kerbin Zn3010000130' 'Grass00' #138 vertex 6: ground 600199.805390 m, vertex 600200.668999 m, +863.608 mm above the ground
[RockPrecisionFixDiag]   rock 'Kerbin Zn3010000130' 'Grass00' #138 vertex 7: ground 600199.687475 m, vertex 600200.669675 m, +982.200 mm above the ground
[RockPrecisionFixDiag]   rock 'Kerbin Zn3010000130' 'Grass00' #139 vertex 0: ground 600194.030578 m, vertex 600193.742697 m, -287.881 mm above the ground
[RockPrecisionFixDiag]   rock 'Kerbin Zn3010000130' 'Grass00' #139 vertex 1: ground 600194.124270 m, vertex 600193.741613 m, -382.657 mm above the ground
[RockPrecisionFixDiag]   rock 'Kerbin Zn3010000130' 'Grass00' #139 vertex 2: ground 600194.030665 m, vertex 600195.211137 m, +1180.472 mm above the ground
[RockPrecisionFixDiag]   rock 'Kerbin Zn3010000130' 'Grass00' #139 vertex 3: ground 600194.124356 m, vertex 600195.210041 m, +1085.685 mm above the ground
[RockPrecisionFixDiag]   rock 'Kerbin Zn3010000130' 'Grass00' #139 vertex 4: ground 600194.030578 m, vertex 600193.742697 m, -287.881 mm above the ground
[RockPrecisionFixDiag]   rock 'Kerbin Zn3010000130' 'Grass00' #139 vertex 5: ground 600194.124270 m, vertex 600193.741613 m, -382.657 mm above the ground
[RockPrecisionFixDiag]   rock 'Kerbin Zn3010000130' 'Grass00' #139 vertex 6: ground 600194.030665 m, vertex 600195.211137 m, +1180.472 mm above the ground
[RockPrecisionFixDiag]   rock 'Kerbin Zn3010000130' 'Grass00' #139 vertex 7: ground 600194.124356 m, vertex 600195.210041 m, +1085.685 mm above the ground
[RockPrecisionFixDiag]   rock 'Kerbin Zn3010000130' 'Grass00' #140 vertex 0: ground 600196.646511 m, vertex 600196.308895 m, -337.616 mm above the ground
[RockPrecisionFixDiag]   rock 'Kerbin Zn3010000130' 'Grass00' #140 vertex 1: ground 600196.606806 m, vertex 600196.309253 m, -297.553 mm above the ground
[RockPrecisionFixDiag]   rock 'Kerbin Zn3010000130' 'Grass00' #140 vertex 2: ground 600196.646622 m, vertex 600197.468936 m, +822.314 mm above the ground
[RockPrecisionFixDiag]   rock 'Kerbin Zn3010000130' 'Grass00' #140 vertex 3: ground 600196.606921 m, vertex 600197.469283 m, +862.361 mm above the ground
[RockPrecisionFixDiag]   rock 'Kerbin Zn3010000130' 'Grass00' #140 vertex 4: ground 600196.646511 m, vertex 600196.308895 m, -337.616 mm above the ground
[RockPrecisionFixDiag]   rock 'Kerbin Zn3010000130' 'Grass00' #140 vertex 5: ground 600196.606806 m, vertex 600196.309253 m, -297.553 mm above the ground
[RockPrecisionFixDiag]   rock 'Kerbin Zn3010000130' 'Grass00' #140 vertex 6: ground 600196.646622 m, vertex 600197.468936 m, +822.314 mm above the ground
[RockPrecisionFixDiag]   rock 'Kerbin Zn3010000130' 'Grass00' #140 vertex 7: ground 600196.606921 m, vertex 600197.469283 m, +862.361 mm above the ground
[RockPrecisionFixDiag]   rock 'Kerbin Zn3010000130' 'Grass00' #141 vertex 0: ground 600186.469375 m, vertex 600186.180504 m, -288.871 mm above the ground
[RockPrecisionFixDiag]   rock 'Kerbin Zn3010000130' 'Grass00' #141 vertex 1: ground 600186.522973 m, vertex 600186.180390 m, -342.583 mm above the ground
[RockPrecisionFixDiag]   rock 'Kerbin Zn3010000130' 'Grass00' #141 vertex 2: ground 600186.469376 m, vertex 600187.571262 m, +1101.887 mm above the ground
[RockPrecisionFixDiag]   rock 'Kerbin Zn3010000130' 'Grass00' #141 vertex 3: ground 600186.522966 m, vertex 600187.571149 m, +1048.183 mm above the ground
[RockPrecisionFixDiag]   rock 'Kerbin Zn3010000130' 'Grass00' #141 vertex 4: ground 600186.469375 m, vertex 600186.180504 m, -288.871 mm above the ground
[RockPrecisionFixDiag]   rock 'Kerbin Zn3010000130' 'Grass00' #141 vertex 5: ground 600186.522973 m, vertex 600186.180390 m, -342.583 mm above the ground
[RockPrecisionFixDiag]   rock 'Kerbin Zn3010000130' 'Grass00' #141 vertex 6: ground 600186.469376 m, vertex 600187.571262 m, +1101.887 mm above the ground
[RockPrecisionFixDiag]   rock 'Kerbin Zn3010000130' 'Grass00' #141 vertex 7: ground 600186.522966 m, vertex 600187.571149 m, +1048.183 mm above the ground
[RockPrecisionFixDiag]   rock 'Kerbin Zn3010000130' 'Grass00' #142 vertex 0: ground 600188.697400 m, vertex 600188.408748 m, -288.651 mm above the ground
[RockPrecisionFixDiag]   rock 'Kerbin Zn3010000130' 'Grass00' #142 vertex 1: ground 600188.724343 m, vertex 600188.409187 m, -315.155 mm above the ground
[RockPrecisionFixDiag]   rock 'Kerbin Zn3010000130' 'Grass00' #142 vertex 2: ground 600188.697381 m, vertex 600189.651059 m, +953.678 mm above the ground
[RockPrecisionFixDiag]   rock 'Kerbin Zn3010000130' 'Grass00' #142 vertex 3: ground 600188.724328 m, vertex 600189.651498 m, +927.170 mm above the ground
[RockPrecisionFixDiag]   rock 'Kerbin Zn3010000130' 'Grass00' #142 vertex 4: ground 600188.697400 m, vertex 600188.408748 m, -288.651 mm above the ground
[RockPrecisionFixDiag]   rock 'Kerbin Zn3010000130' 'Grass00' #142 vertex 5: ground 600188.724343 m, vertex 600188.409187 m, -315.155 mm above the ground
[RockPrecisionFixDiag]   rock 'Kerbin Zn3010000130' 'Grass00' #142 vertex 6: ground 600188.697381 m, vertex 600189.651059 m, +953.678 mm above the ground
[RockPrecisionFixDiag]   rock 'Kerbin Zn3010000130' 'Grass00' #142 vertex 7: ground 600188.724328 m, vertex 600189.651498 m, +927.170 mm above the ground
[RockPrecisionFixDiag]   rock 'Kerbin Zn3010000130' 'Grass00' #143 vertex 0: ground 600188.445935 m, vertex 600188.158866 m, -287.069 mm above the ground
[RockPrecisionFixDiag]   rock 'Kerbin Zn3010000130' 'Grass00' #143 vertex 1: ground 600188.413656 m, vertex 600188.159318 m, -254.338 mm above the ground
[RockPrecisionFixDiag]   rock 'Kerbin Zn3010000130' 'Grass00' #143 vertex 2: ground 600188.445920 m, vertex 600189.219220 m, +773.300 mm above the ground
[RockPrecisionFixDiag]   rock 'Kerbin Zn3010000130' 'Grass00' #143 vertex 3: ground 600188.413644 m, vertex 600189.219672 m, +806.027 mm above the ground
[RockPrecisionFixDiag]   rock 'Kerbin Zn3010000130' 'Grass00' #143 vertex 4: ground 600188.445935 m, vertex 600188.158866 m, -287.069 mm above the ground
[RockPrecisionFixDiag]   rock 'Kerbin Zn3010000130' 'Grass00' #143 vertex 5: ground 600188.413656 m, vertex 600188.159318 m, -254.338 mm above the ground
[RockPrecisionFixDiag]   rock 'Kerbin Zn3010000130' 'Grass00' #143 vertex 6: ground 600188.445920 m, vertex 600189.219220 m, +773.300 mm above the ground
[RockPrecisionFixDiag]   rock 'Kerbin Zn3010000130' 'Grass00' #143 vertex 7: ground 600188.413644 m, vertex 600189.219672 m, +806.027 mm above the ground
[RockPrecisionFixDiag]   rock 'Kerbin Zn3010000130' 'Grass00' #144 vertex 0: ground 600190.532083 m, vertex 600191.108325 m, +576.242 mm above the ground
[RockPrecisionFixDiag]   rock 'Kerbin Zn3010000130' 'Grass00' #144 vertex 1: ground 600190.595557 m, vertex 600191.108226 m, +512.668 mm above the ground
[RockPrecisionFixDiag]   rock 'Kerbin Zn3010000130' 'Grass00' #144 vertex 2: ground 600190.532095 m, vertex 600192.332426 m, +1800.331 mm above the ground
[RockPrecisionFixDiag]   rock 'Kerbin Zn3010000130' 'Grass00' #144 vertex 3: ground 600190.595567 m, vertex 600192.332327 m, +1736.759 mm above the ground
[RockPrecisionFixDiag]   rock 'Kerbin Zn3010000130' 'Grass00' #144 vertex 4: ground 600190.532083 m, vertex 600191.108325 m, +576.242 mm above the ground
[RockPrecisionFixDiag]   rock 'Kerbin Zn3010000130' 'Grass00' #144 vertex 5: ground 600190.595557 m, vertex 600191.108226 m, +512.668 mm above the ground
[RockPrecisionFixDiag]   rock 'Kerbin Zn3010000130' 'Grass00' #144 vertex 6: ground 600190.532095 m, vertex 600192.332426 m, +1800.331 mm above the ground
[RockPrecisionFixDiag]   rock 'Kerbin Zn3010000130' 'Grass00' #144 vertex 7: ground 600190.595567 m, vertex 600192.332327 m, +1736.759 mm above the ground
[RockPrecisionFixDiag]   rock 'Kerbin Zn3010000130' 'Grass00' #145 vertex 0: ground 600189.502989 m, vertex 600189.214979 m, -288.010 mm above the ground
[RockPrecisionFixDiag]   rock 'Kerbin Zn3010000130' 'Grass00' #145 vertex 1: ground 600189.469511 m, vertex 600189.214483 m, -255.028 mm above the ground
[RockPrecisionFixDiag]   rock 'Kerbin Zn3010000130' 'Grass00' #145 vertex 2: ground 600189.502998 m, vertex 600190.444584 m, +941.585 mm above the ground
[RockPrecisionFixDiag]   rock 'Kerbin Zn3010000130' 'Grass00' #145 vertex 3: ground 600189.469527 m, vertex 600190.444088 m, +974.560 mm above the ground
[RockPrecisionFixDiag]   rock 'Kerbin Zn3010000130' 'Grass00' #145 vertex 4: ground 600189.502989 m, vertex 600189.214979 m, -288.010 mm above the ground
[RockPrecisionFixDiag]   rock 'Kerbin Zn3010000130' 'Grass00' #145 vertex 5: ground 600189.469511 m, vertex 600189.214483 m, -255.028 mm above the ground
[RockPrecisionFixDiag]   rock 'Kerbin Zn3010000130' 'Grass00' #145 vertex 6: ground 600189.502998 m, vertex 600190.444584 m, +941.585 mm above the ground
[RockPrecisionFixDiag]   rock 'Kerbin Zn3010000130' 'Grass00' #145 vertex 7: ground 600189.469527 m, vertex 600190.444088 m, +974.560 mm above the ground
[RockPrecisionFixDiag]   rock 'Kerbin Zn3010000130' 'Grass00' #146 vertex 0: ground 600196.923982 m, vertex 600196.636187 m, -287.795 mm above the ground
[RockPrecisionFixDiag]   rock 'Kerbin Zn3010000130' 'Grass00' #146 vertex 1: ground 600196.975241 m, vertex 600196.634735 m, -340.506 mm above the ground
[RockPrecisionFixDiag]   rock 'Kerbin Zn3010000130' 'Grass00' #146 vertex 2: ground 600196.924043 m, vertex 600198.303231 m, +1379.187 mm above the ground
[RockPrecisionFixDiag]   rock 'Kerbin Zn3010000130' 'Grass00' #146 vertex 3: ground 600196.975302 m, vertex 600198.301801 m, +1326.499 mm above the ground
[RockPrecisionFixDiag]   rock 'Kerbin Zn3010000130' 'Grass00' #146 vertex 4: ground 600196.923982 m, vertex 600196.636187 m, -287.795 mm above the ground
[RockPrecisionFixDiag]   rock 'Kerbin Zn3010000130' 'Grass00' #146 vertex 5: ground 600196.975241 m, vertex 600196.634735 m, -340.506 mm above the ground
[RockPrecisionFixDiag]   rock 'Kerbin Zn3010000130' 'Grass00' #146 vertex 6: ground 600196.924043 m, vertex 600198.303231 m, +1379.187 mm above the ground
[RockPrecisionFixDiag]   rock 'Kerbin Zn3010000130' 'Grass00' #146 vertex 7: ground 600196.975302 m, vertex 600198.301801 m, +1326.499 mm above the ground
[RockPrecisionFixDiag]   rock 'Kerbin Zn3010000130' 'Grass00' #147 vertex 0: ground 600202.274940 m, vertex 600201.985148 m, -289.792 mm above the ground
[RockPrecisionFixDiag]   rock 'Kerbin Zn3010000130' 'Grass00' #147 vertex 1: ground 600202.194018 m, vertex 600201.985464 m, -208.553 mm above the ground
[RockPrecisionFixDiag]   rock 'Kerbin Zn3010000130' 'Grass00' #147 vertex 2: ground 600202.275097 m, vertex 600203.108089 m, +832.991 mm above the ground
[RockPrecisionFixDiag]   rock 'Kerbin Zn3010000130' 'Grass00' #147 vertex 3: ground 600202.194171 m, vertex 600203.108406 m, +914.234 mm above the ground
[RockPrecisionFixDiag]   rock 'Kerbin Zn3010000130' 'Grass00' #147 vertex 4: ground 600202.274940 m, vertex 600201.985148 m, -289.792 mm above the ground
[RockPrecisionFixDiag]   rock 'Kerbin Zn3010000130' 'Grass00' #147 vertex 5: ground 600202.194018 m, vertex 600201.985464 m, -208.553 mm above the ground
[RockPrecisionFixDiag]   rock 'Kerbin Zn3010000130' 'Grass00' #147 vertex 6: ground 600202.275097 m, vertex 600203.108089 m, +832.991 mm above the ground
[RockPrecisionFixDiag]   rock 'Kerbin Zn3010000130' 'Grass00' #147 vertex 7: ground 600202.194171 m, vertex 600203.108406 m, +914.234 mm above the ground
[RockPrecisionFixDiag]   rock 'Kerbin Zn3010000130' 'Grass00' #148 vertex 0: ground 600189.437527 m, vertex 600188.831127 m, -606.399 mm above the ground
[RockPrecisionFixDiag]   rock 'Kerbin Zn3010000130' 'Grass00' #148 vertex 1: ground 600189.458466 m, vertex 600188.831068 m, -627.398 mm above the ground
[RockPrecisionFixDiag]   rock 'Kerbin Zn3010000130' 'Grass00' #148 vertex 2: ground 600189.437555 m, vertex 600190.464140 m, +1026.586 mm above the ground
[RockPrecisionFixDiag]   rock 'Kerbin Zn3010000130' 'Grass00' #148 vertex 3: ground 600189.458489 m, vertex 600190.464081 m, +1005.592 mm above the ground
[RockPrecisionFixDiag]   rock 'Kerbin Zn3010000130' 'Grass00' #148 vertex 4: ground 600189.437527 m, vertex 600188.831127 m, -606.399 mm above the ground
[RockPrecisionFixDiag]   rock 'Kerbin Zn3010000130' 'Grass00' #148 vertex 5: ground 600189.458466 m, vertex 600188.831068 m, -627.398 mm above the ground
[RockPrecisionFixDiag]   rock 'Kerbin Zn3010000130' 'Grass00' #148 vertex 6: ground 600189.437555 m, vertex 600190.464140 m, +1026.586 mm above the ground
[RockPrecisionFixDiag]   rock 'Kerbin Zn3010000130' 'Grass00' #148 vertex 7: ground 600189.458489 m, vertex 600190.464081 m, +1005.592 mm above the ground
[RockPrecisionFixDiag]   rock 'Kerbin Zn3010000130' 'Grass00' #149 vertex 0: ground 600197.430253 m, vertex 600197.142105 m, -288.148 mm above the ground
[RockPrecisionFixDiag]   rock 'Kerbin Zn3010000130' 'Grass00' #149 vertex 1: ground 600197.515220 m, vertex 600197.141460 m, -373.760 mm above the ground
[RockPrecisionFixDiag]   rock 'Kerbin Zn3010000130' 'Grass00' #149 vertex 2: ground 600197.430279 m, vertex 600198.773509 m, +1343.230 mm above the ground
[RockPrecisionFixDiag]   rock 'Kerbin Zn3010000130' 'Grass00' #149 vertex 3: ground 600197.515269 m, vertex 600198.772853 m, +1257.583 mm above the ground
[RockPrecisionFixDiag]   rock 'Kerbin Zn3010000130' 'Grass00' #149 vertex 4: ground 600197.430253 m, vertex 600197.142105 m, -288.148 mm above the ground
[RockPrecisionFixDiag]   rock 'Kerbin Zn3010000130' 'Grass00' #149 vertex 5: ground 600197.515220 m, vertex 600197.141460 m, -373.760 mm above the ground
[RockPrecisionFixDiag]   rock 'Kerbin Zn3010000130' 'Grass00' #149 vertex 6: ground 600197.430279 m, vertex 600198.773509 m, +1343.230 mm above the ground
[RockPrecisionFixDiag]   rock 'Kerbin Zn3010000130' 'Grass00' #149 vertex 7: ground 600197.515269 m, vertex 600198.772853 m, +1257.583 mm above the ground
[RockPrecisionFixDiag]   rock 'Kerbin Zn3010000130' 'Grass00' #150 vertex 0: ground 600191.155827 m, vertex 600190.349849 m, -805.977 mm above the ground
[RockPrecisionFixDiag]   rock 'Kerbin Zn3010000130' 'Grass00' #150 vertex 1: ground 600191.094208 m, vertex 600190.351070 m, -743.138 mm above the ground
[RockPrecisionFixDiag]   rock 'Kerbin Zn3010000130' 'Grass00' #150 vertex 2: ground 600191.155882 m, vertex 600191.911032 m, +755.150 mm above the ground
[RockPrecisionFixDiag]   rock 'Kerbin Zn3010000130' 'Grass00' #150 vertex 3: ground 600191.094239 m, vertex 600191.912229 m, +817.989 mm above the ground
[RockPrecisionFixDiag]   rock 'Kerbin Zn3010000130' 'Grass00' #150 vertex 4: ground 600191.155827 m, vertex 600190.349849 m, -805.977 mm above the ground
[RockPrecisionFixDiag]   rock 'Kerbin Zn3010000130' 'Grass00' #150 vertex 5: ground 600191.094208 m, vertex 600190.351070 m, -743.138 mm above the ground
[RockPrecisionFixDiag]   rock 'Kerbin Zn3010000130' 'Grass00' #150 vertex 6: ground 600191.155882 m, vertex 600191.911032 m, +755.150 mm above the ground
[RockPrecisionFixDiag]   rock 'Kerbin Zn3010000130' 'Grass00' #150 vertex 7: ground 600191.094239 m, vertex 600191.912229 m, +817.989 mm above the ground
[RockPrecisionFixDiag]   rock 'Kerbin Zn3010000130' 'Grass00' #151 vertex 0: ground 600190.821233 m, vertex 600190.041448 m, -779.785 mm above the ground
[RockPrecisionFixDiag]   rock 'Kerbin Zn3010000130' 'Grass00' #151 vertex 1: ground 600190.771176 m, vertex 600190.042536 m, -728.640 mm above the ground
[RockPrecisionFixDiag]   rock 'Kerbin Zn3010000130' 'Grass00' #151 vertex 2: ground 600190.821268 m, vertex 600191.829389 m, +1008.121 mm above the ground
[RockPrecisionFixDiag]   rock 'Kerbin Zn3010000130' 'Grass00' #151 vertex 3: ground 600190.771227 m, vertex 600191.830477 m, +1059.250 mm above the ground
[RockPrecisionFixDiag]   rock 'Kerbin Zn3010000130' 'Grass00' #151 vertex 4: ground 600190.821233 m, vertex 600190.041448 m, -779.785 mm above the ground
[RockPrecisionFixDiag]   rock 'Kerbin Zn3010000130' 'Grass00' #151 vertex 5: ground 600190.771176 m, vertex 600190.042536 m, -728.640 mm above the ground
[RockPrecisionFixDiag]   rock 'Kerbin Zn3010000130' 'Grass00' #151 vertex 6: ground 600190.821268 m, vertex 600191.829389 m, +1008.121 mm above the ground
[RockPrecisionFixDiag]   rock 'Kerbin Zn3010000130' 'Grass00' #151 vertex 7: ground 600190.771227 m, vertex 600191.830477 m, +1059.250 mm above the ground
[RockPrecisionFixDiag]   rock 'Kerbin Zn3010000130' 'Grass00' #152 vertex 0: ground 600211.753695 m, vertex 600211.465139 m, -288.556 mm above the ground
[RockPrecisionFixDiag]   rock 'Kerbin Zn3010000130' 'Grass00' #152 vertex 1: ground 600211.792937 m, vertex 600211.466021 m, -326.916 mm above the ground
[RockPrecisionFixDiag]   rock 'Kerbin Zn3010000130' 'Grass00' #152 vertex 2: ground 600211.753720 m, vertex 600212.473309 m, +719.589 mm above the ground
[RockPrecisionFixDiag]   rock 'Kerbin Zn3010000130' 'Grass00' #152 vertex 3: ground 600211.792898 m, vertex 600212.474203 m, +681.304 mm above the ground
[RockPrecisionFixDiag]   rock 'Kerbin Zn3010000130' 'Grass00' #152 vertex 4: ground 600211.753695 m, vertex 600211.465139 m, -288.556 mm above the ground
[RockPrecisionFixDiag]   rock 'Kerbin Zn3010000130' 'Grass00' #152 vertex 5: ground 600211.792937 m, vertex 600211.466021 m, -326.916 mm above the ground
[RockPrecisionFixDiag]   rock 'Kerbin Zn3010000130' 'Grass00' #152 vertex 6: ground 600211.753720 m, vertex 600212.473309 m, +719.589 mm above the ground
[RockPrecisionFixDiag]   rock 'Kerbin Zn3010000130' 'Grass00' #152 vertex 7: ground 600211.792898 m, vertex 600212.474203 m, +681.304 mm above the ground
[RockPrecisionFixDiag]   rock 'Kerbin Zn3010000130' 'Grass00' #153 vertex 0: ground 600187.219880 m, vertex 600186.930933 m, -288.946 mm above the ground
[RockPrecisionFixDiag]   rock 'Kerbin Zn3010000130' 'Grass00' #153 vertex 1: ground 600187.253375 m, vertex 600186.930242 m, -323.132 mm above the ground
[RockPrecisionFixDiag]   rock 'Kerbin Zn3010000130' 'Grass00' #153 vertex 2: ground 600187.219888 m, vertex 600188.240968 m, +1021.081 mm above the ground
[RockPrecisionFixDiag]   rock 'Kerbin Zn3010000130' 'Grass00' #153 vertex 3: ground 600187.253369 m, vertex 600188.240275 m, +986.906 mm above the ground
[RockPrecisionFixDiag]   rock 'Kerbin Zn3010000130' 'Grass00' #153 vertex 4: ground 600187.219880 m, vertex 600186.930933 m, -288.946 mm above the ground
[RockPrecisionFixDiag]   rock 'Kerbin Zn3010000130' 'Grass00' #153 vertex 5: ground 600187.253375 m, vertex 600186.930242 m, -323.132 mm above the ground
[RockPrecisionFixDiag]   rock 'Kerbin Zn3010000130' 'Grass00' #153 vertex 6: ground 600187.219888 m, vertex 600188.240968 m, +1021.081 mm above the ground
[RockPrecisionFixDiag]   rock 'Kerbin Zn3010000130' 'Grass00' #153 vertex 7: ground 600187.253369 m, vertex 600188.240275 m, +986.906 mm above the ground
[RockPrecisionFixDiag]   rock 'Kerbin Zn3010000130' 'Grass00' #154 vertex 0: ground 600187.026324 m, vertex 600186.738128 m, -288.196 mm above the ground
[RockPrecisionFixDiag]   rock 'Kerbin Zn3010000130' 'Grass00' #154 vertex 1: ground 600187.169981 m, vertex 600186.738846 m, -431.135 mm above the ground
[RockPrecisionFixDiag]   rock 'Kerbin Zn3010000130' 'Grass00' #154 vertex 2: ground 600187.026305 m, vertex 600188.483508 m, +1457.203 mm above the ground
[RockPrecisionFixDiag]   rock 'Kerbin Zn3010000130' 'Grass00' #154 vertex 3: ground 600187.169906 m, vertex 600188.484237 m, +1314.331 mm above the ground
[RockPrecisionFixDiag]   rock 'Kerbin Zn3010000130' 'Grass00' #154 vertex 4: ground 600187.026324 m, vertex 600186.738128 m, -288.196 mm above the ground
[RockPrecisionFixDiag]   rock 'Kerbin Zn3010000130' 'Grass00' #154 vertex 5: ground 600187.169981 m, vertex 600186.738846 m, -431.135 mm above the ground
[RockPrecisionFixDiag]   rock 'Kerbin Zn3010000130' 'Grass00' #154 vertex 6: ground 600187.026305 m, vertex 600188.483508 m, +1457.203 mm above the ground
[RockPrecisionFixDiag]   rock 'Kerbin Zn3010000130' 'Grass00' #154 vertex 7: ground 600187.169906 m, vertex 600188.484237 m, +1314.331 mm above the ground
[RockPrecisionFixDiag]   rock 'Kerbin Zn3010000130' 'Grass00' #155 vertex 0: ground 600186.715998 m, vertex 600186.427816 m, -288.182 mm above the ground
[RockPrecisionFixDiag]   rock 'Kerbin Zn3010000130' 'Grass00' #155 vertex 1: ground 600186.766331 m, vertex 600186.428522 m, -337.808 mm above the ground
[RockPrecisionFixDiag]   rock 'Kerbin Zn3010000130' 'Grass00' #155 vertex 2: ground 600186.716023 m, vertex 600187.787314 m, +1071.291 mm above the ground
[RockPrecisionFixDiag]   rock 'Kerbin Zn3010000130' 'Grass00' #155 vertex 3: ground 600186.766300 m, vertex 600187.788019 m, +1021.719 mm above the ground
[RockPrecisionFixDiag]   rock 'Kerbin Zn3010000130' 'Grass00' #155 vertex 4: ground 600186.715998 m, vertex 600186.427816 m, -288.182 mm above the ground
[RockPrecisionFixDiag]   rock 'Kerbin Zn3010000130' 'Grass00' #155 vertex 5: ground 600186.766331 m, vertex 600186.428522 m, -337.808 mm above the ground
[RockPrecisionFixDiag]   rock 'Kerbin Zn3010000130' 'Grass00' #155 vertex 6: ground 600186.716023 m, vertex 600187.787314 m, +1071.291 mm above the ground
[RockPrecisionFixDiag]   rock 'Kerbin Zn3010000130' 'Grass00' #155 vertex 7: ground 600186.766300 m, vertex 600187.788019 m, +1021.719 mm above the ground
[RockPrecisionFixDiag]   rock 'Kerbin Zn3010000130' 'Grass00' #156 vertex 0: ground 600186.341590 m, vertex 600186.053326 m, -288.264 mm above the ground
[RockPrecisionFixDiag]   rock 'Kerbin Zn3010000130' 'Grass00' #156 vertex 1: ground 600186.367702 m, vertex 600186.054145 m, -313.557 mm above the ground
[RockPrecisionFixDiag]   rock 'Kerbin Zn3010000130' 'Grass00' #156 vertex 2: ground 600186.341587 m, vertex 600187.346126 m, +1004.539 mm above the ground
[RockPrecisionFixDiag]   rock 'Kerbin Zn3010000130' 'Grass00' #156 vertex 3: ground 600186.367676 m, vertex 600187.346957 m, +979.281 mm above the ground
[RockPrecisionFixDiag]   rock 'Kerbin Zn3010000130' 'Grass00' #156 vertex 4: ground 600186.341590 m, vertex 600186.053326 m, -288.264 mm above the ground
[RockPrecisionFixDiag]   rock 'Kerbin Zn3010000130' 'Grass00' #156 vertex 5: ground 600186.367702 m, vertex 600186.054145 m, -313.557 mm above the ground
[RockPrecisionFixDiag]   rock 'Kerbin Zn3010000130' 'Grass00' #156 vertex 6: ground 600186.341587 m, vertex 600187.346126 m, +1004.539 mm above the ground
[RockPrecisionFixDiag]   rock 'Kerbin Zn3010000130' 'Grass00' #156 vertex 7: ground 600186.367676 m, vertex 600187.346957 m, +979.281 mm above the ground
[RockPrecisionFixDiag]   rock 'Kerbin Zn3010000130' 'Grass00' #157 vertex 0: ground 600196.157921 m, vertex 600195.870011 m, -287.910 mm above the ground
[RockPrecisionFixDiag]   rock 'Kerbin Zn3010000130' 'Grass00' #157 vertex 1: ground 600196.179395 m, vertex 600195.870338 m, -309.057 mm above the ground
[RockPrecisionFixDiag]   rock 'Kerbin Zn3010000130' 'Grass00' #157 vertex 2: ground 600196.157884 m, vertex 600197.001195 m, +843.311 mm above the ground
[RockPrecisionFixDiag]   rock 'Kerbin Zn3010000130' 'Grass00' #157 vertex 3: ground 600196.179364 m, vertex 600197.001512 m, +822.148 mm above the ground
[RockPrecisionFixDiag]   rock 'Kerbin Zn3010000130' 'Grass00' #157 vertex 4: ground 600196.157921 m, vertex 600195.870011 m, -287.910 mm above the ground
[RockPrecisionFixDiag]   rock 'Kerbin Zn3010000130' 'Grass00' #157 vertex 5: ground 600196.179395 m, vertex 600195.870338 m, -309.057 mm above the ground
[RockPrecisionFixDiag]   rock 'Kerbin Zn3010000130' 'Grass00' #157 vertex 6: ground 600196.157884 m, vertex 600197.001195 m, +843.311 mm above the ground
[RockPrecisionFixDiag]   rock 'Kerbin Zn3010000130' 'Grass00' #157 vertex 7: ground 600196.179364 m, vertex 600197.001512 m, +822.148 mm above the ground
[RockPrecisionFixDiag]   rock 'Kerbin Zn3010000130' 'Grass00' #158 vertex 0: ground 600204.296591 m, vertex 600204.008828 m, -287.762 mm above the ground
[RockPrecisionFixDiag]   rock 'Kerbin Zn3010000130' 'Grass00' #158 vertex 1: ground 600204.300946 m, vertex 600204.007850 m, -293.096 mm above the ground
[RockPrecisionFixDiag]   rock 'Kerbin Zn3010000130' 'Grass00' #158 vertex 2: ground 600204.296609 m, vertex 600205.226224 m, +929.615 mm above the ground
[RockPrecisionFixDiag]   rock 'Kerbin Zn3010000130' 'Grass00' #158 vertex 3: ground 600204.300925 m, vertex 600205.225226 m, +924.301 mm above the ground
[RockPrecisionFixDiag]   rock 'Kerbin Zn3010000130' 'Grass00' #158 vertex 4: ground 600204.296591 m, vertex 600204.008828 m, -287.762 mm above the ground
[RockPrecisionFixDiag]   rock 'Kerbin Zn3010000130' 'Grass00' #158 vertex 5: ground 600204.300946 m, vertex 600204.007850 m, -293.096 mm above the ground
[RockPrecisionFixDiag]   rock 'Kerbin Zn3010000130' 'Grass00' #158 vertex 6: ground 600204.296609 m, vertex 600205.226224 m, +929.615 mm above the ground
[RockPrecisionFixDiag]   rock 'Kerbin Zn3010000130' 'Grass00' #158 vertex 7: ground 600204.300925 m, vertex 600205.225226 m, +924.301 mm above the ground
[RockPrecisionFixDiag]   rock 'Kerbin Zn3010000130' 'Grass00' #159 vertex 0: ground 600190.776021 m, vertex 600190.488638 m, -287.382 mm above the ground
[RockPrecisionFixDiag]   rock 'Kerbin Zn3010000130' 'Grass00' #159 vertex 1: ground 600190.742316 m, vertex 600190.488645 m, -253.671 mm above the ground
[RockPrecisionFixDiag]   rock 'Kerbin Zn3010000130' 'Grass00' #159 vertex 2: ground 600190.776020 m, vertex 600192.202952 m, +1426.932 mm above the ground
[RockPrecisionFixDiag]   rock 'Kerbin Zn3010000130' 'Grass00' #159 vertex 3: ground 600190.742317 m, vertex 600192.202959 m, +1460.642 mm above the ground
[RockPrecisionFixDiag]   rock 'Kerbin Zn3010000130' 'Grass00' #159 vertex 4: ground 600190.776021 m, vertex 600190.488638 m, -287.382 mm above the ground
[RockPrecisionFixDiag]   rock 'Kerbin Zn3010000130' 'Grass00' #159 vertex 5: ground 600190.742316 m, vertex 600190.488645 m, -253.671 mm above the ground
[RockPrecisionFixDiag]   rock 'Kerbin Zn3010000130' 'Grass00' #159 vertex 6: ground 600190.776020 m, vertex 600192.202952 m, +1426.932 mm above the ground
[RockPrecisionFixDiag]   rock 'Kerbin Zn3010000130' 'Grass00' #159 vertex 7: ground 600190.742317 m, vertex 600192.202959 m, +1460.642 mm above the ground
[RockPrecisionFixDiag]   rock 'Kerbin Zn3010000130' 'Grass00' #160 vertex 0: ground 600201.338560 m, vertex 600200.953066 m, -385.495 mm above the ground
[RockPrecisionFixDiag]   rock 'Kerbin Zn3010000130' 'Grass00' #160 vertex 1: ground 600201.264675 m, vertex 600200.953243 m, -311.432 mm above the ground
[RockPrecisionFixDiag]   rock 'Kerbin Zn3010000130' 'Grass00' #160 vertex 2: ground 600201.338527 m, vertex 600202.788075 m, +1449.548 mm above the ground
[RockPrecisionFixDiag]   rock 'Kerbin Zn3010000130' 'Grass00' #160 vertex 3: ground 600201.264644 m, vertex 600202.788249 m, +1523.605 mm above the ground
[RockPrecisionFixDiag]   rock 'Kerbin Zn3010000130' 'Grass00' #160 vertex 4: ground 600201.338560 m, vertex 600200.953066 m, -385.495 mm above the ground
[RockPrecisionFixDiag]   rock 'Kerbin Zn3010000130' 'Grass00' #160 vertex 5: ground 600201.264675 m, vertex 600200.953243 m, -311.432 mm above the ground
[RockPrecisionFixDiag]   rock 'Kerbin Zn3010000130' 'Grass00' #160 vertex 6: ground 600201.338527 m, vertex 600202.788075 m, +1449.548 mm above the ground
[RockPrecisionFixDiag]   rock 'Kerbin Zn3010000130' 'Grass00' #160 vertex 7: ground 600201.264644 m, vertex 600202.788249 m, +1523.605 mm above the ground
[RockPrecisionFixDiag]   rock 'Kerbin Zn3010000130' 'Grass00' #161 vertex 0: ground 600198.035838 m, vertex 600198.760961 m, +725.122 mm above the ground
[RockPrecisionFixDiag]   rock 'Kerbin Zn3010000130' 'Grass00' #161 vertex 1: ground 600198.041767 m, vertex 600198.759695 m, +717.929 mm above the ground
[RockPrecisionFixDiag]   rock 'Kerbin Zn3010000130' 'Grass00' #161 vertex 2: ground 600198.035891 m, vertex 600200.486529 m, +2450.638 mm above the ground
[RockPrecisionFixDiag]   rock 'Kerbin Zn3010000130' 'Grass00' #161 vertex 3: ground 600198.041756 m, vertex 600200.485264 m, +2443.507 mm above the ground
[RockPrecisionFixDiag]   rock 'Kerbin Zn3010000130' 'Grass00' #161 vertex 4: ground 600198.035838 m, vertex 600198.760961 m, +725.122 mm above the ground
[RockPrecisionFixDiag]   rock 'Kerbin Zn3010000130' 'Grass00' #161 vertex 5: ground 600198.041767 m, vertex 600198.759695 m, +717.929 mm above the ground
[RockPrecisionFixDiag]   rock 'Kerbin Zn3010000130' 'Grass00' #161 vertex 6: ground 600198.035891 m, vertex 600200.486529 m, +2450.638 mm above the ground
[RockPrecisionFixDiag]   rock 'Kerbin Zn3010000130' 'Grass00' #161 vertex 7: ground 600198.041756 m, vertex 600200.485264 m, +2443.507 mm above the ground
[RockPrecisionFixDiag]   rock 'Kerbin Zn3010000130' 'Grass00' #162 vertex 0: ground 600205.296337 m, vertex 600205.008184 m, -288.153 mm above the ground
[RockPrecisionFixDiag]   rock 'Kerbin Zn3010000130' 'Grass00' #162 vertex 1: ground 600205.338163 m, vertex 600205.009158 m, -329.005 mm above the ground
[RockPrecisionFixDiag]   rock 'Kerbin Zn3010000130' 'Grass00' #162 vertex 2: ground 600205.296387 m, vertex 600206.577677 m, +1281.290 mm above the ground
[RockPrecisionFixDiag]   rock 'Kerbin Zn3010000130' 'Grass00' #162 vertex 3: ground 600205.338151 m, vertex 600206.578651 m, +1240.500 mm above the ground
[RockPrecisionFixDiag]   rock 'Kerbin Zn3010000130' 'Grass00' #162 vertex 4: ground 600205.296337 m, vertex 600205.008184 m, -288.153 mm above the ground
[RockPrecisionFixDiag]   rock 'Kerbin Zn3010000130' 'Grass00' #162 vertex 5: ground 600205.338163 m, vertex 600205.009158 m, -329.005 mm above the ground
[RockPrecisionFixDiag]   rock 'Kerbin Zn3010000130' 'Grass00' #162 vertex 6: ground 600205.296387 m, vertex 600206.577677 m, +1281.290 mm above the ground
[RockPrecisionFixDiag]   rock 'Kerbin Zn3010000130' 'Grass00' #162 vertex 7: ground 600205.338151 m, vertex 600206.578651 m, +1240.500 mm above the ground
[RockPrecisionFixDiag]   rock 'Kerbin Zn3010000130' 'Grass00' #163 vertex 0: ground 600188.835980 m, vertex 600188.547594 m, -288.386 mm above the ground
[RockPrecisionFixDiag]   rock 'Kerbin Zn3010000130' 'Grass00' #163 vertex 1: ground 600188.817095 m, vertex 600188.548409 m, -268.686 mm above the ground
[RockPrecisionFixDiag]   rock 'Kerbin Zn3010000130' 'Grass00' #163 vertex 2: ground 600188.835947 m, vertex 600190.491962 m, +1656.014 mm above the ground
[RockPrecisionFixDiag]   rock 'Kerbin Zn3010000130' 'Grass00' #163 vertex 3: ground 600188.817055 m, vertex 600190.492765 m, +1675.710 mm above the ground
[RockPrecisionFixDiag]   rock 'Kerbin Zn3010000130' 'Grass00' #163 vertex 4: ground 600188.835980 m, vertex 600188.547594 m, -288.386 mm above the ground
[RockPrecisionFixDiag]   rock 'Kerbin Zn3010000130' 'Grass00' #163 vertex 5: ground 600188.817095 m, vertex 600188.548409 m, -268.686 mm above the ground
[RockPrecisionFixDiag]   rock 'Kerbin Zn3010000130' 'Grass00' #163 vertex 6: ground 600188.835947 m, vertex 600190.491962 m, +1656.014 mm above the ground
[RockPrecisionFixDiag]   rock 'Kerbin Zn3010000130' 'Grass00' #163 vertex 7: ground 600188.817055 m, vertex 600190.492765 m, +1675.710 mm above the ground
[RockPrecisionFixDiag]   rock 'Kerbin Zn3010000130' 'Grass00' #164 vertex 0: ground 600191.263817 m, vertex 600190.975530 m, -288.288 mm above the ground
[RockPrecisionFixDiag]   rock 'Kerbin Zn3010000130' 'Grass00' #164 vertex 1: ground 600191.294258 m, vertex 600190.975068 m, -319.190 mm above the ground
[RockPrecisionFixDiag]   rock 'Kerbin Zn3010000130' 'Grass00' #164 vertex 2: ground 600191.263794 m, vertex 600192.536851 m, +1273.056 mm above the ground
[RockPrecisionFixDiag]   rock 'Kerbin Zn3010000130' 'Grass00' #164 vertex 3: ground 600191.294235 m, vertex 600192.536395 m, +1242.160 mm above the ground
[RockPrecisionFixDiag]   rock 'Kerbin Zn3010000130' 'Grass00' #164 vertex 4: ground 600191.263817 m, vertex 600190.975530 m, -288.288 mm above the ground
[RockPrecisionFixDiag]   rock 'Kerbin Zn3010000130' 'Grass00' #164 vertex 5: ground 600191.294258 m, vertex 600190.975068 m, -319.190 mm above the ground
[RockPrecisionFixDiag]   rock 'Kerbin Zn3010000130' 'Grass00' #164 vertex 6: ground 600191.263794 m, vertex 600192.536851 m, +1273.056 mm above the ground
[RockPrecisionFixDiag]   rock 'Kerbin Zn3010000130' 'Grass00' #164 vertex 7: ground 600191.294235 m, vertex 600192.536395 m, +1242.160 mm above the ground
[RockPrecisionFixDiag]   rock 'Kerbin Zn3010000130' 'Grass00' #165 vertex 0: ground 600201.516921 m, vertex 600201.229946 m, -286.975 mm above the ground
[RockPrecisionFixDiag]   rock 'Kerbin Zn3010000130' 'Grass00' #165 vertex 1: ground 600201.353961 m, vertex 600201.229598 m, -124.364 mm above the ground
[RockPrecisionFixDiag]   rock 'Kerbin Zn3010000130' 'Grass00' #165 vertex 2: ground 600201.516885 m, vertex 600203.183680 m, +1666.796 mm above the ground
[RockPrecisionFixDiag]   rock 'Kerbin Zn3010000130' 'Grass00' #165 vertex 3: ground 600201.353892 m, vertex 600203.183332 m, +1829.440 mm above the ground
[RockPrecisionFixDiag]   rock 'Kerbin Zn3010000130' 'Grass00' #165 vertex 4: ground 600201.516921 m, vertex 600201.229946 m, -286.975 mm above the ground
[RockPrecisionFixDiag]   rock 'Kerbin Zn3010000130' 'Grass00' #165 vertex 5: ground 600201.353961 m, vertex 600201.229598 m, -124.364 mm above the ground
[RockPrecisionFixDiag]   rock 'Kerbin Zn3010000130' 'Grass00' #165 vertex 6: ground 600201.516885 m, vertex 600203.183680 m, +1666.796 mm above the ground
[RockPrecisionFixDiag]   rock 'Kerbin Zn3010000130' 'Grass00' #165 vertex 7: ground 600201.353892 m, vertex 600203.183332 m, +1829.440 mm above the ground
[RockPrecisionFixDiag]   rock 'Kerbin Zn3010000130' 'Grass00' #166 vertex 0: ground 600204.611880 m, vertex 600204.206934 m, -404.946 mm above the ground
[RockPrecisionFixDiag]   rock 'Kerbin Zn3010000130' 'Grass00' #166 vertex 1: ground 600204.620106 m, vertex 600204.206118 m, -413.988 mm above the ground
[RockPrecisionFixDiag]   rock 'Kerbin Zn3010000130' 'Grass00' #166 vertex 2: ground 600204.611871 m, vertex 600206.183751 m, +1571.881 mm above the ground
[RockPrecisionFixDiag]   rock 'Kerbin Zn3010000130' 'Grass00' #166 vertex 3: ground 600204.620097 m, vertex 600206.182955 m, +1562.859 mm above the ground
[RockPrecisionFixDiag]   rock 'Kerbin Zn3010000130' 'Grass00' #166 vertex 4: ground 600204.611880 m, vertex 600204.206934 m, -404.946 mm above the ground
[RockPrecisionFixDiag]   rock 'Kerbin Zn3010000130' 'Grass00' #166 vertex 5: ground 600204.620106 m, vertex 600204.206118 m, -413.988 mm above the ground
[RockPrecisionFixDiag]   rock 'Kerbin Zn3010000130' 'Grass00' #166 vertex 6: ground 600204.611871 m, vertex 600206.183751 m, +1571.881 mm above the ground
[RockPrecisionFixDiag]   rock 'Kerbin Zn3010000130' 'Grass00' #166 vertex 7: ground 600204.620097 m, vertex 600206.182955 m, +1562.859 mm above the ground
[RockPrecisionFixDiag]   rock 'Kerbin Zn3010000130' 'Grass00' #167 vertex 0: ground 600199.298914 m, vertex 600197.918603 m, -1380.312 mm above the ground
[RockPrecisionFixDiag]   rock 'Kerbin Zn3010000130' 'Grass00' #167 vertex 1: ground 600199.318088 m, vertex 600197.918730 m, -1399.358 mm above the ground
[RockPrecisionFixDiag]   rock 'Kerbin Zn3010000130' 'Grass00' #167 vertex 2: ground 600199.298948 m, vertex 600198.953690 m, -345.258 mm above the ground
[RockPrecisionFixDiag]   rock 'Kerbin Zn3010000130' 'Grass00' #167 vertex 3: ground 600199.318114 m, vertex 600198.953814 m, -364.301 mm above the ground
[RockPrecisionFixDiag]   rock 'Kerbin Zn3010000130' 'Grass00' #167 vertex 4: ground 600199.298914 m, vertex 600197.918603 m, -1380.312 mm above the ground
[RockPrecisionFixDiag]   rock 'Kerbin Zn3010000130' 'Grass00' #167 vertex 5: ground 600199.318088 m, vertex 600197.918730 m, -1399.358 mm above the ground
[RockPrecisionFixDiag]   rock 'Kerbin Zn3010000130' 'Grass00' #167 vertex 6: ground 600199.298948 m, vertex 600198.953690 m, -345.258 mm above the ground
[RockPrecisionFixDiag]   rock 'Kerbin Zn3010000130' 'Grass00' #167 vertex 7: ground 600199.318114 m, vertex 600198.953814 m, -364.301 mm above the ground
[RockPrecisionFixDiag]   rock 'Kerbin Zn3010000130' 'Grass00' #168 vertex 0: ground 600186.395200 m, vertex 600186.106246 m, -288.954 mm above the ground
[RockPrecisionFixDiag]   rock 'Kerbin Zn3010000130' 'Grass00' #168 vertex 1: ground 600186.415216 m, vertex 600186.106161 m, -309.055 mm above the ground
[RockPrecisionFixDiag]   rock 'Kerbin Zn3010000130' 'Grass00' #168 vertex 2: ground 600186.395188 m, vertex 600187.728561 m, +1333.373 mm above the ground
[RockPrecisionFixDiag]   rock 'Kerbin Zn3010000130' 'Grass00' #168 vertex 3: ground 600186.415204 m, vertex 600187.728476 m, +1313.272 mm above the ground
[RockPrecisionFixDiag]   rock 'Kerbin Zn3010000130' 'Grass00' #168 vertex 4: ground 600186.395200 m, vertex 600186.106246 m, -288.954 mm above the ground
[RockPrecisionFixDiag]   rock 'Kerbin Zn3010000130' 'Grass00' #168 vertex 5: ground 600186.415216 m, vertex 600186.106161 m, -309.055 mm above the ground
[RockPrecisionFixDiag]   rock 'Kerbin Zn3010000130' 'Grass00' #168 vertex 6: ground 600186.395188 m, vertex 600187.728561 m, +1333.373 mm above the ground
[RockPrecisionFixDiag]   rock 'Kerbin Zn3010000130' 'Grass00' #168 vertex 7: ground 600186.415204 m, vertex 600187.728476 m, +1313.272 mm above the ground
[RockPrecisionFixDiag]   rock 'Kerbin Zn3010000130' 'Grass00' #169 vertex 0: ground 600201.110909 m, vertex 600200.823325 m, -287.583 mm above the ground
[RockPrecisionFixDiag]   rock 'Kerbin Zn3010000130' 'Grass00' #169 vertex 1: ground 600201.170910 m, vertex 600200.822585 m, -348.324 mm above the ground
[RockPrecisionFixDiag]   rock 'Kerbin Zn3010000130' 'Grass00' #169 vertex 2: ground 600201.110929 m, vertex 600201.883077 m, +772.148 mm above the ground
[RockPrecisionFixDiag]   rock 'Kerbin Zn3010000130' 'Grass00' #169 vertex 3: ground 600201.170977 m, vertex 600201.882361 m, +711.384 mm above the ground
[RockPrecisionFixDiag]   rock 'Kerbin Zn3010000130' 'Grass00' #169 vertex 4: ground 600201.110909 m, vertex 600200.823325 m, -287.583 mm above the ground
[RockPrecisionFixDiag]   rock 'Kerbin Zn3010000130' 'Grass00' #169 vertex 5: ground 600201.170910 m, vertex 600200.822585 m, -348.324 mm above the ground
[RockPrecisionFixDiag]   rock 'Kerbin Zn3010000130' 'Grass00' #169 vertex 6: ground 600201.110929 m, vertex 600201.883077 m, +772.148 mm above the ground
[RockPrecisionFixDiag]   rock 'Kerbin Zn3010000130' 'Grass00' #169 vertex 7: ground 600201.170977 m, vertex 600201.882361 m, +711.384 mm above the ground
[RockPrecisionFixDiag]   rock 'Kerbin Zn3010000130' 'Grass00' #170 vertex 0: ground 600200.633278 m, vertex 600200.344675 m, -288.603 mm above the ground
[RockPrecisionFixDiag]   rock 'Kerbin Zn3010000130' 'Grass00' #170 vertex 1: ground 600200.624940 m, vertex 600200.343023 m, -281.917 mm above the ground
[RockPrecisionFixDiag]   rock 'Kerbin Zn3010000130' 'Grass00' #170 vertex 2: ground 600200.633254 m, vertex 600202.186403 m, +1553.149 mm above the ground
[RockPrecisionFixDiag]   rock 'Kerbin Zn3010000130' 'Grass00' #170 vertex 3: ground 600200.624943 m, vertex 600202.184728 m, +1559.785 mm above the ground
[RockPrecisionFixDiag]   rock 'Kerbin Zn3010000130' 'Grass00' #170 vertex 4: ground 600200.633278 m, vertex 600200.344675 m, -288.603 mm above the ground
[RockPrecisionFixDiag]   rock 'Kerbin Zn3010000130' 'Grass00' #170 vertex 5: ground 600200.624940 m, vertex 600200.343023 m, -281.917 mm above the ground
[RockPrecisionFixDiag]   rock 'Kerbin Zn3010000130' 'Grass00' #170 vertex 6: ground 600200.633254 m, vertex 600202.186403 m, +1553.149 mm above the ground
[RockPrecisionFixDiag]   rock 'Kerbin Zn3010000130' 'Grass00' #170 vertex 7: ground 600200.624943 m, vertex 600202.184728 m, +1559.785 mm above the ground
[RockPrecisionFixDiag]   rock 'Kerbin Zn3010000130' 'Grass00' #171 vertex 0: ground 600201.301674 m, vertex 600201.026205 m, -275.469 mm above the ground
[RockPrecisionFixDiag]   rock 'Kerbin Zn3010000130' 'Grass00' #171 vertex 1: ground 600201.286046 m, vertex 600201.025093 m, -260.953 mm above the ground
[RockPrecisionFixDiag]   rock 'Kerbin Zn3010000130' 'Grass00' #171 vertex 2: ground 600201.301707 m, vertex 600202.905444 m, +1603.738 mm above the ground
[RockPrecisionFixDiag]   rock 'Kerbin Zn3010000130' 'Grass00' #171 vertex 3: ground 600201.286079 m, vertex 600202.904333 m, +1618.253 mm above the ground
[RockPrecisionFixDiag]   rock 'Kerbin Zn3010000130' 'Grass00' #171 vertex 4: ground 600201.301674 m, vertex 600201.026205 m, -275.469 mm above the ground
[RockPrecisionFixDiag]   rock 'Kerbin Zn3010000130' 'Grass00' #171 vertex 5: ground 600201.286046 m, vertex 600201.025093 m, -260.953 mm above the ground
[RockPrecisionFixDiag]   rock 'Kerbin Zn3010000130' 'Grass00' #171 vertex 6: ground 600201.301707 m, vertex 600202.905444 m, +1603.738 mm above the ground
[RockPrecisionFixDiag]   rock 'Kerbin Zn3010000130' 'Grass00' #171 vertex 7: ground 600201.286079 m, vertex 600202.904333 m, +1618.253 mm above the ground
[RockPrecisionFixDiag]   rock 'Kerbin Zn3010000130' 'Grass00' #172 vertex 0: ground 600194.605588 m, vertex 600194.316684 m, -288.904 mm above the ground
[RockPrecisionFixDiag]   rock 'Kerbin Zn3010000130' 'Grass00' #172 vertex 1: ground 600194.637621 m, vertex 600194.315726 m, -321.895 mm above the ground
[RockPrecisionFixDiag]   rock 'Kerbin Zn3010000130' 'Grass00' #172 vertex 2: ground 600194.605649 m, vertex 600195.416697 m, +811.047 mm above the ground
[RockPrecisionFixDiag]   rock 'Kerbin Zn3010000130' 'Grass00' #172 vertex 3: ground 600194.637643 m, vertex 600195.415762 m, +778.119 mm above the ground
[RockPrecisionFixDiag]   rock 'Kerbin Zn3010000130' 'Grass00' #172 vertex 4: ground 600194.605588 m, vertex 600194.316684 m, -288.904 mm above the ground
[RockPrecisionFixDiag]   rock 'Kerbin Zn3010000130' 'Grass00' #172 vertex 5: ground 600194.637621 m, vertex 600194.315726 m, -321.895 mm above the ground
[RockPrecisionFixDiag]   rock 'Kerbin Zn3010000130' 'Grass00' #172 vertex 6: ground 600194.605649 m, vertex 600195.416697 m, +811.047 mm above the ground
[RockPrecisionFixDiag]   rock 'Kerbin Zn3010000130' 'Grass00' #172 vertex 7: ground 600194.637643 m, vertex 600195.415762 m, +778.119 mm above the ground
[RockPrecisionFixDiag]   rock 'Kerbin Zn3010000130' 'Grass00' #173 vertex 0: ground 600208.332909 m, vertex 600208.043424 m, -289.486 mm above the ground
[RockPrecisionFixDiag]   rock 'Kerbin Zn3010000130' 'Grass00' #173 vertex 1: ground 600208.269813 m, vertex 600208.044134 m, -225.679 mm above the ground
[RockPrecisionFixDiag]   rock 'Kerbin Zn3010000130' 'Grass00' #173 vertex 2: ground 600208.333043 m, vertex 600209.743861 m, +1410.818 mm above the ground
[RockPrecisionFixDiag]   rock 'Kerbin Zn3010000130' 'Grass00' #173 vertex 3: ground 600208.269942 m, vertex 600209.744571 m, +1474.629 mm above the ground
[RockPrecisionFixDiag]   rock 'Kerbin Zn3010000130' 'Grass00' #173 vertex 4: ground 600208.332909 m, vertex 600208.043424 m, -289.486 mm above the ground
[RockPrecisionFixDiag]   rock 'Kerbin Zn3010000130' 'Grass00' #173 vertex 5: ground 600208.269813 m, vertex 600208.044134 m, -225.679 mm above the ground
[RockPrecisionFixDiag]   rock 'Kerbin Zn3010000130' 'Grass00' #173 vertex 6: ground 600208.333043 m, vertex 600209.743861 m, +1410.818 mm above the ground
[RockPrecisionFixDiag]   rock 'Kerbin Zn3010000130' 'Grass00' #173 vertex 7: ground 600208.269942 m, vertex 600209.744571 m, +1474.629 mm above the ground
[RockPrecisionFixDiag]   rock 'Kerbin Zn3010000130' 'Grass00' #174 vertex 0: ground 600196.542409 m, vertex 600196.254024 m, -288.385 mm above the ground
[RockPrecisionFixDiag]   rock 'Kerbin Zn3010000130' 'Grass00' #174 vertex 1: ground 600196.525308 m, vertex 600196.252045 m, -273.263 mm above the ground
[RockPrecisionFixDiag]   rock 'Kerbin Zn3010000130' 'Grass00' #174 vertex 2: ground 600196.542361 m, vertex 600198.103197 m, +1560.836 mm above the ground
[RockPrecisionFixDiag]   rock 'Kerbin Zn3010000130' 'Grass00' #174 vertex 3: ground 600196.525275 m, vertex 600198.101218 m, +1575.943 mm above the ground
[RockPrecisionFixDiag]   rock 'Kerbin Zn3010000130' 'Grass00' #174 vertex 4: ground 600196.542409 m, vertex 600196.254024 m, -288.385 mm above the ground
[RockPrecisionFixDiag]   rock 'Kerbin Zn3010000130' 'Grass00' #174 vertex 5: ground 600196.525308 m, vertex 600196.252045 m, -273.263 mm above the ground
[RockPrecisionFixDiag]   rock 'Kerbin Zn3010000130' 'Grass00' #174 vertex 6: ground 600196.542361 m, vertex 600198.103197 m, +1560.836 mm above the ground
[RockPrecisionFixDiag]   rock 'Kerbin Zn3010000130' 'Grass00' #174 vertex 7: ground 600196.525275 m, vertex 600198.101218 m, +1575.943 mm above the ground
[RockPrecisionFixDiag]   rock 'Kerbin Zn3010000130' 'Grass00' #175 vertex 0: ground 600191.580047 m, vertex 600191.292559 m, -287.488 mm above the ground
[RockPrecisionFixDiag]   rock 'Kerbin Zn3010000130' 'Grass00' #175 vertex 1: ground 600191.618034 m, vertex 600191.292303 m, -325.731 mm above the ground
[RockPrecisionFixDiag]   rock 'Kerbin Zn3010000130' 'Grass00' #175 vertex 2: ground 600191.580049 m, vertex 600192.539166 m, +959.116 mm above the ground
[RockPrecisionFixDiag]   rock 'Kerbin Zn3010000130' 'Grass00' #175 vertex 3: ground 600191.618044 m, vertex 600192.538905 m, +920.862 mm above the ground
[RockPrecisionFixDiag]   rock 'Kerbin Zn3010000130' 'Grass00' #175 vertex 4: ground 600191.580047 m, vertex 600191.292559 m, -287.488 mm above the ground
[RockPrecisionFixDiag]   rock 'Kerbin Zn3010000130' 'Grass00' #175 vertex 5: ground 600191.618034 m, vertex 600191.292303 m, -325.731 mm above the ground
[RockPrecisionFixDiag]   rock 'Kerbin Zn3010000130' 'Grass00' #175 vertex 6: ground 600191.580049 m, vertex 600192.539166 m, +959.116 mm above the ground
[RockPrecisionFixDiag]   rock 'Kerbin Zn3010000130' 'Grass00' #175 vertex 7: ground 600191.618044 m, vertex 600192.538905 m, +920.862 mm above the ground
[RockPrecisionFixDiag]   rock 'Kerbin Zn3010000130' 'Grass00' #176 vertex 0: ground 600199.927980 m, vertex 600199.640561 m, -287.419 mm above the ground
[RockPrecisionFixDiag]   rock 'Kerbin Zn3010000130' 'Grass00' #176 vertex 1: ground 600199.836221 m, vertex 600199.639849 m, -196.372 mm above the ground
[RockPrecisionFixDiag]   rock 'Kerbin Zn3010000130' 'Grass00' #176 vertex 2: ground 600199.927930 m, vertex 600201.423722 m, +1495.791 mm above the ground
[RockPrecisionFixDiag]   rock 'Kerbin Zn3010000130' 'Grass00' #176 vertex 3: ground 600199.836200 m, vertex 600201.423029 m, +1586.829 mm above the ground
[RockPrecisionFixDiag]   rock 'Kerbin Zn3010000130' 'Grass00' #176 vertex 4: ground 600199.927980 m, vertex 600199.640561 m, -287.419 mm above the ground
[RockPrecisionFixDiag]   rock 'Kerbin Zn3010000130' 'Grass00' #176 vertex 5: ground 600199.836221 m, vertex 600199.639849 m, -196.372 mm above the ground
[RockPrecisionFixDiag]   rock 'Kerbin Zn3010000130' 'Grass00' #176 vertex 6: ground 600199.927930 m, vertex 600201.423722 m, +1495.791 mm above the ground
[RockPrecisionFixDiag]   rock 'Kerbin Zn3010000130' 'Grass00' #176 vertex 7: ground 600199.836200 m, vertex 600201.423029 m, +1586.829 mm above the ground
[RockPrecisionFixDiag]   rock 'Kerbin Zn3010000130' 'Grass00' #177 vertex 0: ground 600207.632647 m, vertex 600207.343076 m, -289.571 mm above the ground
[RockPrecisionFixDiag]   rock 'Kerbin Zn3010000130' 'Grass00' #177 vertex 1: ground 600207.554797 m, vertex 600207.343776 m, -211.021 mm above the ground
[RockPrecisionFixDiag]   rock 'Kerbin Zn3010000130' 'Grass00' #177 vertex 2: ground 600207.632754 m, vertex 600208.858249 m, +1225.495 mm above the ground
[RockPrecisionFixDiag]   rock 'Kerbin Zn3010000130' 'Grass00' #177 vertex 3: ground 600207.554880 m, vertex 600208.858953 m, +1304.072 mm above the ground
[RockPrecisionFixDiag]   rock 'Kerbin Zn3010000130' 'Grass00' #177 vertex 4: ground 600207.632647 m, vertex 600207.343076 m, -289.571 mm above the ground
[RockPrecisionFixDiag]   rock 'Kerbin Zn3010000130' 'Grass00' #177 vertex 5: ground 600207.554797 m, vertex 600207.343776 m, -211.021 mm above the ground
[RockPrecisionFixDiag]   rock 'Kerbin Zn3010000130' 'Grass00' #177 vertex 6: ground 600207.632754 m, vertex 600208.858249 m, +1225.495 mm above the ground
[RockPrecisionFixDiag]   rock 'Kerbin Zn3010000130' 'Grass00' #177 vertex 7: ground 600207.554880 m, vertex 600208.858953 m, +1304.072 mm above the ground
[RockPrecisionFixDiag]   rock 'Kerbin Zn3010000130' 'Grass00' #178 vertex 0: ground 600192.930324 m, vertex 600192.641419 m, -288.905 mm above the ground
[RockPrecisionFixDiag]   rock 'Kerbin Zn3010000130' 'Grass00' #178 vertex 1: ground 600192.901479 m, vertex 600192.639828 m, -261.651 mm above the ground
[RockPrecisionFixDiag]   rock 'Kerbin Zn3010000130' 'Grass00' #178 vertex 2: ground 600192.930312 m, vertex 600194.259579 m, +1329.267 mm above the ground
[RockPrecisionFixDiag]   rock 'Kerbin Zn3010000130' 'Grass00' #178 vertex 3: ground 600192.901451 m, vertex 600194.257946 m, +1356.495 mm above the ground
[RockPrecisionFixDiag]   rock 'Kerbin Zn3010000130' 'Grass00' #178 vertex 4: ground 600192.930324 m, vertex 600192.641419 m, -288.905 mm above the ground
[RockPrecisionFixDiag]   rock 'Kerbin Zn3010000130' 'Grass00' #178 vertex 5: ground 600192.901479 m, vertex 600192.639828 m, -261.651 mm above the ground
[RockPrecisionFixDiag]   rock 'Kerbin Zn3010000130' 'Grass00' #178 vertex 6: ground 600192.930312 m, vertex 600194.259579 m, +1329.267 mm above the ground
[RockPrecisionFixDiag]   rock 'Kerbin Zn3010000130' 'Grass00' #178 vertex 7: ground 600192.901451 m, vertex 600194.257946 m, +1356.495 mm above the ground
[RockPrecisionFixDiag]   rock 'Kerbin Zn3010000130' 'Grass00' #179 vertex 0: ground 600188.910533 m, vertex 600188.633502 m, -277.031 mm above the ground
[RockPrecisionFixDiag]   rock 'Kerbin Zn3010000130' 'Grass00' #179 vertex 1: ground 600188.881940 m, vertex 600188.634329 m, -247.611 mm above the ground
[RockPrecisionFixDiag]   rock 'Kerbin Zn3010000130' 'Grass00' #179 vertex 2: ground 600188.910525 m, vertex 600190.324432 m, +1413.906 mm above the ground
[RockPrecisionFixDiag]   rock 'Kerbin Zn3010000130' 'Grass00' #179 vertex 3: ground 600188.881972 m, vertex 600190.325247 m, +1443.275 mm above the ground
[RockPrecisionFixDiag]   rock 'Kerbin Zn3010000130' 'Grass00' #179 vertex 4: ground 600188.910533 m, vertex 600188.633502 m, -277.031 mm above the ground
[RockPrecisionFixDiag]   rock 'Kerbin Zn3010000130' 'Grass00' #179 vertex 5: ground 600188.881940 m, vertex 600188.634329 m, -247.611 mm above the ground
[RockPrecisionFixDiag]   rock 'Kerbin Zn3010000130' 'Grass00' #179 vertex 6: ground 600188.910525 m, vertex 600190.324432 m, +1413.906 mm above the ground
[RockPrecisionFixDiag]   rock 'Kerbin Zn3010000130' 'Grass00' #179 vertex 7: ground 600188.881972 m, vertex 600190.325247 m, +1443.275 mm above the ground
[RockPrecisionFixDiag]   rock 'Kerbin Zn3010000130' 'Grass00' #180 vertex 0: ground 600202.226305 m, vertex 600201.938440 m, -287.865 mm above the ground
[RockPrecisionFixDiag]   rock 'Kerbin Zn3010000130' 'Grass00' #180 vertex 1: ground 600202.201928 m, vertex 600201.939340 m, -262.587 mm above the ground
[RockPrecisionFixDiag]   rock 'Kerbin Zn3010000130' 'Grass00' #180 vertex 2: ground 600202.226354 m, vertex 600203.048022 m, +821.668 mm above the ground
[RockPrecisionFixDiag]   rock 'Kerbin Zn3010000130' 'Grass00' #180 vertex 3: ground 600202.202024 m, vertex 600203.048902 m, +846.879 mm above the ground
[RockPrecisionFixDiag]   rock 'Kerbin Zn3010000130' 'Grass00' #180 vertex 4: ground 600202.226305 m, vertex 600201.938440 m, -287.865 mm above the ground
[RockPrecisionFixDiag]   rock 'Kerbin Zn3010000130' 'Grass00' #180 vertex 5: ground 600202.201928 m, vertex 600201.939340 m, -262.587 mm above the ground
[RockPrecisionFixDiag]   rock 'Kerbin Zn3010000130' 'Grass00' #180 vertex 6: ground 600202.226354 m, vertex 600203.048022 m, +821.668 mm above the ground
[RockPrecisionFixDiag]   rock 'Kerbin Zn3010000130' 'Grass00' #180 vertex 7: ground 600202.202024 m, vertex 600203.048902 m, +846.879 mm above the ground
[RockPrecisionFixDiag]   rock 'Kerbin Zn3010000130' 'Grass00' #181 vertex 0: ground 600189.730421 m, vertex 600189.552689 m, -177.732 mm above the ground
[RockPrecisionFixDiag]   rock 'Kerbin Zn3010000130' 'Grass00' #181 vertex 1: ground 600189.691471 m, vertex 600189.552514 m, -138.957 mm above the ground
[RockPrecisionFixDiag]   rock 'Kerbin Zn3010000130' 'Grass00' #181 vertex 2: ground 600189.730410 m, vertex 600190.696816 m, +966.406 mm above the ground
[RockPrecisionFixDiag]   rock 'Kerbin Zn3010000130' 'Grass00' #181 vertex 3: ground 600189.691464 m, vertex 600190.696646 m, +1005.181 mm above the ground
[RockPrecisionFixDiag]   rock 'Kerbin Zn3010000130' 'Grass00' #181 vertex 4: ground 600189.730421 m, vertex 600189.552689 m, -177.732 mm above the ground
[RockPrecisionFixDiag]   rock 'Kerbin Zn3010000130' 'Grass00' #181 vertex 5: ground 600189.691471 m, vertex 600189.552514 m, -138.957 mm above the ground
[RockPrecisionFixDiag]   rock 'Kerbin Zn3010000130' 'Grass00' #181 vertex 6: ground 600189.730410 m, vertex 600190.696816 m, +966.406 mm above the ground
[RockPrecisionFixDiag]   rock 'Kerbin Zn3010000130' 'Grass00' #181 vertex 7: ground 600189.691464 m, vertex 600190.696646 m, +1005.181 mm above the ground
[RockPrecisionFixDiag]   rock 'Kerbin Zn3010000130' 'Grass00' #182 vertex 0: ground 600190.353260 m, vertex 600190.064096 m, -289.164 mm above the ground
[RockPrecisionFixDiag]   rock 'Kerbin Zn3010000130' 'Grass00' #182 vertex 1: ground 600190.330877 m, vertex 600190.064618 m, -266.258 mm above the ground
[RockPrecisionFixDiag]   rock 'Kerbin Zn3010000130' 'Grass00' #182 vertex 2: ground 600190.353296 m, vertex 600191.145476 m, +792.179 mm above the ground
[RockPrecisionFixDiag]   rock 'Kerbin Zn3010000130' 'Grass00' #182 vertex 3: ground 600190.330913 m, vertex 600191.145998 m, +815.085 mm above the ground
[RockPrecisionFixDiag]   rock 'Kerbin Zn3010000130' 'Grass00' #182 vertex 4: ground 600190.353260 m, vertex 600190.064096 m, -289.164 mm above the ground
[RockPrecisionFixDiag]   rock 'Kerbin Zn3010000130' 'Grass00' #182 vertex 5: ground 600190.330877 m, vertex 600190.064618 m, -266.258 mm above the ground
[RockPrecisionFixDiag]   rock 'Kerbin Zn3010000130' 'Grass00' #182 vertex 6: ground 600190.353296 m, vertex 600191.145476 m, +792.179 mm above the ground
[RockPrecisionFixDiag]   rock 'Kerbin Zn3010000130' 'Grass00' #182 vertex 7: ground 600190.330913 m, vertex 600191.145998 m, +815.085 mm above the ground
[RockPrecisionFixDiag]   rock 'Kerbin Zn3010000130' 'Grass00' #183 vertex 0: ground 600194.401057 m, vertex 600194.112110 m, -288.947 mm above the ground
[RockPrecisionFixDiag]   rock 'Kerbin Zn3010000130' 'Grass00' #183 vertex 1: ground 600194.425710 m, vertex 600194.111267 m, -314.443 mm above the ground
[RockPrecisionFixDiag]   rock 'Kerbin Zn3010000130' 'Grass00' #183 vertex 2: ground 600194.401002 m, vertex 600195.124546 m, +723.544 mm above the ground
[RockPrecisionFixDiag]   rock 'Kerbin Zn3010000130' 'Grass00' #183 vertex 3: ground 600194.425748 m, vertex 600195.123683 m, +697.935 mm above the ground
[RockPrecisionFixDiag]   rock 'Kerbin Zn3010000130' 'Grass00' #183 vertex 4: ground 600194.401057 m, vertex 600194.112110 m, -288.947 mm above the ground
[RockPrecisionFixDiag]   rock 'Kerbin Zn3010000130' 'Grass00' #183 vertex 5: ground 600194.425710 m, vertex 600194.111267 m, -314.443 mm above the ground
[RockPrecisionFixDiag]   rock 'Kerbin Zn3010000130' 'Grass00' #183 vertex 6: ground 600194.401002 m, vertex 600195.124546 m, +723.544 mm above the ground
[RockPrecisionFixDiag]   rock 'Kerbin Zn3010000130' 'Grass00' #183 vertex 7: ground 600194.425748 m, vertex 600195.123683 m, +697.935 mm above the ground
[RockPrecisionFixDiag]   rock 'Kerbin Zn3010000130' 'Grass00' #184 vertex 0: ground 600205.286307 m, vertex 600204.997861 m, -288.446 mm above the ground
[RockPrecisionFixDiag]   rock 'Kerbin Zn3010000130' 'Grass00' #184 vertex 1: ground 600205.268276 m, vertex 600204.997202 m, -271.074 mm above the ground
[RockPrecisionFixDiag]   rock 'Kerbin Zn3010000130' 'Grass00' #184 vertex 2: ground 600205.286342 m, vertex 600206.074306 m, +787.964 mm above the ground
[RockPrecisionFixDiag]   rock 'Kerbin Zn3010000130' 'Grass00' #184 vertex 3: ground 600205.268248 m, vertex 600206.073651 m, +805.403 mm above the ground
[RockPrecisionFixDiag]   rock 'Kerbin Zn3010000130' 'Grass00' #184 vertex 4: ground 600205.286307 m, vertex 600204.997861 m, -288.446 mm above the ground
[RockPrecisionFixDiag]   rock 'Kerbin Zn3010000130' 'Grass00' #184 vertex 5: ground 600205.268276 m, vertex 600204.997202 m, -271.074 mm above the ground
[RockPrecisionFixDiag]   rock 'Kerbin Zn3010000130' 'Grass00' #184 vertex 6: ground 600205.286342 m, vertex 600206.074306 m, +787.964 mm above the ground
[RockPrecisionFixDiag]   rock 'Kerbin Zn3010000130' 'Grass00' #184 vertex 7: ground 600205.268248 m, vertex 600206.073651 m, +805.403 mm above the ground
[RockPrecisionFixDiag]   rock 'Kerbin Zn3010000130' 'Grass00' #185 vertex 0: ground 600194.058524 m, vertex 600193.769691 m, -288.832 mm above the ground
[RockPrecisionFixDiag]   rock 'Kerbin Zn3010000130' 'Grass00' #185 vertex 1: ground 600193.965348 m, vertex 600193.770183 m, -195.165 mm above the ground
[RockPrecisionFixDiag]   rock 'Kerbin Zn3010000130' 'Grass00' #185 vertex 2: ground 600194.058571 m, vertex 600195.559342 m, +1500.771 mm above the ground
[RockPrecisionFixDiag]   rock 'Kerbin Zn3010000130' 'Grass00' #185 vertex 3: ground 600193.965389 m, vertex 600195.559834 m, +1594.445 mm above the ground
[RockPrecisionFixDiag]   rock 'Kerbin Zn3010000130' 'Grass00' #185 vertex 4: ground 600194.058524 m, vertex 600193.769691 m, -288.832 mm above the ground
[RockPrecisionFixDiag]   rock 'Kerbin Zn3010000130' 'Grass00' #185 vertex 5: ground 600193.965348 m, vertex 600193.770183 m, -195.165 mm above the ground
[RockPrecisionFixDiag]   rock 'Kerbin Zn3010000130' 'Grass00' #185 vertex 6: ground 600194.058571 m, vertex 600195.559342 m, +1500.771 mm above the ground
[RockPrecisionFixDiag]   rock 'Kerbin Zn3010000130' 'Grass00' #185 vertex 7: ground 600193.965389 m, vertex 600195.559834 m, +1594.445 mm above the ground
[RockPrecisionFixDiag]   rock 'Kerbin Zn3010000130' 'Grass00' #186 vertex 0: ground 600191.573734 m, vertex 600191.286385 m, -287.350 mm above the ground
[RockPrecisionFixDiag]   rock 'Kerbin Zn3010000130' 'Grass00' #186 vertex 1: ground 600191.607360 m, vertex 600191.286782 m, -320.578 mm above the ground
[RockPrecisionFixDiag]   rock 'Kerbin Zn3010000130' 'Grass00' #186 vertex 2: ground 600191.573713 m, vertex 600192.345711 m, +771.998 mm above the ground
[RockPrecisionFixDiag]   rock 'Kerbin Zn3010000130' 'Grass00' #186 vertex 3: ground 600191.607339 m, vertex 600192.346099 m, +738.759 mm above the ground
[RockPrecisionFixDiag]   rock 'Kerbin Zn3010000130' 'Grass00' #186 vertex 4: ground 600191.573734 m, vertex 600191.286385 m, -287.350 mm above the ground
[RockPrecisionFixDiag]   rock 'Kerbin Zn3010000130' 'Grass00' #186 vertex 5: ground 600191.607360 m, vertex 600191.286782 m, -320.578 mm above the ground
[RockPrecisionFixDiag]   rock 'Kerbin Zn3010000130' 'Grass00' #186 vertex 6: ground 600191.573713 m, vertex 600192.345711 m, +771.998 mm above the ground
[RockPrecisionFixDiag]   rock 'Kerbin Zn3010000130' 'Grass00' #186 vertex 7: ground 600191.607339 m, vertex 600192.346099 m, +738.759 mm above the ground
[RockPrecisionFixDiag]   rock 'Kerbin Zn3010000130' 'Grass00' #187 vertex 0: ground 600190.366602 m, vertex 600190.077959 m, -288.643 mm above the ground
[RockPrecisionFixDiag]   rock 'Kerbin Zn3010000130' 'Grass00' #187 vertex 1: ground 600190.389844 m, vertex 600190.077945 m, -311.900 mm above the ground
[RockPrecisionFixDiag]   rock 'Kerbin Zn3010000130' 'Grass00' #187 vertex 2: ground 600190.366582 m, vertex 600191.474380 m, +1107.798 mm above the ground
[RockPrecisionFixDiag]   rock 'Kerbin Zn3010000130' 'Grass00' #187 vertex 3: ground 600190.389794 m, vertex 600191.474364 m, +1084.570 mm above the ground
[RockPrecisionFixDiag]   rock 'Kerbin Zn3010000130' 'Grass00' #187 vertex 4: ground 600190.366602 m, vertex 600190.077959 m, -288.643 mm above the ground
[RockPrecisionFixDiag]   rock 'Kerbin Zn3010000130' 'Grass00' #187 vertex 5: ground 600190.389844 m, vertex 600190.077945 m, -311.900 mm above the ground
[RockPrecisionFixDiag]   rock 'Kerbin Zn3010000130' 'Grass00' #187 vertex 6: ground 600190.366582 m, vertex 600191.474380 m, +1107.798 mm above the ground
[RockPrecisionFixDiag]   rock 'Kerbin Zn3010000130' 'Grass00' #187 vertex 7: ground 600190.389794 m, vertex 600191.474364 m, +1084.570 mm above the ground
[RockPrecisionFixDiag]   rock 'Kerbin Zn3010000130' 'Grass00' #188 vertex 0: ground 600190.305636 m, vertex 600190.016931 m, -288.705 mm above the ground
[RockPrecisionFixDiag]   rock 'Kerbin Zn3010000130' 'Grass00' #188 vertex 1: ground 600190.245910 m, vertex 600190.016380 m, -229.530 mm above the ground
[RockPrecisionFixDiag]   rock 'Kerbin Zn3010000130' 'Grass00' #188 vertex 2: ground 600190.305597 m, vertex 600191.452327 m, +1146.730 mm above the ground
[RockPrecisionFixDiag]   rock 'Kerbin Zn3010000130' 'Grass00' #188 vertex 3: ground 600190.245864 m, vertex 600191.451782 m, +1205.918 mm above the ground
[RockPrecisionFixDiag]   rock 'Kerbin Zn3010000130' 'Grass00' #188 vertex 4: ground 600190.305636 m, vertex 600190.016931 m, -288.705 mm above the ground
[RockPrecisionFixDiag]   rock 'Kerbin Zn3010000130' 'Grass00' #188 vertex 5: ground 600190.245910 m, vertex 600190.016380 m, -229.530 mm above the ground
[RockPrecisionFixDiag]   rock 'Kerbin Zn3010000130' 'Grass00' #188 vertex 6: ground 600190.305597 m, vertex 600191.452327 m, +1146.730 mm above the ground
[RockPrecisionFixDiag]   rock 'Kerbin Zn3010000130' 'Grass00' #188 vertex 7: ground 600190.245864 m, vertex 600191.451782 m, +1205.918 mm above the ground
[RockPrecisionFixDiag]   rock 'Kerbin Zn3010000130' 'Grass00' #189 vertex 0: ground 600202.901737 m, vertex 600202.613470 m, -288.266 mm above the ground
[RockPrecisionFixDiag]   rock 'Kerbin Zn3010000130' 'Grass00' #189 vertex 1: ground 600202.880715 m, vertex 600202.613069 m, -267.647 mm above the ground
[RockPrecisionFixDiag]   rock 'Kerbin Zn3010000130' 'Grass00' #189 vertex 2: ground 600202.901754 m, vertex 600203.964453 m, +1062.700 mm above the ground
[RockPrecisionFixDiag]   rock 'Kerbin Zn3010000130' 'Grass00' #189 vertex 3: ground 600202.880742 m, vertex 600203.964052 m, +1083.310 mm above the ground
[RockPrecisionFixDiag]   rock 'Kerbin Zn3010000130' 'Grass00' #189 vertex 4: ground 600202.901737 m, vertex 600202.613470 m, -288.266 mm above the ground
[RockPrecisionFixDiag]   rock 'Kerbin Zn3010000130' 'Grass00' #189 vertex 5: ground 600202.880715 m, vertex 600202.613069 m, -267.647 mm above the ground
[RockPrecisionFixDiag]   rock 'Kerbin Zn3010000130' 'Grass00' #189 vertex 6: ground 600202.901754 m, vertex 600203.964453 m, +1062.700 mm above the ground
[RockPrecisionFixDiag]   rock 'Kerbin Zn3010000130' 'Grass00' #189 vertex 7: ground 600202.880742 m, vertex 600203.964052 m, +1083.310 mm above the ground
[RockPrecisionFixDiag]   rock 'Kerbin Zn3010000130' 'Grass00' #190 vertex 0: ground 600196.499111 m, vertex 600196.210464 m, -288.647 mm above the ground
[RockPrecisionFixDiag]   rock 'Kerbin Zn3010000130' 'Grass00' #190 vertex 1: ground 600196.538650 m, vertex 600196.210297 m, -328.353 mm above the ground
[RockPrecisionFixDiag]   rock 'Kerbin Zn3010000130' 'Grass00' #190 vertex 2: ground 600196.499131 m, vertex 600198.158140 m, +1659.009 mm above the ground
[RockPrecisionFixDiag]   rock 'Kerbin Zn3010000130' 'Grass00' #190 vertex 3: ground 600196.538660 m, vertex 600198.157973 m, +1619.313 mm above the ground
[RockPrecisionFixDiag]   rock 'Kerbin Zn3010000130' 'Grass00' #190 vertex 4: ground 600196.499111 m, vertex 600196.210464 m, -288.647 mm above the ground
[RockPrecisionFixDiag]   rock 'Kerbin Zn3010000130' 'Grass00' #190 vertex 5: ground 600196.538650 m, vertex 600196.210297 m, -328.353 mm above the ground
[RockPrecisionFixDiag]   rock 'Kerbin Zn3010000130' 'Grass00' #190 vertex 6: ground 600196.499131 m, vertex 600198.158140 m, +1659.009 mm above the ground
[RockPrecisionFixDiag]   rock 'Kerbin Zn3010000130' 'Grass00' #190 vertex 7: ground 600196.538660 m, vertex 600198.157973 m, +1619.313 mm above the ground
[RockPrecisionFixDiag]   rock 'Kerbin Zn3010000130' 'Grass00' #191 vertex 0: ground 600187.779943 m, vertex 600187.491710 m, -288.233 mm above the ground
[RockPrecisionFixDiag]   rock 'Kerbin Zn3010000130' 'Grass00' #191 vertex 1: ground 600187.756038 m, vertex 600187.492594 m, -263.444 mm above the ground
[RockPrecisionFixDiag]   rock 'Kerbin Zn3010000130' 'Grass00' #191 vertex 2: ground 600187.779924 m, vertex 600189.233276 m, +1453.352 mm above the ground
[RockPrecisionFixDiag]   rock 'Kerbin Zn3010000130' 'Grass00' #191 vertex 3: ground 600187.756039 m, vertex 600189.234158 m, +1478.120 mm above the ground
[RockPrecisionFixDiag]   rock 'Kerbin Zn3010000130' 'Grass00' #191 vertex 4: ground 600187.779943 m, vertex 600187.491710 m, -288.233 mm above the ground
[RockPrecisionFixDiag]   rock 'Kerbin Zn3010000130' 'Grass00' #191 vertex 5: ground 600187.756038 m, vertex 600187.492594 m, -263.444 mm above the ground
[RockPrecisionFixDiag]   rock 'Kerbin Zn3010000130' 'Grass00' #191 vertex 6: ground 600187.779924 m, vertex 600189.233276 m, +1453.352 mm above the ground
[RockPrecisionFixDiag]   rock 'Kerbin Zn3010000130' 'Grass00' #191 vertex 7: ground 600187.756039 m, vertex 600189.234158 m, +1478.120 mm above the ground
[RockPrecisionFixDiag]   rock 'Kerbin Zn3010000130' 'Grass00' #192 vertex 0: ground 600198.430309 m, vertex 600198.600140 m, +169.830 mm above the ground
[RockPrecisionFixDiag]   rock 'Kerbin Zn3010000130' 'Grass00' #192 vertex 1: ground 600198.375798 m, vertex 600198.600489 m, +224.691 mm above the ground
[RockPrecisionFixDiag]   rock 'Kerbin Zn3010000130' 'Grass00' #192 vertex 2: ground 600198.430342 m, vertex 600200.033745 m, +1603.403 mm above the ground
[RockPrecisionFixDiag]   rock 'Kerbin Zn3010000130' 'Grass00' #192 vertex 3: ground 600198.375774 m, vertex 600200.034094 m, +1658.320 mm above the ground
[RockPrecisionFixDiag]   rock 'Kerbin Zn3010000130' 'Grass00' #192 vertex 4: ground 600198.430309 m, vertex 600198.600140 m, +169.830 mm above the ground
[RockPrecisionFixDiag]   rock 'Kerbin Zn3010000130' 'Grass00' #192 vertex 5: ground 600198.375798 m, vertex 600198.600489 m, +224.691 mm above the ground
[RockPrecisionFixDiag]   rock 'Kerbin Zn3010000130' 'Grass00' #192 vertex 6: ground 600198.430342 m, vertex 600200.033745 m, +1603.403 mm above the ground
[RockPrecisionFixDiag]   rock 'Kerbin Zn3010000130' 'Grass00' #192 vertex 7: ground 600198.375774 m, vertex 600200.034094 m, +1658.320 mm above the ground
[RockPrecisionFixDiag]   rock 'Kerbin Zn3010000130' 'Grass00' #193 vertex 0: ground 600204.849170 m, vertex 600204.671636 m, -177.534 mm above the ground
[RockPrecisionFixDiag]   rock 'Kerbin Zn3010000130' 'Grass00' #193 vertex 1: ground 600204.803637 m, vertex 600204.670734 m, -132.903 mm above the ground
[RockPrecisionFixDiag]   rock 'Kerbin Zn3010000130' 'Grass00' #193 vertex 2: ground 600204.849134 m, vertex 600205.988509 m, +1139.374 mm above the ground
[RockPrecisionFixDiag]   rock 'Kerbin Zn3010000130' 'Grass00' #193 vertex 3: ground 600204.803563 m, vertex 600205.987611 m, +1184.048 mm above the ground
[RockPrecisionFixDiag]   rock 'Kerbin Zn3010000130' 'Grass00' #193 vertex 4: ground 600204.849170 m, vertex 600204.671636 m, -177.534 mm above the ground
[RockPrecisionFixDiag]   rock 'Kerbin Zn3010000130' 'Grass00' #193 vertex 5: ground 600204.803637 m, vertex 600204.670734 m, -132.903 mm above the ground
[RockPrecisionFixDiag]   rock 'Kerbin Zn3010000130' 'Grass00' #193 vertex 6: ground 600204.849134 m, vertex 600205.988509 m, +1139.374 mm above the ground
[RockPrecisionFixDiag]   rock 'Kerbin Zn3010000130' 'Grass00' #193 vertex 7: ground 600204.803563 m, vertex 600205.987611 m, +1184.048 mm above the ground
[RockPrecisionFixDiag]   rock 'Kerbin Zn3010000130' 'Grass00' #194 vertex 0: ground 600197.471242 m, vertex 600197.183361 m, -287.881 mm above the ground
[RockPrecisionFixDiag]   rock 'Kerbin Zn3010000130' 'Grass00' #194 vertex 1: ground 600197.436891 m, vertex 600197.182043 m, -254.848 mm above the ground
[RockPrecisionFixDiag]   rock 'Kerbin Zn3010000130' 'Grass00' #194 vertex 2: ground 600197.471154 m, vertex 600198.754197 m, +1283.042 mm above the ground
[RockPrecisionFixDiag]   rock 'Kerbin Zn3010000130' 'Grass00' #194 vertex 3: ground 600197.436796 m, vertex 600198.752856 m, +1316.060 mm above the ground
[RockPrecisionFixDiag]   rock 'Kerbin Zn3010000130' 'Grass00' #194 vertex 4: ground 600197.471242 m, vertex 600197.183361 m, -287.881 mm above the ground
[RockPrecisionFixDiag]   rock 'Kerbin Zn3010000130' 'Grass00' #194 vertex 5: ground 600197.436891 m, vertex 600197.182043 m, -254.848 mm above the ground
[RockPrecisionFixDiag]   rock 'Kerbin Zn3010000130' 'Grass00' #194 vertex 6: ground 600197.471154 m, vertex 600198.754197 m, +1283.042 mm above the ground
[RockPrecisionFixDiag]   rock 'Kerbin Zn3010000130' 'Grass00' #194 vertex 7: ground 600197.436796 m, vertex 600198.752856 m, +1316.060 mm above the ground
[RockPrecisionFixDiag]   rock 'Kerbin Zn3010000130' 'Grass00' #195 vertex 0: ground 600196.769614 m, vertex 600196.481698 m, -287.915 mm above the ground
[RockPrecisionFixDiag]   rock 'Kerbin Zn3010000130' 'Grass00' #195 vertex 1: ground 600196.781974 m, vertex 600196.482059 m, -299.915 mm above the ground
[RockPrecisionFixDiag]   rock 'Kerbin Zn3010000130' 'Grass00' #195 vertex 2: ground 600196.769555 m, vertex 600197.920483 m, +1150.928 mm above the ground
[RockPrecisionFixDiag]   rock 'Kerbin Zn3010000130' 'Grass00' #195 vertex 3: ground 600196.781949 m, vertex 600197.920843 m, +1138.895 mm above the ground
[RockPrecisionFixDiag]   rock 'Kerbin Zn3010000130' 'Grass00' #195 vertex 4: ground 600196.769614 m, vertex 600196.481698 m, -287.915 mm above the ground
[RockPrecisionFixDiag]   rock 'Kerbin Zn3010000130' 'Grass00' #195 vertex 5: ground 600196.781974 m, vertex 600196.482059 m, -299.915 mm above the ground
[RockPrecisionFixDiag]   rock 'Kerbin Zn3010000130' 'Grass00' #195 vertex 6: ground 600196.769555 m, vertex 600197.920483 m, +1150.928 mm above the ground
[RockPrecisionFixDiag]   rock 'Kerbin Zn3010000130' 'Grass00' #195 vertex 7: ground 600196.781949 m, vertex 600197.920843 m, +1138.895 mm above the ground
[RockPrecisionFixDiag]   rock 'Kerbin Zn3010000130' 'Grass00' #196 vertex 0: ground 600196.433870 m, vertex 600196.146458 m, -287.412 mm above the ground
[RockPrecisionFixDiag]   rock 'Kerbin Zn3010000130' 'Grass00' #196 vertex 1: ground 600196.426766 m, vertex 600196.145723 m, -281.043 mm above the ground
[RockPrecisionFixDiag]   rock 'Kerbin Zn3010000130' 'Grass00' #196 vertex 2: ground 600196.433905 m, vertex 600197.805229 m, +1371.324 mm above the ground
[RockPrecisionFixDiag]   rock 'Kerbin Zn3010000130' 'Grass00' #196 vertex 3: ground 600196.426755 m, vertex 600197.804483 m, +1377.728 mm above the ground
[RockPrecisionFixDiag]   rock 'Kerbin Zn3010000130' 'Grass00' #196 vertex 4: ground 600196.433870 m, vertex 600196.146458 m, -287.412 mm above the ground
[RockPrecisionFixDiag]   rock 'Kerbin Zn3010000130' 'Grass00' #196 vertex 5: ground 600196.426766 m, vertex 600196.145723 m, -281.043 mm above the ground
[RockPrecisionFixDiag]   rock 'Kerbin Zn3010000130' 'Grass00' #196 vertex 6: ground 600196.433905 m, vertex 600197.805229 m, +1371.324 mm above the ground
[RockPrecisionFixDiag]   rock 'Kerbin Zn3010000130' 'Grass00' #196 vertex 7: ground 600196.426755 m, vertex 600197.804483 m, +1377.728 mm above the ground
[RockPrecisionFixDiag]   rock 'Kerbin Zn3010000130' 'Grass00' #197 vertex 0: ground 600214.632563 m, vertex 600214.416427 m, -216.136 mm above the ground
[RockPrecisionFixDiag]   rock 'Kerbin Zn3010000130' 'Grass00' #197 vertex 1: ground 600214.654822 m, vertex 600214.417272 m, -237.550 mm above the ground
[RockPrecisionFixDiag]   rock 'Kerbin Zn3010000130' 'Grass00' #197 vertex 2: ground 600214.632551 m, vertex 600215.624916 m, +992.365 mm above the ground
[RockPrecisionFixDiag]   rock 'Kerbin Zn3010000130' 'Grass00' #197 vertex 3: ground 600214.654807 m, vertex 600215.625761 m, +970.954 mm above the ground
[RockPrecisionFixDiag]   rock 'Kerbin Zn3010000130' 'Grass00' #197 vertex 4: ground 600214.632563 m, vertex 600214.416427 m, -216.136 mm above the ground
[RockPrecisionFixDiag]   rock 'Kerbin Zn3010000130' 'Grass00' #197 vertex 5: ground 600214.654822 m, vertex 600214.417272 m, -237.550 mm above the ground
[RockPrecisionFixDiag]   rock 'Kerbin Zn3010000130' 'Grass00' #197 vertex 6: ground 600214.632551 m, vertex 600215.624916 m, +992.365 mm above the ground
[RockPrecisionFixDiag]   rock 'Kerbin Zn3010000130' 'Grass00' #197 vertex 7: ground 600214.654807 m, vertex 600215.625761 m, +970.954 mm above the ground
[RockPrecisionFixDiag]   rock 'Kerbin Zn3010000130' 'Grass00' #198 vertex 0: ground 600196.928164 m, vertex 600196.640389 m, -287.775 mm above the ground
[RockPrecisionFixDiag]   rock 'Kerbin Zn3010000130' 'Grass00' #198 vertex 1: ground 600196.957970 m, vertex 600196.639412 m, -318.558 mm above the ground
[RockPrecisionFixDiag]   rock 'Kerbin Zn3010000130' 'Grass00' #198 vertex 2: ground 600196.928211 m, vertex 600197.723157 m, +794.945 mm above the ground
[RockPrecisionFixDiag]   rock 'Kerbin Zn3010000130' 'Grass00' #198 vertex 3: ground 600196.957931 m, vertex 600197.722180 m, +764.249 mm above the ground
[RockPrecisionFixDiag]   rock 'Kerbin Zn3010000130' 'Grass00' #198 vertex 4: ground 600196.928164 m, vertex 600196.640389 m, -287.775 mm above the ground
[RockPrecisionFixDiag]   rock 'Kerbin Zn3010000130' 'Grass00' #198 vertex 5: ground 600196.957970 m, vertex 600196.639412 m, -318.558 mm above the ground
[RockPrecisionFixDiag]   rock 'Kerbin Zn3010000130' 'Grass00' #198 vertex 6: ground 600196.928211 m, vertex 600197.723157 m, +794.945 mm above the ground
[RockPrecisionFixDiag]   rock 'Kerbin Zn3010000130' 'Grass00' #198 vertex 7: ground 600196.957931 m, vertex 600197.722180 m, +764.249 mm above the ground
[RockPrecisionFixDiag]   rock 'Kerbin Zn3010000130' 'Grass00' #199 vertex 0: ground 600197.761112 m, vertex 600197.472807 m, -288.305 mm above the ground
[RockPrecisionFixDiag]   rock 'Kerbin Zn3010000130' 'Grass00' #199 vertex 1: ground 600197.761226 m, vertex 600197.472792 m, -288.434 mm above the ground
[RockPrecisionFixDiag]   rock 'Kerbin Zn3010000130' 'Grass00' #199 vertex 2: ground 600197.761147 m, vertex 600199.380669 m, +1619.523 mm above the ground
[RockPrecisionFixDiag]   rock 'Kerbin Zn3010000130' 'Grass00' #199 vertex 3: ground 600197.761207 m, vertex 600199.380644 m, +1619.437 mm above the ground
[RockPrecisionFixDiag]   rock 'Kerbin Zn3010000130' 'Grass00' #199 vertex 4: ground 600197.761112 m, vertex 600197.472807 m, -288.305 mm above the ground
[RockPrecisionFixDiag]   rock 'Kerbin Zn3010000130' 'Grass00' #199 vertex 5: ground 600197.761226 m, vertex 600197.472792 m, -288.434 mm above the ground
[RockPrecisionFixDiag]   rock 'Kerbin Zn3010000130' 'Grass00' #199 vertex 6: ground 600197.761147 m, vertex 600199.380669 m, +1619.523 mm above the ground
[RockPrecisionFixDiag]   rock 'Kerbin Zn3010000130' 'Grass00' #199 vertex 7: ground 600197.761207 m, vertex 600199.380644 m, +1619.437 mm above the ground
[RockPrecisionFixDiag]   rock 'Kerbin Zn3010000130' 'Tree00' #0 vertex 11: ground 600193.474359 m, vertex 600192.348298 m, -1126.061 mm above the ground
[RockPrecisionFixDiag]   rock 'Kerbin Zn3010000130' 'Tree00' #0 vertex 47: ground 600193.507349 m, vertex 600211.766180 m, +18258.831 mm above the ground
[RockPrecisionFixDiag]   rock 'Kerbin Zn3010000130' 'Tree00' #0 vertex 31: ground 600193.131468 m, vertex 600211.752113 m, +18620.645 mm above the ground
[RockPrecisionFixDiag]   rock 'Kerbin Zn3010000130' 'Tree00' #0 vertex 55: ground 600193.045121 m, vertex 600211.758532 m, +18713.412 mm above the ground
[RockPrecisionFixDiag]   rock 'Kerbin Zn3010000130' 'Tree00' #0 vertex 39: ground 600193.411589 m, vertex 600211.759764 m, +18348.175 mm above the ground
[RockPrecisionFixDiag]   rock 'Kerbin Zn3010000130' 'Tree00' #0 vertex 48: ground 600193.723488 m, vertex 600199.453571 m, +5730.082 mm above the ground
[RockPrecisionFixDiag]   rock 'Kerbin Zn3010000130' 'Tree00' #0 vertex 37: ground 600193.176013 m, vertex 600199.452613 m, +6276.601 mm above the ground
[RockPrecisionFixDiag]   rock 'Kerbin Zn3010000130' 'Tree00' #0 vertex 40: ground 600193.172966 m, vertex 600199.443627 m, +6270.661 mm above the ground
[RockPrecisionFixDiag]   rock 'Kerbin Zn3010000130' 'Tree00' #0 vertex 12: ground 600193.503071 m, vertex 600205.054731 m, +11551.660 mm above the ground
[RockPrecisionFixDiag]   rock 'Kerbin Zn3010000130' 'Tree00' #0 vertex 32: ground 600193.197474 m, vertex 600199.442576 m, +6245.102 mm above the ground
[RockPrecisionFixDiag]   rock 'Kerbin Zn3010000130' 'Tree00' #1 vertex 11: ground 600189.080829 m, vertex 600187.883725 m, -1197.105 mm above the ground
[RockPrecisionFixDiag]   rock 'Kerbin Zn3010000130' 'Tree00' #1 vertex 47: ground 600189.359742 m, vertex 600218.012046 m, +28652.304 mm above the ground
[RockPrecisionFixDiag]   rock 'Kerbin Zn3010000130' 'Tree00' #1 vertex 31: ground 600189.109493 m, vertex 600218.015180 m, +28905.687 mm above the ground
[RockPrecisionFixDiag]   rock 'Kerbin Zn3010000130' 'Tree00' #1 vertex 55: ground 600188.867735 m, vertex 600218.018171 m, +29150.436 mm above the ground
[RockPrecisionFixDiag]   rock 'Kerbin Zn3010000130' 'Tree00' #1 vertex 39: ground 600190.510351 m, vertex 600218.009061 m, +27498.710 mm above the ground
[RockPrecisionFixDiag]   rock 'Kerbin Zn3010000130' 'Tree00' #1 vertex 48: ground 600190.099008 m, vertex 600198.898656 m, +8799.648 mm above the ground
[RockPrecisionFixDiag]   rock 'Kerbin Zn3010000130' 'Tree00' #1 vertex 37: ground 600189.108726 m, vertex 600198.905057 m, +9796.331 mm above the ground
[RockPrecisionFixDiag]   rock 'Kerbin Zn3010000130' 'Tree00' #1 vertex 40: ground 600190.109922 m, vertex 600198.900758 m, +8790.836 mm above the ground
[RockPrecisionFixDiag]   rock 'Kerbin Zn3010000130' 'Tree00' #1 vertex 12: ground 600189.113773 m, vertex 600207.606534 m, +18492.761 mm above the ground
[RockPrecisionFixDiag]   rock 'Kerbin Zn3010000130' 'Tree00' #1 vertex 32: ground 600188.777828 m, vertex 600198.907240 m, +10129.412 mm above the ground
[RockPrecisionFixDiag]   rock 'Kerbin Zn3010000130' 'Tree00' #2 vertex 11: ground 600190.536943 m, vertex 600188.838802 m, -1698.141 mm above the ground
[RockPrecisionFixDiag]   rock 'Kerbin Zn3010000130' 'Tree00' #2 vertex 47: ground 600189.744386 m, vertex 600243.514072 m, +53769.686 mm above the ground
[RockPrecisionFixDiag]   rock 'Kerbin Zn3010000130' 'Tree00' #2 vertex 31: ground 600192.457036 m, vertex 600243.501935 m, +51044.899 mm above the ground
[RockPrecisionFixDiag]   rock 'Kerbin Zn3010000130' 'Tree00' #2 vertex 55: ground 600190.648693 m, vertex 600243.485964 m, +52837.271 mm above the ground
[RockPrecisionFixDiag]   rock 'Kerbin Zn3010000130' 'Tree00' #2 vertex 39: ground 600191.459543 m, vertex 600243.530043 m, +52070.500 mm above the ground
[RockPrecisionFixDiag]   rock 'Kerbin Zn3010000130' 'Tree00' #2 vertex 48: ground 600190.951680 m, vertex 600208.854242 m, +17902.562 mm above the ground
[RockPrecisionFixDiag]   rock 'Kerbin Zn3010000130' 'Tree00' #2 vertex 37: ground 600189.346532 m, vertex 600208.823262 m, +19476.730 mm above the ground
[RockPrecisionFixDiag]   rock 'Kerbin Zn3010000130' 'Tree00' #2 vertex 40: ground 600192.059641 m, vertex 600208.846193 m, +16786.552 mm above the ground
[RockPrecisionFixDiag]   rock 'Kerbin Zn3010000130' 'Tree00' #2 vertex 12: ground 600190.278696 m, vertex 600224.624558 m, +34345.863 mm above the ground
[RockPrecisionFixDiag]   rock 'Kerbin Zn3010000130' 'Tree00' #2 vertex 32: ground 600191.837413 m, vertex 600208.814884 m, +16977.471 mm above the ground
[RockPrecisionFixDiag]   rock 'Kerbin Zn3010000130' 'Tree00' #3 vertex 11: ground 600204.532945 m, vertex 600203.406503 m, -1126.443 mm above the ground
[RockPrecisionFixDiag]   rock 'Kerbin Zn3010000130' 'Tree00' #3 vertex 47: ground 600204.412062 m, vertex 600218.614197 m, +14202.135 mm above the ground
[RockPrecisionFixDiag]   rock 'Kerbin Zn3010000130' 'Tree00' #3 vertex 31: ground 600204.638892 m, vertex 600218.628853 m, +13989.962 mm above the ground
[RockPrecisionFixDiag]   rock 'Kerbin Zn3010000130' 'Tree00' #3 vertex 55: ground 600204.382188 m, vertex 600218.621280 m, +14239.092 mm above the ground
[RockPrecisionFixDiag]   rock 'Kerbin Zn3010000130' 'Tree00' #3 vertex 39: ground 600204.668781 m, vertex 600218.621770 m, +13952.989 mm above the ground
[RockPrecisionFixDiag]   rock 'Kerbin Zn3010000130' 'Tree00' #3 vertex 48: ground 600204.543537 m, vertex 600208.965411 m, +4421.874 mm above the ground
[RockPrecisionFixDiag]   rock 'Kerbin Zn3010000130' 'Tree00' #3 vertex 37: ground 600204.344122 m, vertex 600208.965166 m, +4621.044 mm above the ground
[RockPrecisionFixDiag]   rock 'Kerbin Zn3010000130' 'Tree00' #3 vertex 40: ground 600204.707482 m, vertex 600208.975779 m, +4268.297 mm above the ground
[RockPrecisionFixDiag]   rock 'Kerbin Zn3010000130' 'Tree00' #3 vertex 12: ground 600204.522425 m, vertex 600213.365940 m, +8843.515 mm above the ground
[RockPrecisionFixDiag]   rock 'Kerbin Zn3010000130' 'Tree00' #3 vertex 32: ground 600204.507725 m, vertex 600208.975621 m, +4467.896 mm above the ground
[RockPrecisionFixDiag]   rock 'Kerbin Zn3010000130' 'Tree00' #4 vertex 11: ground 600201.620602 m, vertex 600200.407435 m, -1213.167 mm above the ground
[RockPrecisionFixDiag]   rock 'Kerbin Zn3010000130' 'Tree00' #4 vertex 47: ground 600202.023124 m, vertex 600241.551596 m, +39528.472 mm above the ground
[RockPrecisionFixDiag]   rock 'Kerbin Zn3010000130' 'Tree00' #4 vertex 31: ground 600201.095287 m, vertex 600241.584365 m, +40489.078 mm above the ground
[RockPrecisionFixDiag]   rock 'Kerbin Zn3010000130' 'Tree00' #4 vertex 55: ground 600200.722351 m, vertex 600241.570384 m, +40848.033 mm above the ground
[RockPrecisionFixDiag]   rock 'Kerbin Zn3010000130' 'Tree00' #4 vertex 39: ground 600202.084175 m, vertex 600241.565577 m, +39481.402 mm above the ground
[RockPrecisionFixDiag]   rock 'Kerbin Zn3010000130' 'Tree00' #4 vertex 48: ground 600202.425214 m, vertex 600215.446376 m, +13021.162 mm above the ground
[RockPrecisionFixDiag]   rock 'Kerbin Zn3010000130' 'Tree00' #4 vertex 37: ground 600201.227388 m, vertex 600215.449923 m, +14222.535 mm above the ground
[RockPrecisionFixDiag]   rock 'Kerbin Zn3010000130' 'Tree00' #4 vertex 40: ground 600201.546005 m, vertex 600215.469493 m, +13923.488 mm above the ground
[RockPrecisionFixDiag]   rock 'Kerbin Zn3010000130' 'Tree00' #4 vertex 12: ground 600201.685536 m, vertex 600227.350272 m, +25664.735 mm above the ground
[RockPrecisionFixDiag]   rock 'Kerbin Zn3010000130' 'Tree00' #4 vertex 32: ground 600200.811009 m, vertex 600215.473291 m, +14662.283 mm above the ground
[RockPrecisionFixDiag]   rock 'Kerbin Zn3010000130' 'Tree00' #5 vertex 11: ground 600193.490447 m, vertex 600192.278095 m, -1212.352 mm above the ground
[RockPrecisionFixDiag]   rock 'Kerbin Zn3010000130' 'Tree00' #5 vertex 47: ground 600195.016335 m, vertex 600226.441072 m, +31424.737 mm above the ground
[RockPrecisionFixDiag]   rock 'Kerbin Zn3010000130' 'Tree00' #5 vertex 31: ground 600193.083524 m, vertex 600226.453309 m, +33369.785 mm above the ground
[RockPrecisionFixDiag]   rock 'Kerbin Zn3010000130' 'Tree00' #5 vertex 55: ground 600193.638423 m, vertex 600226.449029 m, +32810.606 mm above the ground
[RockPrecisionFixDiag]   rock 'Kerbin Zn3010000130' 'Tree00' #5 vertex 39: ground 600193.599988 m, vertex 600226.445348 m, +32845.360 mm above the ground
[RockPrecisionFixDiag]   rock 'Kerbin Zn3010000130' 'Tree00' #5 vertex 48: ground 600194.640430 m, vertex 600204.768644 m, +10128.215 mm above the ground
[RockPrecisionFixDiag]   rock 'Kerbin Zn3010000130' 'Tree00' #5 vertex 37: ground 600194.547442 m, vertex 600204.771292 m, +10223.850 mm above the ground
[RockPrecisionFixDiag]   rock 'Kerbin Zn3010000130' 'Tree00' #5 vertex 40: ground 600193.158925 m, vertex 600204.777240 m, +11618.316 mm above the ground
[RockPrecisionFixDiag]   rock 'Kerbin Zn3010000130' 'Tree00' #5 vertex 12: ground 600193.543089 m, vertex 600214.644739 m, +21101.650 mm above the ground
[RockPrecisionFixDiag]   rock 'Kerbin Zn3010000130' 'Tree00' #5 vertex 32: ground 600193.276903 m, vertex 600204.780003 m, +11503.100 mm above the ground
[RockPrecisionFixDiag]   rock 'Kerbin Zn3010000130' 'Tree00' #6 vertex 11: ground 600197.186079 m, vertex 600195.966027 m, -1220.052 mm above the ground
[RockPrecisionFixDiag]   rock 'Kerbin Zn3010000130' 'Tree00' #6 vertex 47: ground 600197.235002 m, vertex 600220.838266 m, +23603.264 mm above the ground
[RockPrecisionFixDiag]   rock 'Kerbin Zn3010000130' 'Tree00' #6 vertex 31: ground 600197.145513 m, vertex 600220.838694 m, +23693.181 mm above the ground
[RockPrecisionFixDiag]   rock 'Kerbin Zn3010000130' 'Tree00' #6 vertex 55: ground 600197.483206 m, vertex 600220.829941 m, +23346.735 mm above the ground
[RockPrecisionFixDiag]   rock 'Kerbin Zn3010000130' 'Tree00' #6 vertex 39: ground 600196.872981 m, vertex 600220.847039 m, +23974.057 mm above the ground
[RockPrecisionFixDiag]   rock 'Kerbin Zn3010000130' 'Tree00' #6 vertex 48: ground 600197.008516 m, vertex 600205.068755 m, +8060.239 mm above the ground
[RockPrecisionFixDiag]   rock 'Kerbin Zn3010000130' 'Tree00' #6 vertex 37: ground 600197.429699 m, vertex 600205.056755 m, +7627.056 mm above the ground
[RockPrecisionFixDiag]   rock 'Kerbin Zn3010000130' 'Tree00' #6 vertex 40: ground 600196.931465 m, vertex 600205.069285 m, +8137.820 mm above the ground
[RockPrecisionFixDiag]   rock 'Kerbin Zn3010000130' 'Tree00' #6 vertex 12: ground 600197.183290 m, vertex 600212.247237 m, +15063.947 mm above the ground
[RockPrecisionFixDiag]   rock 'Kerbin Zn3010000130' 'Tree00' #6 vertex 32: ground 600197.367941 m, vertex 600205.057187 m, +7689.246 mm above the ground
[RockPrecisionFixDiag]   rock 'Kerbin Zn3010000130' 'Tree00' #7 vertex 11: ground 600202.711036 m, vertex 600201.352764 m, -1358.272 mm above the ground
[RockPrecisionFixDiag]   rock 'Kerbin Zn3010000130' 'Tree00' #7 vertex 47: ground 600202.548413 m, vertex 600254.778680 m, +52230.267 mm above the ground
[RockPrecisionFixDiag]   rock 'Kerbin Zn3010000130' 'Tree00' #7 vertex 31: ground 600202.529890 m, vertex 600254.841470 m, +52311.580 mm above the ground
[RockPrecisionFixDiag]   rock 'Kerbin Zn3010000130' 'Tree00' #7 vertex 55: ground 600202.545935 m, vertex 600254.807952 m, +52262.017 mm above the ground
[RockPrecisionFixDiag]   rock 'Kerbin Zn3010000130' 'Tree00' #7 vertex 39: ground 600203.145253 m, vertex 600254.812182 m, +51666.928 mm above the ground
[RockPrecisionFixDiag]   rock 'Kerbin Zn3010000130' 'Tree00' #7 vertex 48: ground 600203.192145 m, vertex 600220.880364 m, +17688.220 mm above the ground
[RockPrecisionFixDiag]   rock 'Kerbin Zn3010000130' 'Tree00' #7 vertex 37: ground 600202.178102 m, vertex 600220.877800 m, +18699.698 mm above the ground
[RockPrecisionFixDiag]   rock 'Kerbin Zn3010000130' 'Tree00' #7 vertex 40: ground 600202.723279 m, vertex 600220.924826 m, +18201.548 mm above the ground
[RockPrecisionFixDiag]   rock 'Kerbin Zn3010000130' 'Tree00' #7 vertex 12: ground 600202.740619 m, vertex 600236.344310 m, +33603.692 mm above the ground
[RockPrecisionFixDiag]   rock 'Kerbin Zn3010000130' 'Tree00' #7 vertex 32: ground 600202.474725 m, vertex 600220.922612 m, +18447.887 mm above the ground
[RockPrecisionFixDiag]   rock 'Kerbin Zn3010000130' 'Tree00' #8 vertex 11: ground 600189.812000 m, vertex 600188.490820 m, -1321.180 mm above the ground
[RockPrecisionFixDiag]   rock 'Kerbin Zn3010000130' 'Tree00' #8 vertex 47: ground 600191.839713 m, vertex 600237.619695 m, +45779.982 mm above the ground
[RockPrecisionFixDiag]   rock 'Kerbin Zn3010000130' 'Tree00' #8 vertex 31: ground 600189.867533 m, vertex 600237.619107 m, +47751.574 mm above the ground
[RockPrecisionFixDiag]   rock 'Kerbin Zn3010000130' 'Tree00' #8 vertex 55: ground 600189.588431 m, vertex 600237.630664 m, +48042.233 mm above the ground
[RockPrecisionFixDiag]   rock 'Kerbin Zn3010000130' 'Tree00' #8 vertex 39: ground 600190.261134 m, vertex 600237.608148 m, +47347.014 mm above the ground
[RockPrecisionFixDiag]   rock 'Kerbin Zn3010000130' 'Tree00' #8 vertex 48: ground 600191.320994 m, vertex 600206.450947 m, +15129.953 mm above the ground
[RockPrecisionFixDiag]   rock 'Kerbin Zn3010000130' 'Tree00' #8 vertex 37: ground 600191.066919 m, vertex 600206.466710 m, +15399.791 mm above the ground
[RockPrecisionFixDiag]   rock 'Kerbin Zn3010000130' 'Tree00' #8 vertex 40: ground 600190.245490 m, vertex 600206.450254 m, +16204.765 mm above the ground
[RockPrecisionFixDiag]   rock 'Kerbin Zn3010000130' 'Tree00' #8 vertex 12: ground 600189.842910 m, vertex 600220.650059 m, +30807.149 mm above the ground
[RockPrecisionFixDiag]   rock 'Kerbin Zn3010000130' 'Tree00' #8 vertex 32: ground 600189.385011 m, vertex 600206.466154 m, +17081.143 mm above the ground
[RockPrecisionFixDiag]   rock 'Kerbin Zn3010000130' 'Tree00' #9 vertex 11: ground 600217.523132 m, vertex 600216.507738 m, -1015.394 mm above the ground
[RockPrecisionFixDiag]   rock 'Kerbin Zn3010000130' 'Tree00' #9 vertex 47: ground 600218.443993 m, vertex 600236.504577 m, +18060.583 mm above the ground
[RockPrecisionFixDiag]   rock 'Kerbin Zn3010000130' 'Tree00' #9 vertex 31: ground 600216.758493 m, vertex 600236.509177 m, +19750.684 mm above the ground
[RockPrecisionFixDiag]   rock 'Kerbin Zn3010000130' 'Tree00' #9 vertex 55: ground 600216.956719 m, vertex 600236.519239 m, +19562.520 mm above the ground
[RockPrecisionFixDiag]   rock 'Kerbin Zn3010000130' 'Tree00' #9 vertex 39: ground 600218.391393 m, vertex 600236.494511 m, +18103.118 mm above the ground
[RockPrecisionFixDiag]   rock 'Kerbin Zn3010000130' 'Tree00' #9 vertex 48: ground 600218.734555 m, vertex 600223.811183 m, +5076.628 mm above the ground
[RockPrecisionFixDiag]   rock 'Kerbin Zn3010000130' 'Tree00' #9 vertex 37: ground 600217.705681 m, vertex 600223.828564 m, +6122.883 mm above the ground
[RockPrecisionFixDiag]   rock 'Kerbin Zn3010000130' 'Tree00' #9 vertex 40: ground 600217.548709 m, vertex 600223.814171 m, +6265.463 mm above the ground
[RockPrecisionFixDiag]   rock 'Kerbin Zn3010000130' 'Tree00' #9 vertex 12: ground 600217.647815 m, vertex 600229.599148 m, +11951.334 mm above the ground
[RockPrecisionFixDiag]   rock 'Kerbin Zn3010000130' 'Tree00' #9 vertex 32: ground 600216.525439 m, vertex 600223.831717 m, +7306.278 mm above the ground
[RockPrecisionFixDiag]   rock 'Kerbin Zn3010000130' 'Tree00' #10 vertex 11: ground 600211.885677 m, vertex 600210.552449 m, -1333.229 mm above the ground
[RockPrecisionFixDiag]   rock 'Kerbin Zn3010000130' 'Tree00' #10 vertex 47: ground 600210.277887 m, vertex 600256.317119 m, +46039.232 mm above the ground
[RockPrecisionFixDiag]   rock 'Kerbin Zn3010000130' 'Tree00' #10 vertex 31: ground 600212.156545 m, vertex 600256.329525 m, +44172.980 mm above the ground
[RockPrecisionFixDiag]   rock 'Kerbin Zn3010000130' 'Tree00' #10 vertex 55: ground 600211.011499 m, vertex 600256.345317 m, +45333.818 mm above the ground
[RockPrecisionFixDiag]   rock 'Kerbin Zn3010000130' 'Tree00' #10 vertex 39: ground 600212.710878 m, vertex 600256.301296 m, +43590.418 mm above the ground
[RockPrecisionFixDiag]   rock 'Kerbin Zn3010000130' 'Tree00' #10 vertex 48: ground 600211.476561 m, vertex 600227.271473 m, +15794.912 mm above the ground
[RockPrecisionFixDiag]   rock 'Kerbin Zn3010000130' 'Tree00' #10 vertex 37: ground 600209.660231 m, vertex 600227.302386 m, +17642.155 mm above the ground
[RockPrecisionFixDiag]   rock 'Kerbin Zn3010000130' 'Tree00' #10 vertex 40: ground 600212.700111 m, vertex 600227.279710 m, +14579.598 mm above the ground
[RockPrecisionFixDiag]   rock 'Kerbin Zn3010000130' 'Tree00' #10 vertex 12: ground 600211.874465 m, vertex 600240.513729 m, +28639.264 mm above the ground
[RockPrecisionFixDiag]   rock 'Kerbin Zn3010000130' 'Tree00' #10 vertex 32: ground 600211.482129 m, vertex 600227.310980 m, +15828.851 mm above the ground
[RockPrecisionFixDiag]   rock 'Kerbin Zn3010000130' 'Tree00' #11 vertex 11: ground 600194.300104 m, vertex 600192.358315 m, -1941.789 mm above the ground
[RockPrecisionFixDiag]   rock 'Kerbin Zn3010000130' 'Tree00' #11 vertex 47: ground 600194.094809 m, vertex 600244.291359 m, +50196.549 mm above the ground
[RockPrecisionFixDiag]   rock 'Kerbin Zn3010000130' 'Tree00' #11 vertex 31: ground 600194.186821 m, vertex 600244.258280 m, +50071.458 mm above the ground
[RockPrecisionFixDiag]   rock 'Kerbin Zn3010000130' 'Tree00' #11 vertex 55: ground 600195.925530 m, vertex 600244.264951 m, +48339.421 mm above the ground
[RockPrecisionFixDiag]   rock 'Kerbin Zn3010000130' 'Tree00' #11 vertex 39: ground 600192.368116 m, vertex 600244.284690 m, +51916.574 mm above the ground
[RockPrecisionFixDiag]   rock 'Kerbin Zn3010000130' 'Tree00' #11 vertex 48: ground 600192.751840 m, vertex 600211.366513 m, +18614.673 mm above the ground
[RockPrecisionFixDiag]   rock 'Kerbin Zn3010000130' 'Tree00' #11 vertex 37: ground 600195.443885 m, vertex 600211.352466 m, +15908.581 mm above the ground
[RockPrecisionFixDiag]   rock 'Kerbin Zn3010000130' 'Tree00' #11 vertex 40: ground 600192.964082 m, vertex 600211.343371 m, +18379.289 mm above the ground
[RockPrecisionFixDiag]   rock 'Kerbin Zn3010000130' 'Tree00' #11 vertex 12: ground 600194.268896 m, vertex 600226.342695 m, +32073.799 mm above the ground
[RockPrecisionFixDiag]   rock 'Kerbin Zn3010000130' 'Tree00' #11 vertex 32: ground 600195.381878 m, vertex 600211.329003 m, +15947.125 mm above the ground
[RockPrecisionFixDiag]   rock 'Kerbin Zn3010000130' 'Tree00' #12 vertex 11: ground 600189.088541 m, vertex 600188.330963 m, -757.578 mm above the ground
[RockPrecisionFixDiag]   rock 'Kerbin Zn3010000130' 'Tree00' #12 vertex 47: ground 600189.624364 m, vertex 600236.360971 m, +46736.606 mm above the ground
[RockPrecisionFixDiag]   rock 'Kerbin Zn3010000130' 'Tree00' #12 vertex 31: ground 600188.732951 m, vertex 600236.359108 m, +47626.157 mm above the ground
[RockPrecisionFixDiag]   rock 'Kerbin Zn3010000130' 'Tree00' #12 vertex 55: ground 600188.810186 m, vertex 600236.362384 m, +47552.198 mm above the ground
[RockPrecisionFixDiag]   rock 'Kerbin Zn3010000130' 'Tree00' #12 vertex 39: ground 600189.444272 m, vertex 600236.357702 m, +46913.429 mm above the ground
[RockPrecisionFixDiag]   rock 'Kerbin Zn3010000130' 'Tree00' #12 vertex 48: ground 600189.689842 m, vertex 600205.895950 m, +16206.107 mm above the ground
[RockPrecisionFixDiag]   rock 'Kerbin Zn3010000130' 'Tree00' #12 vertex 37: ground 600188.885182 m, vertex 600205.899214 m, +17014.033 mm above the ground
[RockPrecisionFixDiag]   rock 'Kerbin Zn3010000130' 'Tree00' #12 vertex 40: ground 600189.045989 m, vertex 600205.894568 m, +16848.580 mm above the ground
[RockPrecisionFixDiag]   rock 'Kerbin Zn3010000130' 'Tree00' #12 vertex 12: ground 600189.148327 m, vertex 600219.770377 m, +30622.050 mm above the ground
[RockPrecisionFixDiag]   rock 'Kerbin Zn3010000130' 'Tree00' #12 vertex 32: ground 600188.740048 m, vertex 600205.897858 m, +17157.811 mm above the ground
[RockPrecisionFixDiag]   rock 'Kerbin Zn3010000130' 'Tree00' #13 vertex 11: ground 600188.191988 m, vertex 600186.773423 m, -1418.565 mm above the ground
[RockPrecisionFixDiag]   rock 'Kerbin Zn3010000130' 'Tree00' #13 vertex 47: ground 600187.740915 m, vertex 600209.942790 m, +22201.875 mm above the ground
[RockPrecisionFixDiag]   rock 'Kerbin Zn3010000130' 'Tree00' #13 vertex 31: ground 600188.534271 m, vertex 600209.937936 m, +21403.665 mm above the ground
[RockPrecisionFixDiag]   rock 'Kerbin Zn3010000130' 'Tree00' #13 vertex 55: ground 600188.189375 m, vertex 600209.939607 m, +21750.232 mm above the ground
[RockPrecisionFixDiag]   rock 'Kerbin Zn3010000130' 'Tree00' #13 vertex 39: ground 600188.084610 m, vertex 600209.941122 m, +21856.512 mm above the ground
[RockPrecisionFixDiag]   rock 'Kerbin Zn3010000130' 'Tree00' #13 vertex 48: ground 600187.792606 m, vertex 600195.248826 m, +7456.220 mm above the ground
[RockPrecisionFixDiag]   rock 'Kerbin Zn3010000130' 'Tree00' #13 vertex 37: ground 600187.893593 m, vertex 600195.247730 m, +7354.136 mm above the ground
[RockPrecisionFixDiag]   rock 'Kerbin Zn3010000130' 'Tree00' #13 vertex 40: ground 600188.375734 m, vertex 600195.245411 m, +6869.678 mm above the ground
[RockPrecisionFixDiag]   rock 'Kerbin Zn3010000130' 'Tree00' #13 vertex 12: ground 600188.144514 m, vertex 600201.938412 m, +13793.898 mm above the ground
[RockPrecisionFixDiag]   rock 'Kerbin Zn3010000130' 'Tree00' #13 vertex 32: ground 600188.458842 m, vertex 600195.244281 m, +6785.439 mm above the ground
[RockPrecisionFixDiag]   rock 'Kerbin Zn3010000130' 'Tree00' #14 vertex 11: ground 600198.164780 m, vertex 600196.843200 m, -1321.580 mm above the ground
[RockPrecisionFixDiag]   rock 'Kerbin Zn3010000130' 'Tree00' #14 vertex 47: ground 600197.815277 m, vertex 600230.488352 m, +32673.076 mm above the ground
[RockPrecisionFixDiag]   rock 'Kerbin Zn3010000130' 'Tree00' #14 vertex 31: ground 600198.576121 m, vertex 600230.482984 m, +31906.862 mm above the ground
[RockPrecisionFixDiag]   rock 'Kerbin Zn3010000130' 'Tree00' #14 vertex 55: ground 600198.839863 m, vertex 600230.499720 m, +31659.857 mm above the ground
[RockPrecisionFixDiag]   rock 'Kerbin Zn3010000130' 'Tree00' #14 vertex 39: ground 600197.231671 m, vertex 600230.471627 m, +33239.956 mm above the ground
[RockPrecisionFixDiag]   rock 'Kerbin Zn3010000130' 'Tree00' #14 vertex 48: ground 600197.389724 m, vertex 600209.139317 m, +11749.594 mm above the ground
[RockPrecisionFixDiag]   rock 'Kerbin Zn3010000130' 'Tree00' #14 vertex 37: ground 600198.419304 m, vertex 600209.158974 m, +10739.671 mm above the ground
[RockPrecisionFixDiag]   rock 'Kerbin Zn3010000130' 'Tree00' #14 vertex 40: ground 600197.527672 m, vertex 600209.135161 m, +11607.489 mm above the ground
[RockPrecisionFixDiag]   rock 'Kerbin Zn3010000130' 'Tree00' #14 vertex 12: ground 600198.135689 m, vertex 600218.865585 m, +20729.896 mm above the ground
[RockPrecisionFixDiag]   rock 'Kerbin Zn3010000130' 'Tree00' #14 vertex 32: ground 600198.949052 m, vertex 600209.154968 m, +10205.916 mm above the ground
[RockPrecisionFixDiag]   rock 'Kerbin Zn3010000130' 'Tree00' #15 vertex 11: ground 600199.747266 m, vertex 600198.338300 m, -1408.966 mm above the ground
[RockPrecisionFixDiag]   rock 'Kerbin Zn3010000130' 'Tree00' #15 vertex 47: ground 600200.593512 m, vertex 600222.571673 m, +21978.160 mm above the ground
[RockPrecisionFixDiag]   rock 'Kerbin Zn3010000130' 'Tree00' #15 vertex 31: ground 600199.113655 m, vertex 600222.591879 m, +23478.224 mm above the ground
[RockPrecisionFixDiag]   rock 'Kerbin Zn3010000130' 'Tree00' #15 vertex 55: ground 600199.700609 m, vertex 600222.578201 m, +22877.592 mm above the ground
[RockPrecisionFixDiag]   rock 'Kerbin Zn3010000130' 'Tree00' #15 vertex 39: ground 600200.006604 m, vertex 600222.585327 m, +22578.723 mm above the ground
[RockPrecisionFixDiag]   rock 'Kerbin Zn3010000130' 'Tree00' #15 vertex 48: ground 600200.491451 m, vertex 600207.199387 m, +6707.936 mm above the ground
[RockPrecisionFixDiag]   rock 'Kerbin Zn3010000130' 'Tree00' #15 vertex 37: ground 600200.267845 m, vertex 600207.194534 m, +6926.688 mm above the ground
[RockPrecisionFixDiag]   rock 'Kerbin Zn3010000130' 'Tree00' #15 vertex 40: ground 600199.448976 m, vertex 600207.213759 m, +7764.783 mm above the ground
[RockPrecisionFixDiag]   rock 'Kerbin Zn3010000130' 'Tree00' #15 vertex 12: ground 600199.838059 m, vertex 600214.207528 m, +14369.469 mm above the ground
[RockPrecisionFixDiag]   rock 'Kerbin Zn3010000130' 'Tree00' #15 vertex 32: ground 600199.214216 m, vertex 600207.208993 m, +7994.777 mm above the ground
[RockPrecisionFixDiag]   rock 'Kerbin Zn3010000130' 'Tree00' #16 vertex 11: ground 600188.855133 m, vertex 600187.501817 m, -1353.316 mm above the ground
[RockPrecisionFixDiag]   rock 'Kerbin Zn3010000130' 'Tree00' #16 vertex 47: ground 600189.494156 m, vertex 600229.899233 m, +40405.077 mm above the ground
[RockPrecisionFixDiag]   rock 'Kerbin Zn3010000130' 'Tree00' #16 vertex 31: ground 600189.243018 m, vertex 600229.879325 m, +40636.308 mm above the ground
[RockPrecisionFixDiag]   rock 'Kerbin Zn3010000130' 'Tree00' #16 vertex 55: ground 600188.415240 m, vertex 600229.881855 m, +41466.615 mm above the ground
[RockPrecisionFixDiag]   rock 'Kerbin Zn3010000130' 'Tree00' #16 vertex 39: ground 600189.346229 m, vertex 600229.896706 m, +40550.476 mm above the ground
[RockPrecisionFixDiag]   rock 'Kerbin Zn3010000130' 'Tree00' #16 vertex 48: ground 600189.595084 m, vertex 600203.017786 m, +13422.702 mm above the ground
[RockPrecisionFixDiag]   rock 'Kerbin Zn3010000130' 'Tree00' #16 vertex 37: ground 600189.007586 m, vertex 600203.007249 m, +13999.663 mm above the ground
[RockPrecisionFixDiag]   rock 'Kerbin Zn3010000130' 'Tree00' #16 vertex 40: ground 600189.488843 m, vertex 600203.003891 m, +13515.047 mm above the ground
[RockPrecisionFixDiag]   rock 'Kerbin Zn3010000130' 'Tree00' #16 vertex 12: ground 600188.817255 m, vertex 600215.248465 m, +26431.210 mm above the ground
[RockPrecisionFixDiag]   rock 'Kerbin Zn3010000130' 'Tree00' #16 vertex 32: ground 600188.767249 m, vertex 600202.993144 m, +14225.896 mm above the ground
[RockPrecisionFixDiag]   rock 'Kerbin Zn3010000130' 'Tree00' #17 vertex 11: ground 600203.001326 m, vertex 600201.885179 m, -1116.148 mm above the ground
[RockPrecisionFixDiag]   rock 'Kerbin Zn3010000130' 'Tree00' #17 vertex 47: ground 600203.218478 m, vertex 600220.798153 m, +17579.676 mm above the ground
[RockPrecisionFixDiag]   rock 'Kerbin Zn3010000130' 'Tree00' #17 vertex 31: ground 600202.822150 m, vertex 600220.810407 m, +17988.257 mm above the ground
[RockPrecisionFixDiag]   rock 'Kerbin Zn3010000130' 'Tree00' #17 vertex 55: ground 600202.683708 m, vertex 600220.808588 m, +18124.880 mm above the ground
[RockPrecisionFixDiag]   rock 'Kerbin Zn3010000130' 'Tree00' #17 vertex 39: ground 600202.632270 m, vertex 600220.799971 m, +18167.701 mm above the ground
[RockPrecisionFixDiag]   rock 'Kerbin Zn3010000130' 'Tree00' #17 vertex 48: ground 600202.880892 m, vertex 600208.796447 m, +5915.555 mm above the ground
[RockPrecisionFixDiag]   rock 'Kerbin Zn3010000130' 'Tree00' #17 vertex 37: ground 600202.953234 m, vertex 600208.802557 m, +5849.323 mm above the ground
[RockPrecisionFixDiag]   rock 'Kerbin Zn3010000130' 'Tree00' #17 vertex 40: ground 600202.633248 m, vertex 600208.805002 m, +6171.753 mm above the ground
[RockPrecisionFixDiag]   rock 'Kerbin Zn3010000130' 'Tree00' #17 vertex 12: ground 600203.036269 m, vertex 600214.269376 m, +11233.108 mm above the ground
[RockPrecisionFixDiag]   rock 'Kerbin Zn3010000130' 'Tree00' #17 vertex 32: ground 600202.630600 m, vertex 600208.811249 m, +6180.650 mm above the ground
[RockPrecisionFixDiag] End of record 11: 64 quads with rocks, 118 holders (0 not built yet); nearest quad 'Kerbin Zn3010000130': 218 rocks, 1780 vertices measured, 0 without ground under them
